# Host: rm-2ze125ne5236itso9o.mysql.rds.aliyuncs.com  (Version: 5.6.34)
# Date: 2017-10-24 18:57:12
# Generator: MySQL-Front 5.3  (Build 4.234)

/*!40101 SET NAMES utf8 */;

#
# Structure for table "test"
#

DROP TABLE IF EXISTS `test`;
CREATE TABLE `test` (
  `id` int(11) NOT NULL AUTO_INCREMENT,
  `name` varchar(255) DEFAULT NULL,
  `seconds` int(11) NOT NULL DEFAULT '0',
  `create_time` int(11) NOT NULL DEFAULT '0',
  PRIMARY KEY (`id`)
) ENGINE=InnoDB AUTO_INCREMENT=8 DEFAULT CHARSET=utf8;

#
# Data for table "test"
#

INSERT INTO `test` VALUES (1,'Tony',120,1508204938),(2,'李晓',7200,1508204999),(3,'张张',30,0),(4,'李莉',20,0),(5,'啦啦',19,0),(6,'美美',19,0),(7,'红红',20,0);

#
# Structure for table "xds_act_plan"
#

DROP TABLE IF EXISTS `xds_act_plan`;
CREATE TABLE `xds_act_plan` (
  `id` char(36) NOT NULL DEFAULT '',
  `community_id` char(36) NOT NULL DEFAULT '' COMMENT '外键，关联所属行动社群ID',
  `name` varchar(64) NOT NULL DEFAULT '' COMMENT '行动计划名称',
  `cover_image` varchar(127) NOT NULL DEFAULT '' COMMENT '封面图片',
  `description` varchar(255) NOT NULL DEFAULT '' COMMENT '行动计划简介',
  `fee` decimal(10,2) NOT NULL DEFAULT '0.00' COMMENT '费用',
  `mode` enum('0','1') NOT NULL DEFAULT '0' COMMENT '0 普通模式 1 普通模式+挑战者模式',
  `total_participant` int(11) unsigned NOT NULL DEFAULT '99' COMMENT '累计参与人数',
  `task_num` int(11) unsigned NOT NULL DEFAULT '0' COMMENT '内含任务总数',
  `create_time` int(10) unsigned NOT NULL DEFAULT '0' COMMENT '创建时间',
  `update_time` int(11) NOT NULL DEFAULT '0',
  `delete_time` int(10) unsigned NOT NULL DEFAULT '0' COMMENT '删除时间',
  PRIMARY KEY (`id`),
  KEY `community_id` (`community_id`,`mode`)
) ENGINE=InnoDB DEFAULT CHARSET=utf8 COMMENT='行动计划表';

#
# Data for table "xds_act_plan"
#

INSERT INTO `xds_act_plan` VALUES ('0b5c4926-860f-3c9c-f7dc-196937ecbced','7d081b3c-1c59-b827-d71a-561c58db5a87','为你读诗','http://xds-test.oss-cn-beijing.aliyuncs.com/user-dir/UHzSB59u8z930tCxWuceJs9C97s1x3JC.png','诗歌是生活是美好，每日为孩子夜诵，伴随孩子进入甜蜜的梦境。',29.00,'1',100,0,1508294590,1508294590,0),('0ef9462a-d1a4-4089-3025-0a053ea110e8','e20d3eea-4164-01ab-fd23-aa2e93836b09','耳机日久见是埃及卡吗','http://xds-test.oss-cn-beijing.aliyuncs.com/user-dir/9va49YvX1TtL2L1RKCeC7dWJUR65GT9e.png','大家极大的九十斤说你什么吗',20.00,'1',99,0,1506318401,1506318401,0),('0f6f6fba-c7ab-a432-d47a-0ff04b75a972','76826caa-6894-f6b9-3ac3-de33e01879c2','行动计划004','http://api.xingdongshe.com/images/nx-xds-logo.jpg','004简介',19.00,'0',101,2,1504764696,1504764696,0),('185b6957-3732-3ca0-3b96-8fd9a7295363','76826caa-6894-f6b9-3ac3-de33e01879c2','行动计划001','http://api.xingdongshe.com/images/nx-xds-logo.jpg','001简介',20.00,'1',104,0,1503975099,1503977300,0),('186e78c3-d884-40b0-5b4b-87991525f143','523255d2-8de8-3a03-ea11-26c4a0099866','2222','http://xds-test.oss-cn-beijing.aliyuncs.com/user-dir/GHzTWncjzvir5FVnVh81UiLdWHVnkBBp.png','4444',2.00,'0',100,0,1506318459,1506318459,0),('194d762c-b1c4-1a41-94cb-249da58a1378','a7e3276b-95c7-806f-c6c9-a6d004011c15','1016','http://xds-test.oss-cn-beijing.aliyuncs.com/user-dir/qU21ueGDruiWyzGaYxKG3umBTyVkK0bH.png','去去去去去',1.00,'0',102,2,1508138623,1508138623,0),('2eab278c-a0fd-b21f-3cbb-262a928ce51f','892c80b0-750c-0742-c6a4-5c1105285bee','这是第四个行动计划','http://weixin.xingdongshe.com/static/img/user/img4.png','这是行动计划的简介',45.00,'0',100,0,1505383596,1505383596,0),('391a0083-88e0-00cb-d570-e14735980bac','7d081b3c-1c59-b827-d71a-561c58db5a87','和孩子一起动手玩游戏，体会学乐无穷','http://xds-test.oss-cn-beijing.aliyuncs.com/user-dir/4wShckkuDXT1LrX3D8ufq7Th4hX5akVG.png','60个精心筛选的知识性小游戏，简单易操作，却蕴含着丰富的科学知识，能够让孩子在不知不觉中进入开发思维的最佳状态。不等了，现在就来试试吧！',49.00,'1',99,0,1508295726,1508295726,0),('48e7eb69-8b48-3ca2-e575-836db28c5256','a39fb9d1-42fb-96e6-9a4a-4e38e85237f6','计划一','http://xds-test.oss-cn-beijing.aliyuncs.com/user-dir/RUUxP9rY5Fk6XePvWy1undefinedsXGU1rDvwJmK.png','你的生活会是怎样',1.00,'0',101,1,1508832707,1508832707,0),('4ca6236d-d2e9-dd27-24b2-6f02459cbbe8','9b3c8069-acba-6686-3e35-a3dbc4872d8d','界面剂','http://xds-test.oss-cn-beijing.aliyuncs.com/user-dir/Kupfxiwt4RS5SLwsLRnT9wRyGDGQjcU9.png','许昊了',1.00,'1',100,6,1507703092,1507703092,0),('4cca7506-c80d-8311-281f-158a3fe74346','dc632f78-d7e8-18e6-1e37-d2e759329e7c','222','http://xds-test.oss-cn-beijing.aliyuncs.com/user-dir/SGssj87W3w40qvU2Yd1CWFvFPRUbEB8j.png','222',20.00,'1',100,0,1506653636,1506653636,0),('4db41cdd-ee87-54a9-9864-4c0efb4237e2','76826caa-6894-f6b9-3ac3-de33e01879c2','行动计划003','http://api.xingdongshe.com/images/nx-xds-logo.jpg','003简介',19.00,'0',101,0,1504763790,1504763790,0),('4e7f6f47-9b3e-b9c1-a5a7-bc8879f7ab4b','892c80b0-750c-0742-c6a4-5c1105285bee','这是第九个行动计划','http://weixin.xingdongshe.com/static/img/user/img4.png','这是行动计划的简介',45.00,'0',99,0,1505383653,1505383653,0),('503025f3-04d9-2d41-3d57-e18a662b443a','5e539f48-231e-7eb5-145c-646da24ae942','竖着耳朵的兔子','http://xds-test.oss-cn-beijing.aliyuncs.com/user-dir/BKrkPuj7kDQsn3cSB1QvgyFtQxGusGGi.png','这种下我说要求学院子大码女装店主银耳边防守望月城里孩子就算错',45.00,'1',102,2,1506069512,1506404101,0),('5294c02e-6f7c-de8d-6b83-754809954c7e','8321ad0b-7e93-2cc4-9db0-4032432e170d','三个月轻松玩转儿童简笔画','http://xds-test.oss-cn-beijing.aliyuncs.com/user-dir/HPKus2t4aUE9YsmEPDJJ0zVwW9DxdiyF.png','画里有童真，画里有你的全世界。',49.00,'1',100,0,1508297542,1508297542,0),('6232b1b0-24ae-15f7-5794-becb7edfc372','7d081b3c-1c59-b827-d71a-561c58db5a87','三个月轻松玩转简笔画','http://xds-test.oss-cn-beijing.aliyuncs.com/user-dir/gJundefinedBX74x0EwrGsundefinedjHG4zUcf3DuUnLUzj.png','图画是孩童的交流工具，让他们在绘画中表达对外界的认知、生活经验、情感、兴趣和愿望。与孩子一起画画，记录并反映他们的成长。',49.00,'0',99,0,1508293104,1508293104,0),('627066d0-b85e-b929-369d-767e5e99d45c','dc632f78-d7e8-18e6-1e37-d2e759329e7c','333','http://xds-test.oss-cn-beijing.aliyuncs.com/user-dir/YDVD8xH30eRHTGuCKWsVqHj6uhiBaVF9.png','333',33.00,'1',100,0,1506653673,1506653673,0),('66ab003d-e034-25d1-265d-d5e61fd5536f','1f83549c-7fb7-4c2a-27e0-0b11cfbd337b','测试任务的行动社','http://xds-test.oss-cn-beijing.aliyuncs.com/user-dir/crhYsmvrmXVYxa2aqHCntgGpja3ztSQ5.png','\n如题',1.00,'1',100,2,1508481746,1508481746,0),('67342c86-f436-a536-0be6-4e99b43eb66a','8f5aa4d9-7249-9515-80a9-ee8839a5db12','第一个行动计划','http://xds-test.oss-cn-beijing.aliyuncs.com/user-dir/65GpfB3EF6V440JRc4bL4yiUL2BgBU45.png','这里时间姐',0.00,'0',99,1,1508211188,1508211188,0),('6898ecc5-cb5b-c7cd-0cfc-79706b8a5473','9b3c8069-acba-6686-3e35-a3dbc4872d8d','魔肚肚疼的','http://xds-test.oss-cn-beijing.aliyuncs.com/user-dir/qCDCbuQE7aXVtmeyvyCBBundefinedp68Wj5EkgS.png','太抠了嗯呀',43.00,'1',100,2,1506580814,1506580814,0),('69a7e45a-fedd-649c-b075-645bb79cec4d','67ff98d2-677b-fb18-8dad-83a39b2e8766','先随便搞个别弹窗了','http://xds-test.oss-cn-beijing.aliyuncs.com/user-dir/Wu8PxeU8LQ7fPLY88c0v8fv0uyek9rWm.png','七七七七七七',5.00,'1',102,0,1507540386,1507540386,0),('69b6961c-d4f8-754a-1b3b-68277d8db3a0','5e539f48-231e-7eb5-145c-646da24ae942','是啊他用来吧','http://xds-test.oss-cn-beijing.aliyuncs.com/user-dir/sEtFxEuq4VHRn0y20Qd9skbV57Jvrg1k.png','这么大家伙食了个头条纹的连衣裙',33.00,'0',101,0,1506069720,1506069720,0),('6a7a3466-99be-d490-393b-862199fff6a4','a7e3276b-95c7-806f-c6c9-a6d004011c15','行动改','http://xds-test.oss-cn-beijing.aliyuncs.com/user-dir/Yj6cRsk5vfFzDrmvs5xdLQnGnkef9hn5.png','点就打晋级',1.00,'0',104,5,1506318236,1508292074,0),('6d68daf3-4f26-5b4c-229b-9907453a8781','5e539f48-231e-7eb5-145c-646da24ae942','这是从编辑页面过来的','http://xds-test.oss-cn-beijing.aliyuncs.com/user-dir/qCgDSh97BkBnbR6Kd7kr1tSqTHxp9LXE.png','你的时候就客家话就',48.00,'0',102,1,1506069331,1506575290,0),('705fb4c8-2542-b5c9-1205-e43ba6fa4e69','5e539f48-231e-7eb5-145c-646da24ae942','为你来自拍拍屁股份','http://xds-test.oss-cn-beijing.aliyuncs.com/user-dir/dxkBLT6pazundefinedGe4mV6DhzpmuaiG4iWgUU.png','是啊我们在家里程又是吗',45.00,'1',101,0,1506579912,1506579912,0),('728162a2-06b2-0053-7c30-d0a7e1350d7c','a7e3276b-95c7-806f-c6c9-a6d004011c15','qazwsxfs','http://xds-test.oss-cn-beijing.aliyuncs.com/user-dir/yqyfgr1dg2TYfcJ9EGartjmundefinedydnPtJc3.png','ddjsjjjj',40.00,'1',100,3,1506596210,1506596210,0),('7683c426-100a-8ba0-aec7-6377c0d997fc','a39fb9d1-42fb-96e6-9a4a-4e38e85237f6','感又很快速发展','http://xds-test.oss-cn-beijing.aliyuncs.com/user-dir/JXrLE1amuiC2m065nB794c7sdQjCzP7X.png','你是我们在一起床位出租司机',40.00,'1',101,1,1506580035,1506580035,0),('7f5e895d-5a2e-8e23-5af7-5a170be636d0','6bbad53c-f230-5f6d-56ae-7717d7ffe2c5','哈哈哈哈哈哈','http://xds-test.oss-cn-beijing.aliyuncs.com/user-dir/2mqundefinednSmm80EvhV4V27hxTz6n5QgPGCjR.png','哈哈哈哈哈哈',1.00,'1',99,0,1508308328,1508308328,0),('80e0efd0-7232-cd54-72fd-57b6811cb81f','ec685e49-3456-6a37-8220-be6bb35868ae','第一个行动社的第一个','http://xds-test.oss-cn-beijing.aliyuncs.com/user-dir/HWBH5gQXDay9Fhda4y5BWj8KPn4yLEBe.png','第一个行动社的第一个行动计划的简介',1.00,'1',107,2,1506322861,1508223348,0),('88e7a1f0-40d1-deb5-95a5-0d878f177e2a','8801efbd-1bd5-50d8-3b89-bea68d6a316c','行动计划1⃣️','http://xds-test.oss-cn-beijing.aliyuncs.com/user-dir/4ihkSwUrLjFWsJVcGFmk6aYebveDGm31.png','《我不》',9.90,'0',99,1,1508392004,1508392004,0),('8b93f5b0-927f-f4fb-0696-547bf81548a2','dc632f78-d7e8-18e6-1e37-d2e759329e7c','111','http://xds-test.oss-cn-beijing.aliyuncs.com/user-dir/ewymundefined2XFHs1RxhugPT611rkmkh7fruFq.png','222',30.00,'1',101,0,1506653583,1506653583,0),('8e53a120-c0cc-dde6-9cfe-e52ec40723b4','9b3c8069-acba-6686-3e35-a3dbc4872d8d','托管我啥事都没有','http://xds-test.oss-cn-beijing.aliyuncs.com/user-dir/h9Ly8QTjYtQdundefinedUru7GurJfJwxLivQUCR.png','去了啊我的天哪个好的嘛！',33.00,'1',100,1,1506594980,1506594980,0),('9032b796-0e00-ac1d-6dfb-b9d7ba9ca3d3','7d081b3c-1c59-b827-d71a-561c58db5a87','有话好好说，和你的孩子做朋友','http://xds-test.oss-cn-beijing.aliyuncs.com/user-dir/93rundefined6304w5DbqvD0KpQd6671iBYR7jJ6.png','做父母往往是一个惊喜与抓狂交织的过程，除了方便你一时情绪宣泄的打骂方式，不妨试着发挥你的聪明才智和创新能力，让你和孩子之间更多良性互动。',49.00,'0',99,0,1508293866,1508293918,0),('90756233-db97-0acd-5b4d-ca1607f9c7ea','892c80b0-750c-0742-c6a4-5c1105285bee','这是第六个行动计划','http://weixin.xingdongshe.com/static/img/user/img6.png','这是行动计划的简介',45.00,'0',99,0,1505383624,1505383624,0),('9360c704-5532-9ab2-812a-814b45f40e91','5f3d274c-0ab9-d9a6-8e5a-4a150f8ba29d','门诊量','http://xds-test.oss-cn-beijing.aliyuncs.com/user-dir/YgFig6zundefined9hejVWGJmKkuCUphnFEz6Cn5.png','巨魔王的哦五天八小时',48.00,'1',100,0,1506573042,1506573042,0),('9425baea-cf1d-5bb5-203a-91f72fcd18fd','892c80b0-750c-0742-c6a4-5c1105285bee','这是第五个行动计划','http://weixin.xingdongshe.com/static/img/user/img5.png','这是行动计划的简介',45.00,'0',100,0,1505383611,1505383611,0),('9b047d08-5096-6a4e-2603-7629673c3bf2','a7e3276b-95c7-806f-c6c9-a6d004011c15','行动eurifjsaj','http://xds-test.oss-cn-beijing.aliyuncs.com/user-dir/vYXxkvvdJ6Xp9FBCundefinedfPigqqbtqgWxzUH.png','点就打晋级案件的建设卡啊可',49.00,'1',103,5,1506318280,1506318280,0),('a88b4fc0-0652-d590-a162-4574de7b903d','892c80b0-750c-0742-c6a4-5c1105285bee','这是第一个行动计划','http://weixin.xingdongshe.com/static/img/user/img1.png','这是行动计划的简介',45.00,'0',101,10,1505383477,1505383477,0),('aa994cbb-d1a1-915d-aa1e-9efd52b70b8f','7d081b3c-1c59-b827-d71a-561c58db5a87','亲子故事--《三十六计》','http://xds-test.oss-cn-beijing.aliyuncs.com/user-dir/2iXyEtGE534qqTqfs63mck2awp9XLHLE.png','读史使人明智。《三十六计》是根据中国古代汉族军事思想和丰富的斗争经验总结而成的兵书，是中华民族历史悠久的非物质文化遗产之一。',36.00,'0',99,0,1508294388,1508294388,0),('ae006054-4185-5f46-c031-4ef2f6ceb4ff','76826caa-6894-f6b9-3ac3-de33e01879c2','行动计划002','http://api.xingdongshe.com/images/nx-xds-logo.jpg','002简介',19.00,'0',99,0,1505213933,1505213933,0),('aee0a494-0b37-0291-276e-7ec55f430c9b','5f3d274c-0ab9-d9a6-8e5a-4a150f8ba29d','季默','http://xds-test.oss-cn-beijing.aliyuncs.com/user-dir/hvreny0YzUzHjkLYXEsxHwcnundefinedpiQ1Xwj.png','巨魔王的',49.00,'1',100,0,1506572968,1506572968,0),('b885ed62-8eaa-6b98-213d-30ef17e2f189','76826caa-6894-f6b9-3ac3-de33e01879c2','行动计划002','http://api.xingdongshe.com/images/nx-xds-logo.jpg','002简介',19.00,'0',103,0,1504780182,1504780182,0),('b890bdde-48f4-28d9-6f24-3791b32a986e','76826caa-6894-f6b9-3ac3-de33e01879c2','行动计划002','http://api.xingdongshe.com/images/nx-xds-logo.jpg','002简介',1.00,'1',100,0,1504750325,1505268796,0),('b9819e90-164e-4728-1729-0a2683d27359','58d153d9-1702-e225-7cbc-59a453386bca','qwertyy','http://xds-test.oss-cn-beijing.aliyuncs.com/user-dir/WTSULEEr85sTvwwnyP87S43ggpain9kg.png','沙发上网费是阿阿阿方的',1.00,'0',100,6,1506318345,1506318345,0),('bace4a01-49da-ebc1-1057-b5be052e2d9f','a39fb9d1-42fb-96e6-9a4a-4e38e85237f6','计划三','http://xds-test.oss-cn-beijing.aliyuncs.com/user-dir/pJWmRTEuL3BHc97D1yundefined3SJ3KjQCxCrwx.png','是不是真的不能勉强大有好处于一个人所得税法',1.00,'1',100,0,1508832779,1508832779,0),('c3fa5b03-88db-5fe5-5c9c-6308a23ea4cf','5e539f48-231e-7eb5-145c-646da24ae942','这是挑战赛','http://xds-test.oss-cn-beijing.aliyuncs.com/user-dir/5JgTWgcWYGVGUkmbccY230j6VBmChu2s.png','挑战者联盟',1.00,'1',99,0,1507702627,1507702627,0),('c8b749ba-86bf-deaa-82a4-59dc7db14975','a39fb9d1-42fb-96e6-9a4a-4e38e85237f6','这个性感又很快速发展','http://xds-test.oss-cn-beijing.aliyuncs.com/user-dir/DzDYDPxj9zE3Sjha8aKEbLG0fUpcB2qu.png','你是我们的爱情会议论你是不是在一起床位出租司机',20.00,'0',101,3,1506579986,1506579986,0),('cc3c26eb-fe84-78c2-4ef6-d5bcb512a033','5f3d274c-0ab9-d9a6-8e5a-4a150f8ba29d','哦哟阿德莱德','http://xds-test.oss-cn-beijing.aliyuncs.com/user-dir/i8vGs1Kr74qR1ng5tgk29h96adi5X1Dundefined.png','诹少你无聊的时候',45.00,'0',100,0,1506573364,1506573364,0),('ce71f10a-fe5d-ed75-f49f-c61ca56536df','a39fb9d1-42fb-96e6-9a4a-4e38e85237f6','计划二','http://xds-test.oss-cn-beijing.aliyuncs.com/user-dir/K7ckFfnLuk9BztmRky5TrkQ1X0C6Wwde.png','不能自拔河中午夜时分时',5.00,'1',100,0,1508832745,1508832745,0),('cefdf1fd-4f85-f1d4-014b-24e3d3be2c7f','4bb22543-ec8c-e247-1f1e-b6d519811c90','从工作尚未开始到结束你需要知道的','http://xds-test.oss-cn-beijing.aliyuncs.com/user-dir/mBL2UjuTicmD8zJ7G4prrkT8pyK5aBiJ.png','游刃有余地处理一切在工作中可能遇到的问题，即使不能尽善尽美，至少做到有备而去。',24.00,'0',99,0,1508297077,1508297077,0),('d18b8df2-7d8f-c936-da01-17a98252b7ee','ec16645b-cc9c-a7c8-536f-955219154cd2','作为管理员创建的行动计划No.1','http://weixin.xingdongshe.com/static/img/user/img7.png','描述什么的最烦了!',33.00,'1',99,0,1505464333,1505464333,0),('d400d687-795f-e3eb-caa4-e3401f4bc348','a39fb9d1-42fb-96e6-9a4a-4e38e85237f6','修改一下','http://xds-test.oss-cn-beijing.aliyuncs.com/user-dir/9kaundefinedLFiQwqhxtDC5S6wDSYDDCwdnS7Ss.png','在一起床位紧张局势的变化',1.00,'1',101,2,1507702847,1508292079,0),('d5d1eb94-bebd-1f2f-bf31-23e1616f935e','5e539f48-231e-7eb5-145c-646da24ae942','强调节能够意思吧唧','http://xds-test.oss-cn-beijing.aliyuncs.com/user-dir/w7wg4w9HdQd0gfF7LLzprkU25q7Ft6c3.png','一定程度假水电费',45.00,'1',105,1,1506065696,1506075291,0),('d5dd2511-4020-6fc5-175b-ed02ecc88d86','5f3d274c-0ab9-d9a6-8e5a-4a150f8ba29d','魔图','http://xds-test.oss-cn-beijing.aliyuncs.com/user-dir/hundefinedHF1PdKw5HKj3Ejw0FtEVrEJ5Yn9k3s.png','猪头饼丝巾帼英雄',39.00,'1',100,0,1506575030,1506575030,0),('da3c2cf4-75ef-1c01-d295-2ecb1f4750e1','892c80b0-750c-0742-c6a4-5c1105285bee','这是第十个行动计划','http://weixin.xingdongshe.com/static/img/user/img4.png','这是行动计划的简介',45.00,'0',99,0,1505383661,1505383661,0),('e059d9f5-0b98-1a68-dd19-70e19c83da87','892c80b0-750c-0742-c6a4-5c1105285bee','这是第三个行动计划','http://weixin.xingdongshe.com/static/img/user/img3.png','这是行动计划的简介',45.00,'0',100,0,1505383582,1505383582,0),('e18ce753-d466-1234-5f23-7ef5b16bbdef','dc632f78-d7e8-18e6-1e37-d2e759329e7c','444','http://xds-test.oss-cn-beijing.aliyuncs.com/user-dir/kFV9DbKc6pavSgzJT59L572R4KRtdRzX.png','444',20.00,'1',100,0,1506656602,1506656602,0),('e4162903-c02c-3690-04b6-43234093607c','9b3c8069-acba-6686-3e35-a3dbc4872d8d','孔雀东南飞','http://xds-test.oss-cn-beijing.aliyuncs.com/user-dir/X1hkJ7EncrRf5kCBvz21YJSL2V5XcQTC.png','他问我',1.00,'0',100,1,1507703966,1507703966,0),('e71e2036-6d73-5aa4-471f-df9c2d1d1bcf','1f83549c-7fb7-4c2a-27e0-0b11cfbd337b','测试的行动社2','http://xds-test.oss-cn-beijing.aliyuncs.com/user-dir/BpGjundefined3Pk6zmmDULjBs8c97gYSfh5n8Eb.png','随意',1.00,'1',100,3,1508481916,1508481916,0),('e94a1ecd-4792-df95-7993-c86620495f85','2d186dae-8300-492a-fa64-5ed167ed8510','随便','http://xds-test.oss-cn-beijing.aliyuncs.com/user-dir/HXzcundefineddDefCEWisgykTEYQKgL36wh4qCs.png','随便',1.00,'1',99,0,1508744922,1508744922,0),('ef9c7602-db5d-5a87-b2d8-137a71632563','892c80b0-750c-0742-c6a4-5c1105285bee','这是第二个行动计划','http://weixin.xingdongshe.com/static/img/user/img2.png','这是行动计划的简介',45.00,'0',100,0,1505383572,1505383572,0),('f03b0eb6-245d-d349-5f61-d0f966fd90ce','5f3d274c-0ab9-d9a6-8e5a-4a150f8ba29d','哦哟哟','http://xds-test.oss-cn-beijing.aliyuncs.com/user-dir/undefinedEc7X93Wj0sxGfjhv73LHjmvundefinedBLtTQ2H.png','诹少蜗居呢饿不',46.00,'0',100,0,1506573238,1506573238,0),('f2c7eaa1-3a19-ec2c-0077-a8bb9dca9bb3','892c80b0-750c-0742-c6a4-5c1105285bee','这是第七个行动计划','http://weixin.xingdongshe.com/static/img/user/img7.png','这是行动计划的简介',45.00,'0',100,0,1505383634,1505383634,0),('f53c4e29-43f7-80a3-e5c5-36606a0725a1','892c80b0-750c-0742-c6a4-5c1105285bee','这是第八个行动计划','http://weixin.xingdongshe.com/static/img/user/img4.png','这是行动计划的简介',45.00,'0',100,0,1505383644,1505383644,0),('f7727250-7fa5-6898-1baf-fb31052cbd67','7d081b3c-1c59-b827-d71a-561c58db5a87','一天一点思维游戏','http://xds-test.oss-cn-beijing.aliyuncs.com/user-dir/n4vpFaRCDEQCuXQi0WEn0yLaundefinediE6Q2hT.png','每天和孩子一起玩一个思维游戏，开发多元智能，越玩越聪明！',30.00,'1',102,0,1508292590,1508292590,0),('f9dd182c-f623-2632-7f5f-d33f947782ae','4716c7f4-2195-0a17-2d7d-9cfed7a5cb3a','一天一点思维游戏','http://xds-test.oss-cn-beijing.aliyuncs.com/user-dir/dLfCXD2nwDiprFundefinedundefined3pE2SFundefinedKkLhTtLJd.png','越玩越聪明！',29.00,'1',99,0,1508296572,1508296572,0),('fad07257-cbc7-ca58-c5f4-502c387cd2f0','9b3c8069-acba-6686-3e35-a3dbc4872d8d','物语','http://xds-test.oss-cn-beijing.aliyuncs.com/user-dir/jXnk6zuDRE3undefinedeiv2qDQcvDsUiDwT3p5m.png','退咯么了悟偶遇',43.00,'1',100,0,1506594920,1506595017,0);

#
# Structure for table "xds_act_plan_record"
#

DROP TABLE IF EXISTS `xds_act_plan_record`;
CREATE TABLE `xds_act_plan_record` (
  `user_id` char(36) NOT NULL DEFAULT '' COMMENT '操作人ID',
  `act_plan_id` char(36) NOT NULL DEFAULT '' COMMENT '行动计划ID',
  `type` enum('0','1') NOT NULL DEFAULT '0' COMMENT '操作类型 0 创建 1 编辑',
  `create_time` int(11) NOT NULL DEFAULT '0' COMMENT '操作时间',
  KEY `user_id` (`user_id`,`act_plan_id`,`type`,`create_time`)
) ENGINE=InnoDB DEFAULT CHARSET=utf8 COMMENT='操作记录';

#
# Data for table "xds_act_plan_record"
#

INSERT INTO `xds_act_plan_record` VALUES ('0a9064ba-711f-5049-9300-c0cc88e1edf7','185b6957-3732-3ca0-3b96-8fd9a7295363','0',1503975099),('0a9064ba-711f-5049-9300-c0cc88e1edf7','185b6957-3732-3ca0-3b96-8fd9a7295363','1',1503977300),('0a9064ba-711f-5049-9300-c0cc88e1edf7','b890bdde-48f4-28d9-6f24-3791b32a986e','0',1504750325),('0a9064ba-711f-5049-9300-c0cc88e1edf7','4db41cdd-ee87-54a9-9864-4c0efb4237e2','0',1504763790),('0a9064ba-711f-5049-9300-c0cc88e1edf7','0f6f6fba-c7ab-a432-d47a-0ff04b75a972','0',1504764696),('0a9064ba-711f-5049-9300-c0cc88e1edf7','b885ed62-8eaa-6b98-213d-30ef17e2f189','0',1504780182),('0a9064ba-711f-5049-9300-c0cc88e1edf7','ae006054-4185-5f46-c031-4ef2f6ceb4ff','0',1505213933),('0a9064ba-711f-5049-9300-c0cc88e1edf7','b890bdde-48f4-28d9-6f24-3791b32a986e','1',1505268796),('b9d25df4-8e9e-f917-f559-4872db0b9ea6','a88b4fc0-0652-d590-a162-4574de7b903d','0',1505383477),('b9d25df4-8e9e-f917-f559-4872db0b9ea6','ef9c7602-db5d-5a87-b2d8-137a71632563','0',1505383572),('b9d25df4-8e9e-f917-f559-4872db0b9ea6','e059d9f5-0b98-1a68-dd19-70e19c83da87','0',1505383582),('b9d25df4-8e9e-f917-f559-4872db0b9ea6','2eab278c-a0fd-b21f-3cbb-262a928ce51f','0',1505383596),('b9d25df4-8e9e-f917-f559-4872db0b9ea6','9425baea-cf1d-5bb5-203a-91f72fcd18fd','0',1505383611),('b9d25df4-8e9e-f917-f559-4872db0b9ea6','90756233-db97-0acd-5b4d-ca1607f9c7ea','0',1505383625),('b9d25df4-8e9e-f917-f559-4872db0b9ea6','f2c7eaa1-3a19-ec2c-0077-a8bb9dca9bb3','0',1505383634),('b9d25df4-8e9e-f917-f559-4872db0b9ea6','f53c4e29-43f7-80a3-e5c5-36606a0725a1','0',1505383644),('b9d25df4-8e9e-f917-f559-4872db0b9ea6','4e7f6f47-9b3e-b9c1-a5a7-bc8879f7ab4b','0',1505383653),('b9d25df4-8e9e-f917-f559-4872db0b9ea6','da3c2cf4-75ef-1c01-d295-2ecb1f4750e1','0',1505383661),('b9d25df4-8e9e-f917-f559-4872db0b9ea6','d18b8df2-7d8f-c936-da01-17a98252b7ee','0',1505464333),('b9d25df4-8e9e-f917-f559-4872db0b9ea6','d5d1eb94-bebd-1f2f-bf31-23e1616f935e','0',1506065696),('b9d25df4-8e9e-f917-f559-4872db0b9ea6','6d68daf3-4f26-5b4c-229b-9907453a8781','0',1506069331),('b9d25df4-8e9e-f917-f559-4872db0b9ea6','503025f3-04d9-2d41-3d57-e18a662b443a','0',1506069512),('b9d25df4-8e9e-f917-f559-4872db0b9ea6','69b6961c-d4f8-754a-1b3b-68277d8db3a0','0',1506069720),('b9d25df4-8e9e-f917-f559-4872db0b9ea6','d5d1eb94-bebd-1f2f-bf31-23e1616f935e','1',1506074896),('b9d25df4-8e9e-f917-f559-4872db0b9ea6','d5d1eb94-bebd-1f2f-bf31-23e1616f935e','1',1506075026),('b9d25df4-8e9e-f917-f559-4872db0b9ea6','d5d1eb94-bebd-1f2f-bf31-23e1616f935e','1',1506075133),('b9d25df4-8e9e-f917-f559-4872db0b9ea6','d5d1eb94-bebd-1f2f-bf31-23e1616f935e','1',1506075291),('b9d25df4-8e9e-f917-f559-4872db0b9ea6','6d68daf3-4f26-5b4c-229b-9907453a8781','1',1506075743),('c3a9548d-832d-57f2-fdd9-18f9dc397fb5','6a7a3466-99be-d490-393b-862199fff6a4','0',1506318236),('c3a9548d-832d-57f2-fdd9-18f9dc397fb5','9b047d08-5096-6a4e-2603-7629673c3bf2','0',1506318280),('c3a9548d-832d-57f2-fdd9-18f9dc397fb5','b9819e90-164e-4728-1729-0a2683d27359','0',1506318345),('c3a9548d-832d-57f2-fdd9-18f9dc397fb5','0ef9462a-d1a4-4089-3025-0a053ea110e8','0',1506318401),('c3a9548d-832d-57f2-fdd9-18f9dc397fb5','186e78c3-d884-40b0-5b4b-87991525f143','0',1506318459),('16e1481c-86e7-b9a5-e707-a1b2cdf766c3','80e0efd0-7232-cd54-72fd-57b6811cb81f','0',1506322861),('b9d25df4-8e9e-f917-f559-4872db0b9ea6','6d68daf3-4f26-5b4c-229b-9907453a8781','1',1506398466),('b9d25df4-8e9e-f917-f559-4872db0b9ea6','503025f3-04d9-2d41-3d57-e18a662b443a','1',1506404101),('0f584f9c-befb-a17e-b205-765cd7efde33','aee0a494-0b37-0291-276e-7ec55f430c9b','0',1506572968),('0f584f9c-befb-a17e-b205-765cd7efde33','9360c704-5532-9ab2-812a-814b45f40e91','0',1506573042),('0f584f9c-befb-a17e-b205-765cd7efde33','f03b0eb6-245d-d349-5f61-d0f966fd90ce','0',1506573238),('0f584f9c-befb-a17e-b205-765cd7efde33','cc3c26eb-fe84-78c2-4ef6-d5bcb512a033','0',1506573364),('0f584f9c-befb-a17e-b205-765cd7efde33','d5dd2511-4020-6fc5-175b-ed02ecc88d86','0',1506575030),('b9d25df4-8e9e-f917-f559-4872db0b9ea6','6d68daf3-4f26-5b4c-229b-9907453a8781','1',1506575290),('b9d25df4-8e9e-f917-f559-4872db0b9ea6','705fb4c8-2542-b5c9-1205-e43ba6fa4e69','0',1506579912),('b9d25df4-8e9e-f917-f559-4872db0b9ea6','c8b749ba-86bf-deaa-82a4-59dc7db14975','0',1506579986),('b9d25df4-8e9e-f917-f559-4872db0b9ea6','7683c426-100a-8ba0-aec7-6377c0d997fc','0',1506580035),('0f584f9c-befb-a17e-b205-765cd7efde33','6898ecc5-cb5b-c7cd-0cfc-79706b8a5473','0',1506580814),('0f584f9c-befb-a17e-b205-765cd7efde33','fad07257-cbc7-ca58-c5f4-502c387cd2f0','0',1506594920),('0f584f9c-befb-a17e-b205-765cd7efde33','8e53a120-c0cc-dde6-9cfe-e52ec40723b4','0',1506594980),('0f584f9c-befb-a17e-b205-765cd7efde33','fad07257-cbc7-ca58-c5f4-502c387cd2f0','1',1506595017),('c3a9548d-832d-57f2-fdd9-18f9dc397fb5','728162a2-06b2-0053-7c30-d0a7e1350d7c','0',1506596210),('16e1481c-86e7-b9a5-e707-a1b2cdf766c3','80e0efd0-7232-cd54-72fd-57b6811cb81f','1',1506610294),('3e0b1448-7562-48cc-f885-3986a3bee7fa','8b93f5b0-927f-f4fb-0696-547bf81548a2','0',1506653583),('3e0b1448-7562-48cc-f885-3986a3bee7fa','4cca7506-c80d-8311-281f-158a3fe74346','0',1506653636),('3e0b1448-7562-48cc-f885-3986a3bee7fa','627066d0-b85e-b929-369d-767e5e99d45c','0',1506653673),('3e0b1448-7562-48cc-f885-3986a3bee7fa','e18ce753-d466-1234-5f23-7ef5b16bbdef','0',1506656602),('c3a9548d-832d-57f2-fdd9-18f9dc397fb5','69a7e45a-fedd-649c-b075-645bb79cec4d','0',1507540386),('b9d25df4-8e9e-f917-f559-4872db0b9ea6','c3fa5b03-88db-5fe5-5c9c-6308a23ea4cf','0',1507702627),('b9d25df4-8e9e-f917-f559-4872db0b9ea6','d400d687-795f-e3eb-caa4-e3401f4bc348','0',1507702847),('0f584f9c-befb-a17e-b205-765cd7efde33','4ca6236d-d2e9-dd27-24b2-6f02459cbbe8','0',1507703092),('0f584f9c-befb-a17e-b205-765cd7efde33','e4162903-c02c-3690-04b6-43234093607c','0',1507703966),('c3a9548d-832d-57f2-fdd9-18f9dc397fb5','194d762c-b1c4-1a41-94cb-249da58a1378','0',1508138623),('16e1481c-86e7-b9a5-e707-a1b2cdf766c3','67342c86-f436-a536-0be6-4e99b43eb66a','0',1508211188),('16e1481c-86e7-b9a5-e707-a1b2cdf766c3','80e0efd0-7232-cd54-72fd-57b6811cb81f','1',1508223348),('c3a9548d-832d-57f2-fdd9-18f9dc397fb5','6a7a3466-99be-d490-393b-862199fff6a4','1',1508292074),('b9d25df4-8e9e-f917-f559-4872db0b9ea6','d400d687-795f-e3eb-caa4-e3401f4bc348','1',1508292079),('9175a40c-31f2-bbec-2134-27935378cf65','f7727250-7fa5-6898-1baf-fb31052cbd67','0',1508292590),('9175a40c-31f2-bbec-2134-27935378cf65','6232b1b0-24ae-15f7-5794-becb7edfc372','0',1508293104),('9175a40c-31f2-bbec-2134-27935378cf65','9032b796-0e00-ac1d-6dfb-b9d7ba9ca3d3','0',1508293866),('9175a40c-31f2-bbec-2134-27935378cf65','9032b796-0e00-ac1d-6dfb-b9d7ba9ca3d3','1',1508293918),('9175a40c-31f2-bbec-2134-27935378cf65','aa994cbb-d1a1-915d-aa1e-9efd52b70b8f','0',1508294388),('9175a40c-31f2-bbec-2134-27935378cf65','0b5c4926-860f-3c9c-f7dc-196937ecbced','0',1508294590),('9175a40c-31f2-bbec-2134-27935378cf65','391a0083-88e0-00cb-d570-e14735980bac','0',1508295726),('9175a40c-31f2-bbec-2134-27935378cf65','f9dd182c-f623-2632-7f5f-d33f947782ae','0',1508296572),('9175a40c-31f2-bbec-2134-27935378cf65','cefdf1fd-4f85-f1d4-014b-24e3d3be2c7f','0',1508297077),('9175a40c-31f2-bbec-2134-27935378cf65','5294c02e-6f7c-de8d-6b83-754809954c7e','0',1508297542),('13225a3e-f16a-ebb0-450d-3a0a00ade5ca','7f5e895d-5a2e-8e23-5af7-5a170be636d0','0',1508308328),('0a9064ba-711f-5049-9300-c0cc88e1edf7','88e7a1f0-40d1-deb5-95a5-0d878f177e2a','0',1508392004),('0f584f9c-befb-a17e-b205-765cd7efde33','66ab003d-e034-25d1-265d-d5e61fd5536f','0',1508481746),('0f584f9c-befb-a17e-b205-765cd7efde33','e71e2036-6d73-5aa4-471f-df9c2d1d1bcf','0',1508481916),('0f584f9c-befb-a17e-b205-765cd7efde33','e94a1ecd-4792-df95-7993-c86620495f85','0',1508744922),('b9d25df4-8e9e-f917-f559-4872db0b9ea6','48e7eb69-8b48-3ca2-e575-836db28c5256','0',1508832707),('b9d25df4-8e9e-f917-f559-4872db0b9ea6','ce71f10a-fe5d-ed75-f49f-c61ca56536df','0',1508832745),('b9d25df4-8e9e-f917-f559-4872db0b9ea6','bace4a01-49da-ebc1-1057-b5be052e2d9f','0',1508832779);

#
# Structure for table "xds_act_plan_user"
#

DROP TABLE IF EXISTS `xds_act_plan_user`;
CREATE TABLE `xds_act_plan_user` (
  `act_plan_id` char(36) NOT NULL DEFAULT '' COMMENT '联合主键，所属行动计划ID',
  `user_id` char(36) NOT NULL DEFAULT '' COMMENT '联合主键，执行用户ID',
  `mode` enum('0','1') NOT NULL DEFAULT '0' COMMENT '0 普通模式 1 挑战者模式',
  `finish` enum('0','1') NOT NULL DEFAULT '0' COMMENT '是否已结束该计划',
  `create_time` int(11) NOT NULL DEFAULT '0' COMMENT '参加时间',
  `update_time` int(11) NOT NULL DEFAULT '0',
  KEY `user_id` (`user_id`,`act_plan_id`),
  KEY `act_plan_id` (`act_plan_id`,`user_id`,`mode`,`finish`)
) ENGINE=InnoDB DEFAULT CHARSET=utf8 COMMENT='行动计划 用户对应表';

#
# Data for table "xds_act_plan_user"
#

INSERT INTO `xds_act_plan_user` VALUES ('0b5c4926-860f-3c9c-f7dc-196937ecbced','3e0b1448-7562-48cc-f885-3986a3bee7fa','0','0',1508723984,1508723984),('0f6f6fba-c7ab-a432-d47a-0ff04b75a972','b9d25df4-8e9e-f917-f559-4872db0b9ea6','0','0',1505964901,0),('0f6f6fba-c7ab-a432-d47a-0ff04b75a972','cb2395b7-7660-7134-85c9-612d4f4c74b5','0','0',0,0),('185b6957-3732-3ca0-3b96-8fd9a7295363','0a9064ba-711f-5049-9300-c0cc88e1edf7','0','0',1504262063,0),('185b6957-3732-3ca0-3b96-8fd9a7295363','b9d25df4-8e9e-f917-f559-4872db0b9ea6','0','0',1505965227,0),('186e78c3-d884-40b0-5b4b-87991525f143','16e1481c-86e7-b9a5-e707-a1b2cdf766c3','0','0',1507711573,0),('194d762c-b1c4-1a41-94cb-249da58a1378','0f584f9c-befb-a17e-b205-765cd7efde33','0','0',1508138678,0),('194d762c-b1c4-1a41-94cb-249da58a1378','3e0b1448-7562-48cc-f885-3986a3bee7fa','0','0',1508138733,0),('194d762c-b1c4-1a41-94cb-249da58a1378','b9d25df4-8e9e-f917-f559-4872db0b9ea6','0','0',1508144211,0),('2eab278c-a0fd-b21f-3cbb-262a928ce51f','b9d25df4-8e9e-f917-f559-4872db0b9ea6','0','0',1506498679,0),('4db41cdd-ee87-54a9-9864-4c0efb4237e2','0a9064ba-711f-5049-9300-c0cc88e1edf7','0','0',1504763888,0),('4db41cdd-ee87-54a9-9864-4c0efb4237e2','b9d25df4-8e9e-f917-f559-4872db0b9ea6','0','0',1505964854,0),('66ab003d-e034-25d1-265d-d5e61fd5536f','b9d25df4-8e9e-f917-f559-4872db0b9ea6','0','0',1508483919,1508483919),('69a7e45a-fedd-649c-b075-645bb79cec4d','499d7c58-08b3-45e6-1a12-ab99c53f596b','0','0',1507641685,0),('69b6961c-d4f8-754a-1b3b-68277d8db3a0','0a9064ba-711f-5049-9300-c0cc88e1edf7','0','0',1506581265,0),('69b6961c-d4f8-754a-1b3b-68277d8db3a0','0f584f9c-befb-a17e-b205-765cd7efde33','0','0',1507691420,0),('6a7a3466-99be-d490-393b-862199fff6a4','0f584f9c-befb-a17e-b205-765cd7efde33','0','0',1508138527,0),('6a7a3466-99be-d490-393b-862199fff6a4','16e1481c-86e7-b9a5-e707-a1b2cdf766c3','0','0',1508159741,0),('6a7a3466-99be-d490-393b-862199fff6a4','3e0b1448-7562-48cc-f885-3986a3bee7fa','0','0',1508138320,0),('6a7a3466-99be-d490-393b-862199fff6a4','bf670625-f384-b056-fab9-4c3f45314aa2','0','0',1508159452,0),('6d68daf3-4f26-5b4c-229b-9907453a8781','0a9064ba-711f-5049-9300-c0cc88e1edf7','0','0',1506581246,0),('6d68daf3-4f26-5b4c-229b-9907453a8781','0f584f9c-befb-a17e-b205-765cd7efde33','0','0',1506594396,0),('6d68daf3-4f26-5b4c-229b-9907453a8781','3e0b1448-7562-48cc-f885-3986a3bee7fa','0','0',1506562182,0),('7683c426-100a-8ba0-aec7-6377c0d997fc','3e0b1448-7562-48cc-f885-3986a3bee7fa','0','0',1507862349,0),('80e0efd0-7232-cd54-72fd-57b6811cb81f','3e0b1448-7562-48cc-f885-3986a3bee7fa','0','0',1508470141,1508470141),('80e0efd0-7232-cd54-72fd-57b6811cb81f','bf670625-f384-b056-fab9-4c3f45314aa2','0','0',1506611451,0),('80e0efd0-7232-cd54-72fd-57b6811cb81f','c3a9548d-832d-57f2-fdd9-18f9dc397fb5','0','0',1508312088,1508312088),('8b93f5b0-927f-f4fb-0696-547bf81548a2','b9d25df4-8e9e-f917-f559-4872db0b9ea6','0','0',1506662029,0),('9425baea-cf1d-5bb5-203a-91f72fcd18fd','b9d25df4-8e9e-f917-f559-4872db0b9ea6','0','0',1505965000,0),('9b047d08-5096-6a4e-2603-7629673c3bf2','3e0b1448-7562-48cc-f885-3986a3bee7fa','0','0',1508138413,0),('9b047d08-5096-6a4e-2603-7629673c3bf2','bf670625-f384-b056-fab9-4c3f45314aa2','0','0',1508159696,0),('a88b4fc0-0652-d590-a162-4574de7b903d','0f584f9c-befb-a17e-b205-765cd7efde33','0','0',1507622267,0),('a88b4fc0-0652-d590-a162-4574de7b903d','13225a3e-f16a-ebb0-450d-3a0a00ade5ca','0','0',1506581406,0),('a88b4fc0-0652-d590-a162-4574de7b903d','b9d25df4-8e9e-f917-f559-4872db0b9ea6','0','0',0,0),('aee0a494-0b37-0291-276e-7ec55f430c9b','b9d25df4-8e9e-f917-f559-4872db0b9ea6','0','0',1506573998,0),('b885ed62-8eaa-6b98-213d-30ef17e2f189','b9d25df4-8e9e-f917-f559-4872db0b9ea6','0','0',1505965292,0),('b890bdde-48f4-28d9-6f24-3791b32a986e','0a9064ba-711f-5049-9300-c0cc88e1edf7','0','0',1504750571,0),('c8b749ba-86bf-deaa-82a4-59dc7db14975','0f584f9c-befb-a17e-b205-765cd7efde33','0','0',1506580119,0),('c8b749ba-86bf-deaa-82a4-59dc7db14975','3e0b1448-7562-48cc-f885-3986a3bee7fa','0','0',1507862302,0),('cc3c26eb-fe84-78c2-4ef6-d5bcb512a033','b9d25df4-8e9e-f917-f559-4872db0b9ea6','0','0',1506574928,0),('d400d687-795f-e3eb-caa4-e3401f4bc348','3e0b1448-7562-48cc-f885-3986a3bee7fa','0','0',1507865329,0),('d5d1eb94-bebd-1f2f-bf31-23e1616f935e','0a9064ba-711f-5049-9300-c0cc88e1edf7','0','0',1506581185,0),('d5d1eb94-bebd-1f2f-bf31-23e1616f935e','0f584f9c-befb-a17e-b205-765cd7efde33','0','0',1506594274,0),('d5d1eb94-bebd-1f2f-bf31-23e1616f935e','3e0b1448-7562-48cc-f885-3986a3bee7fa','0','0',1507799108,0),('d5d1eb94-bebd-1f2f-bf31-23e1616f935e','cb2395b7-7660-7134-85c9-612d4f4c74b5','0','0',1506581449,0),('e059d9f5-0b98-1a68-dd19-70e19c83da87','b9d25df4-8e9e-f917-f559-4872db0b9ea6','0','0',1505964981,0),('e18ce753-d466-1234-5f23-7ef5b16bbdef','b9d25df4-8e9e-f917-f559-4872db0b9ea6','0','0',1507865147,0),('e4162903-c02c-3690-04b6-43234093607c','b9d25df4-8e9e-f917-f559-4872db0b9ea6','0','0',1507704150,0),('ef9c7602-db5d-5a87-b2d8-137a71632563','b9d25df4-8e9e-f917-f559-4872db0b9ea6','0','0',1506496475,0),('f03b0eb6-245d-d349-5f61-d0f966fd90ce','b9d25df4-8e9e-f917-f559-4872db0b9ea6','0','0',1506574803,0),('f7727250-7fa5-6898-1baf-fb31052cbd67','501969d6-b26d-bb2d-29e3-5264a923def9','0','0',1508593999,1508593999),('6a7a3466-99be-d490-393b-862199fff6a4','b9d25df4-8e9e-f917-f559-4872db0b9ea6','0','1',1508118227,1508235275),('0f6f6fba-c7ab-a432-d47a-0ff04b75a972','0a9064ba-711f-5049-9300-c0cc88e1edf7','1','0',1504780062,0),('185b6957-3732-3ca0-3b96-8fd9a7295363','16e1481c-86e7-b9a5-e707-a1b2cdf766c3','1','0',1508455282,1508455282),('4ca6236d-d2e9-dd27-24b2-6f02459cbbe8','b9d25df4-8e9e-f917-f559-4872db0b9ea6','1','0',1507703108,0),('4cca7506-c80d-8311-281f-158a3fe74346','b9d25df4-8e9e-f917-f559-4872db0b9ea6','1','0',1506663936,0),('503025f3-04d9-2d41-3d57-e18a662b443a','0a9064ba-711f-5049-9300-c0cc88e1edf7','1','0',1506581256,0),('503025f3-04d9-2d41-3d57-e18a662b443a','0f584f9c-befb-a17e-b205-765cd7efde33','1','0',1506574163,0),('503025f3-04d9-2d41-3d57-e18a662b443a','3e0b1448-7562-48cc-f885-3986a3bee7fa','1','0',1506562146,0),('5294c02e-6f7c-de8d-6b83-754809954c7e','0f584f9c-befb-a17e-b205-765cd7efde33','1','0',1508745801,1508745801),('627066d0-b85e-b929-369d-767e5e99d45c','b9d25df4-8e9e-f917-f559-4872db0b9ea6','1','0',1507865169,0),('6898ecc5-cb5b-c7cd-0cfc-79706b8a5473','b9d25df4-8e9e-f917-f559-4872db0b9ea6','1','0',1506595074,0),('69a7e45a-fedd-649c-b075-645bb79cec4d','0f584f9c-befb-a17e-b205-765cd7efde33','1','0',1508226045,0),('69a7e45a-fedd-649c-b075-645bb79cec4d','3e0b1448-7562-48cc-f885-3986a3bee7fa','1','0',1508481990,1508481990),('705fb4c8-2542-b5c9-1205-e43ba6fa4e69','0f584f9c-befb-a17e-b205-765cd7efde33','1','0',1506594415,0),('728162a2-06b2-0053-7c30-d0a7e1350d7c','b9d25df4-8e9e-f917-f559-4872db0b9ea6','1','0',1508118334,0),('7683c426-100a-8ba0-aec7-6377c0d997fc','0f584f9c-befb-a17e-b205-765cd7efde33','1','0',1506594366,0),('80e0efd0-7232-cd54-72fd-57b6811cb81f','0f584f9c-befb-a17e-b205-765cd7efde33','1','0',1507708266,0),('80e0efd0-7232-cd54-72fd-57b6811cb81f','501969d6-b26d-bb2d-29e3-5264a923def9','1','0',1508587476,1508587476),('80e0efd0-7232-cd54-72fd-57b6811cb81f','9175a40c-31f2-bbec-2134-27935378cf65','1','0',1506607829,0),('80e0efd0-7232-cd54-72fd-57b6811cb81f','b9d25df4-8e9e-f917-f559-4872db0b9ea6','1','0',1508488050,1508488050),('8e53a120-c0cc-dde6-9cfe-e52ec40723b4','b9d25df4-8e9e-f917-f559-4872db0b9ea6','1','0',1506648431,0),('9360c704-5532-9ab2-812a-814b45f40e91','b9d25df4-8e9e-f917-f559-4872db0b9ea6','1','0',1506574039,0),('9b047d08-5096-6a4e-2603-7629673c3bf2','0f584f9c-befb-a17e-b205-765cd7efde33','1','0',1506596223,0),('a88b4fc0-0652-d590-a162-4574de7b903d','0a9064ba-711f-5049-9300-c0cc88e1edf7','1','0',0,0),('b885ed62-8eaa-6b98-213d-30ef17e2f189','0a9064ba-711f-5049-9300-c0cc88e1edf7','1','0',1505201311,0),('d400d687-795f-e3eb-caa4-e3401f4bc348','0f584f9c-befb-a17e-b205-765cd7efde33','1','0',1507702942,0),('d5d1eb94-bebd-1f2f-bf31-23e1616f935e','13225a3e-f16a-ebb0-450d-3a0a00ade5ca','1','0',1506581452,0),('d5d1eb94-bebd-1f2f-bf31-23e1616f935e','c3a9548d-832d-57f2-fdd9-18f9dc397fb5','1','0',1507797271,0),('d5dd2511-4020-6fc5-175b-ed02ecc88d86','b9d25df4-8e9e-f917-f559-4872db0b9ea6','1','0',1506575052,0),('e71e2036-6d73-5aa4-471f-df9c2d1d1bcf','b9d25df4-8e9e-f917-f559-4872db0b9ea6','1','0',1508483972,1508483972),('f2c7eaa1-3a19-ec2c-0077-a8bb9dca9bb3','0a9064ba-711f-5049-9300-c0cc88e1edf7','1','0',1506479562,0),('f53c4e29-43f7-80a3-e5c5-36606a0725a1','0a9064ba-711f-5049-9300-c0cc88e1edf7','1','0',1506479354,0),('f7727250-7fa5-6898-1baf-fb31052cbd67','0f584f9c-befb-a17e-b205-765cd7efde33','1','0',1508639194,1508639194),('f7727250-7fa5-6898-1baf-fb31052cbd67','16e1481c-86e7-b9a5-e707-a1b2cdf766c3','1','0',1508655869,1508655869),('fad07257-cbc7-ca58-c5f4-502c387cd2f0','b9d25df4-8e9e-f917-f559-4872db0b9ea6','1','0',1506595230,0),('80e0efd0-7232-cd54-72fd-57b6811cb81f','0a9064ba-711f-5049-9300-c0cc88e1edf7','1','0',1508770251,1508770251),('705fb4c8-2542-b5c9-1205-e43ba6fa4e69','0a9064ba-711f-5049-9300-c0cc88e1edf7','0','0',1508770811,1508770811),('9b047d08-5096-6a4e-2603-7629673c3bf2','b9d25df4-8e9e-f917-f559-4872db0b9ea6','1','0',1508832234,1508832234),('8b93f5b0-927f-f4fb-0696-547bf81548a2','c3a9548d-832d-57f2-fdd9-18f9dc397fb5','0','0',1508832339,1508832339),('b9819e90-164e-4728-1729-0a2683d27359','b9d25df4-8e9e-f917-f559-4872db0b9ea6','0','0',1508833226,1508833226),('48e7eb69-8b48-3ca2-e575-836db28c5256','3e0b1448-7562-48cc-f885-3986a3bee7fa','0','0',1508833235,1508833235),('ce71f10a-fe5d-ed75-f49f-c61ca56536df','3e0b1448-7562-48cc-f885-3986a3bee7fa','1','0',1508833251,1508833251),('bace4a01-49da-ebc1-1057-b5be052e2d9f','3e0b1448-7562-48cc-f885-3986a3bee7fa','1','0',1508833264,1508833264),('48e7eb69-8b48-3ca2-e575-836db28c5256','c3a9548d-832d-57f2-fdd9-18f9dc397fb5','0','0',1508834221,1508834221);

#
# Structure for table "xds_advice"
#

DROP TABLE IF EXISTS `xds_advice`;
CREATE TABLE `xds_advice` (
  `id` int(11) NOT NULL AUTO_INCREMENT COMMENT '意见反馈表',
  `content` varchar(255) DEFAULT NULL COMMENT '意见内容',
  `user_id` char(36) NOT NULL DEFAULT '' COMMENT '外键，用户主键id',
  `nickname` varchar(64) NOT NULL DEFAULT '' COMMENT '用户昵称，冗余字段',
  `create_time` int(10) unsigned NOT NULL DEFAULT '0' COMMENT '提交时间',
  PRIMARY KEY (`id`),
  KEY `user_id` (`user_id`)
) ENGINE=InnoDB AUTO_INCREMENT=7 DEFAULT CHARSET=utf8 ROW_FORMAT=DYNAMIC COMMENT='意见与建议';

#
# Data for table "xds_advice"
#

INSERT INTO `xds_advice` VALUES (1,'内容003','0a9064ba-711f-5049-9300-c0cc88e1edf7','好好的',1504864307),(2,'内容003','0a9064ba-711f-5049-9300-c0cc88e1edf7','好好的',1504864376),(3,'1111','3e0b1448-7562-48cc-f885-3986a3bee7fa','wjasd',1508725918),(4,'111','3e0b1448-7562-48cc-f885-3986a3bee7fa','wjasd',1508725965),(5,'AAAAAAA','c3a9548d-832d-57f2-fdd9-18f9dc397fb5','神的孩子',1508835643),(6,'啊啊啊啊啊啊','c3a9548d-832d-57f2-fdd9-18f9dc397fb5','神的孩子',1508835663);

#
# Structure for table "xds_asset"
#

DROP TABLE IF EXISTS `xds_asset`;
CREATE TABLE `xds_asset` (
  `id` int(11) unsigned NOT NULL AUTO_INCREMENT,
  `key_id` int(11) unsigned NOT NULL DEFAULT '0' COMMENT '关联ID',
  `key_type` enum('0','1') NOT NULL DEFAULT '0' COMMENT '0 投诉 1 文章',
  `uri` varchar(64) NOT NULL DEFAULT '' COMMENT '资源uri',
  `type` enum('0','1','2') NOT NULL DEFAULT '0' COMMENT '资源类型：0 图片 1 音频 2 视频',
  `suffix` varchar(10) NOT NULL DEFAULT '' COMMENT '文件后缀名,不包括点',
  `create_time` int(10) unsigned NOT NULL DEFAULT '0' COMMENT '上传时间',
  `more` text COMMENT '其它详细信息,JSON格式',
  PRIMARY KEY (`id`),
  KEY `key_id` (`key_id`,`key_type`,`type`,`create_time`)
) ENGINE=InnoDB AUTO_INCREMENT=16 DEFAULT CHARSET=utf8 COMMENT='资源表';

#
# Data for table "xds_asset"
#

INSERT INTO `xds_asset` VALUES (5,0,'0','9f8344c89c4e7d50b70e8c636d4ebe6a6f44beea7fca0815c9f7bdd3d8cb0d10','0','jpg',1501663633,NULL),(6,4,'0','4','0','',1503910458,NULL),(7,4,'0','4','0','',1503910458,NULL),(8,5,'0','http://www.baidu.com','0','',1503910527,NULL),(9,5,'0','http://www.baidu.com','0','',1503910527,NULL),(10,8,'0','http://auth.xingdongshe.com','0','',1508726052,NULL),(11,8,'0','http://auth.xingdongshe.com/images/20170817164138599556c2e26bd.j','0','',1508726052,NULL),(12,9,'0','http://auth.xingdongshe.com/sdfds','0','',1508726066,NULL),(13,9,'0','http://auth.xingdongshe.com/images/20170817164138599556c2e26bd.j','0','',1508726066,NULL),(14,14,'0','http://auth.xingdongshe.com/sdfds','0','',1508726547,NULL),(15,14,'0','http://auth.xingdongshe.com/images/20170817164138599556c2e26bd.j','0','',1508726547,NULL);

#
# Structure for table "xds_auth"
#

DROP TABLE IF EXISTS `xds_auth`;
CREATE TABLE `xds_auth` (
  `id` int(11) NOT NULL AUTO_INCREMENT,
  `name` varchar(32) NOT NULL DEFAULT '' COMMENT '权限名称',
  `remark` varchar(255) NOT NULL DEFAULT '' COMMENT '备注',
  `create_time` int(11) unsigned NOT NULL DEFAULT '0' COMMENT '创建时间',
  `update_time` int(11) unsigned NOT NULL DEFAULT '0' COMMENT '更新时间',
  PRIMARY KEY (`id`)
) ENGINE=InnoDB AUTO_INCREMENT=5 DEFAULT CHARSET=utf8 COMMENT='权限表';

#
# Data for table "xds_auth"
#

INSERT INTO `xds_auth` VALUES (1,'创建/编辑行动计划','',1503643844,1503643844),(2,'创建/编辑任务','',1503643845,1503643845),(3,'暂停/恢复社群成员资格','',1503643846,1503643846),(4,'随机审核用户反馈','',1503643847,1503643847);

#
# Structure for table "xds_auth_user"
#

DROP TABLE IF EXISTS `xds_auth_user`;
CREATE TABLE `xds_auth_user` (
  `id` int(11) NOT NULL AUTO_INCREMENT,
  `from_user_id` char(36) NOT NULL DEFAULT '' COMMENT '授权用户ID',
  `to_user_id` char(36) NOT NULL DEFAULT '' COMMENT '联合主键，被授权用户ID',
  `community_id` char(36) NOT NULL DEFAULT '' COMMENT '联合主键，行动社ID',
  `auth` varchar(8) NOT NULL DEFAULT '' COMMENT '权限值，以,分隔',
  `create_time` int(11) NOT NULL DEFAULT '0',
  `update_time` int(11) NOT NULL DEFAULT '0',
  `delete_time` int(11) NOT NULL DEFAULT '0',
  PRIMARY KEY (`id`),
  KEY `联合主键` (`to_user_id`,`community_id`),
  KEY `from_user_id` (`from_user_id`,`auth`)
) ENGINE=InnoDB AUTO_INCREMENT=7 DEFAULT CHARSET=utf8 COMMENT='用户权限对应表';

#
# Data for table "xds_auth_user"
#

INSERT INTO `xds_auth_user` VALUES (1,'0a9064ba-711f-5049-9300-c0cc88e1edf7','0a9064ba-711f-5049-9300-c0cc88e1edf7','76826caa-6894-f6b9-3ac3-de33e01879c2','1,2,3,4',1503655234,1503655234,0),(2,'0a9064ba-711f-5049-9300-c0cc88e1edf7','cb2395b7-7660-7134-85c9-612d4f4c74b5','48eed6c0-f298-8020-d673-633d4101d5f3','',1503885836,1503887556,0),(3,'0a9064ba-711f-5049-9300-c0cc88e1edf7','b9d25df4-8e9e-f917-f559-4872db0b9ea6','ec16645b-cc9c-a7c8-536f-955219154cd2','1,2,3,4',0,0,0),(4,'b9d25df4-8e9e-f917-f559-4872db0b9ea6','3e0b1448-7562-48cc-f885-3986a3bee7fa','a39fb9d1-42fb-96e6-9a4a-4e38e85237f6','2,4',1508400053,1508400197,0),(5,'3e0b1448-7562-48cc-f885-3986a3bee7fa','b9d25df4-8e9e-f917-f559-4872db0b9ea6','dc632f78-d7e8-18e6-1e37-d2e759329e7c','1,2,3,4',1508400289,1508400450,0),(6,'3e0b1448-7562-48cc-f885-3986a3bee7fa','b9d25df4-8e9e-f917-f559-4872db0b9ea6','60470447-7bac-250f-892d-5e72e7987285','1,2,3,4',1508481812,1508481867,0);

#
# Structure for table "xds_blocked_list"
#

DROP TABLE IF EXISTS `xds_blocked_list`;
CREATE TABLE `xds_blocked_list` (
  `id` int(11) NOT NULL AUTO_INCREMENT,
  `user_id` char(36) NOT NULL DEFAULT '' COMMENT '联合主键，加入黑名单用户ID',
  `blocked_user_id` char(36) NOT NULL DEFAULT '' COMMENT '联合主键，被加入黑名单用户ID',
  `create_time` int(10) unsigned NOT NULL DEFAULT '0' COMMENT '创建时间',
  `delete_time` int(10) unsigned NOT NULL DEFAULT '0' COMMENT '删除时间',
  PRIMARY KEY (`id`),
  KEY `user_id` (`user_id`,`blocked_user_id`) COMMENT '联合主键'
) ENGINE=InnoDB AUTO_INCREMENT=13 DEFAULT CHARSET=utf8 COMMENT='黑名单';

#
# Data for table "xds_blocked_list"
#

INSERT INTO `xds_blocked_list` VALUES (1,'0a9064ba-711f-5049-9300-c0cc88e1edf7','b9d25df4-8e9e-f917-f559-4872db0b9ea6',1505095787,0),(2,'0a9064ba-711f-5049-9300-c0cc88e1edf7','86966993-d3e4-e722-223d-bf16fc2e8421',1505179893,1505196673),(3,'3e0b1448-7562-48cc-f885-3986a3bee7fa','c3a9548d-832d-57f2-fdd9-18f9dc397fb5',1508314203,1508314206),(4,'3e0b1448-7562-48cc-f885-3986a3bee7fa','c3a9548d-832d-57f2-fdd9-18f9dc397fb5',1508314210,1508314262),(5,'3e0b1448-7562-48cc-f885-3986a3bee7fa','c3a9548d-832d-57f2-fdd9-18f9dc397fb5',1508314269,1508479588),(6,'3e0b1448-7562-48cc-f885-3986a3bee7fa','0f584f9c-befb-a17e-b205-765cd7efde33',1508314286,1508314421),(7,'3e0b1448-7562-48cc-f885-3986a3bee7fa','0f584f9c-befb-a17e-b205-765cd7efde33',1508314424,0),(8,'b9d25df4-8e9e-f917-f559-4872db0b9ea6','c3a9548d-832d-57f2-fdd9-18f9dc397fb5',1508376679,1508376701),(9,'b9d25df4-8e9e-f917-f559-4872db0b9ea6','3e0b1448-7562-48cc-f885-3986a3bee7fa',1508376690,0),(10,'b9d25df4-8e9e-f917-f559-4872db0b9ea6','c3a9548d-832d-57f2-fdd9-18f9dc397fb5',1508376705,0),(11,'b9d25df4-8e9e-f917-f559-4872db0b9ea6','0f584f9c-befb-a17e-b205-765cd7efde33',1508376718,0),(12,'b9d25df4-8e9e-f917-f559-4872db0b9ea6','16e1481c-86e7-b9a5-e707-a1b2cdf766c3',1508376728,0);

#
# Structure for table "xds_callback"
#

DROP TABLE IF EXISTS `xds_callback`;
CREATE TABLE `xds_callback` (
  `id` int(11) NOT NULL AUTO_INCREMENT,
  `key_id` char(36) NOT NULL DEFAULT '关联ID',
  `user_id` char(36) NOT NULL DEFAULT '',
  `key_type` tinyint(3) NOT NULL DEFAULT '0' COMMENT '0 GO 1 反馈',
  `deadline` int(11) NOT NULL DEFAULT '0' COMMENT '任务完成截止时间戳',
  `status` enum('0','1') NOT NULL DEFAULT '0' COMMENT '是否已结束 0 否 1 是',
  `create_time` int(11) NOT NULL DEFAULT '0',
  `update_time` int(11) NOT NULL DEFAULT '0',
  PRIMARY KEY (`id`),
  KEY `key_id` (`key_id`,`user_id`,`key_type`,`deadline`,`status`)
) ENGINE=InnoDB AUTO_INCREMENT=4 DEFAULT CHARSET=utf8 COMMENT='定时-回调任务表';

#
# Data for table "xds_callback"
#

INSERT INTO `xds_callback` VALUES (1,'8b47815b-0f9c-0811-3a6a-accc9e4acdbd','b9d25df4-8e9e-f917-f559-4872db0b9ea6',0,1508121660,'1',1508121643,1508466662),(2,'f10fc0ab-1f57-33b2-1030-2de0ae440a6f','b9d25df4-8e9e-f917-f559-4872db0b9ea6',0,1508748095,'1',1508747795,1508750767),(3,'98e06976-1bcf-f0b8-e15a-40fa5608ec06','b9d25df4-8e9e-f917-f559-4872db0b9ea6',0,1508828722,'1',1508825122,1508828722);

#
# Structure for table "xds_comment"
#

DROP TABLE IF EXISTS `xds_comment`;
CREATE TABLE `xds_comment` (
  `id` char(36) CHARACTER SET utf8 NOT NULL DEFAULT '',
  `user_id` char(36) NOT NULL DEFAULT '' COMMENT '发表评论的用户ID',
  `communication_id` char(36) NOT NULL DEFAULT '' COMMENT '条目ID',
  `comment` varchar(255) NOT NULL DEFAULT '' COMMENT '评论内容',
  `likes` int(11) unsigned NOT NULL DEFAULT '0' COMMENT '点赞数',
  `status` enum('0','1') CHARACTER SET utf8 NOT NULL DEFAULT '1' COMMENT '状态,1:通过,0:未通过',
  `create_time` int(10) unsigned NOT NULL DEFAULT '0' COMMENT '评论时间',
  `delete_time` int(10) unsigned NOT NULL DEFAULT '0' COMMENT '删除时间',
  PRIMARY KEY (`id`),
  KEY `comment_post_ID` (`communication_id`),
  KEY `comment_approved_date_gmt` (`status`),
  KEY `table_id_status` (`communication_id`,`status`),
  KEY `createtime` (`create_time`)
) ENGINE=InnoDB DEFAULT CHARSET=utf8mb4 COMMENT='评论表';

#
# Data for table "xds_comment"
#

INSERT INTO `xds_comment` VALUES ('0178d13b-be89-7d6c-32ed-9a9176aba56f','3e0b1448-7562-48cc-f885-3986a3bee7fa','f0dc0d69-7749-c6c6-3f33-63a914590a37','111',0,'1',1507705868,0),('01e4ff68-2f88-cad3-71dc-e660b7a6a819','c3a9548d-832d-57f2-fdd9-18f9dc397fb5','32465e63-d157-d854-9284-5a7d7c3f42ae','2',0,'1',1507707181,0),('0514b639-6aef-3fba-2253-2ae8dbc33893','3e0b1448-7562-48cc-f885-3986a3bee7fa','d27394d6-689f-4c8c-a99c-de10eba4de05','2',0,'1',1507707599,0),('05cfd159-a5ab-bdba-3338-5db80f777ab7','0f584f9c-befb-a17e-b205-765cd7efde33','6b06d05e-f26f-3fd5-1673-f8e005676c52','.啊啊啊啊晚上',0,'1',1508485528,0),('086ba433-abf3-9e2b-1c18-5cd843b5489f','3e0b1448-7562-48cc-f885-3986a3bee7fa','04342153-cd9c-728b-caba-657e45a17a31','222',0,'1',1506588746,0),('09da90a6-270d-d14d-3876-40558b33a6f6','c3a9548d-832d-57f2-fdd9-18f9dc397fb5','2af2196f-1932-8cbb-e8ba-85220fb4d8f7','哈哈哈就',0,'1',1507706284,0),('0e81db5b-d828-c4eb-ea91-11b8875e5bdd','3e0b1448-7562-48cc-f885-3986a3bee7fa','565052a5-304c-02e2-5c00-3df05bedd2e8','1',1,'1',1507707357,0),('1021ab2f-5923-f795-cbc1-cd20ff59d5d2','3e0b1448-7562-48cc-f885-3986a3bee7fa','3b8ecbfa-0159-1846-dba0-7a7a99f8ece5','1111',0,'1',1506583876,0),('1181b137-6f65-d6a4-38f5-e4800004e1ec','3e0b1448-7562-48cc-f885-3986a3bee7fa','0164737b-832a-9b0c-20e4-f5b5582df1ae','111',1,'1',1508294633,0),('11911e13-c56f-95e8-8f4a-e961dcc8e22c','3e0b1448-7562-48cc-f885-3986a3bee7fa','e5b38229-d217-90ef-3229-39459b7e90e0','2222',0,'1',1507772172,0),('11f23422-770b-2acd-0381-7e34e469732a','c3a9548d-832d-57f2-fdd9-18f9dc397fb5','2af2196f-1932-8cbb-e8ba-85220fb4d8f7','你说睡觉啊',0,'1',1507706289,0),('1621cb9b-e400-415a-818e-b905835627db','3e0b1448-7562-48cc-f885-3986a3bee7fa','6b06d05e-f26f-3fd5-1673-f8e005676c52','111',0,'1',1508482005,0),('207b7f57-6eb3-d9de-1265-1ebadcb553e9','3e0b1448-7562-48cc-f885-3986a3bee7fa','e5b38229-d217-90ef-3229-39459b7e90e0','请问方式',0,'1',1507707673,0),('26249cf4-367d-f5bb-72cc-b11b2d431d6c','0a9064ba-711f-5049-9300-c0cc88e1edf7','d27b16c0-6e58-5871-697a-5493e2339798','哩哩啦啦',1,'1',1508770476,0),('28164503-87f0-bbc7-f093-b04e3dfe7c82','bf670625-f384-b056-fab9-4c3f45314aa2','6d016893-bd69-77d5-9196-1148836374b0','不错',0,'1',1506611486,0),('2850de41-343d-ac64-1cf8-4b2cf7afc27d','3e0b1448-7562-48cc-f885-3986a3bee7fa','338ec863-e311-bfc1-f412-8e2f2d175ff8','1',0,'1',1507708329,0),('2af9c037-ab53-fbc9-2491-165d27895a91','c3a9548d-832d-57f2-fdd9-18f9dc397fb5','caf48562-c68b-3cf1-450d-d4d23fd55c33','去',0,'1',1507708407,0),('2c67a957-4a3e-1b0d-56c9-7f8798859464','3e0b1448-7562-48cc-f885-3986a3bee7fa','565052a5-304c-02e2-5c00-3df05bedd2e8','啊带我去单位',0,'1',1507707405,0),('2ca29bdb-223b-cba3-8fc5-2aab3d6d7b71','3e0b1448-7562-48cc-f885-3986a3bee7fa','de235cb1-e782-c715-d0bf-9f25aacab26b','1',0,'1',1507706595,0),('2d7717f5-ce5d-53c7-4eac-fd2626484d3c','b9d25df4-8e9e-f917-f559-4872db0b9ea6','4648861d-22c2-3cb2-1c63-cdb4175ef9ba','千真万确',0,'1',1508402796,0),('2e06de05-227e-2e89-9ff6-7bca1a6eb176','3e0b1448-7562-48cc-f885-3986a3bee7fa','565052a5-304c-02e2-5c00-3df05bedd2e8','12321321',0,'1',1507707401,0),('3263b8ef-6abe-6335-7f3f-57f09f271f1c','c3a9548d-832d-57f2-fdd9-18f9dc397fb5','a6fb6697-9401-93f0-fb6d-209f243f3ab2','全世界都借手机啊可',0,'1',1507706348,0),('3759d900-cbc6-ea70-c8f0-627807201e46','0f584f9c-befb-a17e-b205-765cd7efde33','2fae6eaa-1f5d-f545-ba39-b0e1cf164de4','你说啥',0,'1',1507772300,0),('3a5a9dba-3ab3-ddb8-6206-d9791bc523c9','3e0b1448-7562-48cc-f885-3986a3bee7fa','565052a5-304c-02e2-5c00-3df05bedd2e8','2',0,'1',1507707361,0),('3b8ef96b-eb5e-51eb-b436-4b9a4a6a7a4e','0f584f9c-befb-a17e-b205-765cd7efde33','308ee629-4dd7-a2e9-c257-437fb01c2b8c','略略略',0,'1',1507772223,0),('3ffe90dc-ffa6-0d03-1c8b-af6e5cd987d0','0f584f9c-befb-a17e-b205-765cd7efde33','6b06d05e-f26f-3fd5-1673-f8e005676c52','啊啊啊啊啊',0,'1',1508485534,0),('4082cbbf-c611-b2d4-bb8a-72f636d4eac0','3e0b1448-7562-48cc-f885-3986a3bee7fa','3b8ecbfa-0159-1846-dba0-7a7a99f8ece5','333',0,'1',1506583895,0),('46abba2d-e91c-6709-69a2-4db5f3a20c17','3e0b1448-7562-48cc-f885-3986a3bee7fa','d27394d6-689f-4c8c-a99c-de10eba4de05','1',0,'1',1507707597,0),('4c1f083d-6984-a68b-f07d-fda127c997fc','3e0b1448-7562-48cc-f885-3986a3bee7fa','565052a5-304c-02e2-5c00-3df05bedd2e8',' 请问',0,'1',1507707414,0),('4de8c966-f798-3131-5226-21aa6200987a','0a9064ba-711f-5049-9300-c0cc88e1edf7','ab4f9b18-3f2a-8432-0be6-eb9450d9197c','啦啦啦',0,'1',1508205796,0),('510ef22e-693f-384d-9b4e-55be61a33b63','3e0b1448-7562-48cc-f885-3986a3bee7fa','e5b38229-d217-90ef-3229-39459b7e90e0','请问方式',0,'1',1507707676,0),('5cf325d8-9857-556d-5940-e3d8165159ed','16e1481c-86e7-b9a5-e707-a1b2cdf766c3','d0a2a01b-189a-3eba-d78e-c8a577a501b4','来都来了说两句',0,'1',1506609802,0),('63a6aeff-e1e0-b7b6-beb5-730da9063c5e','3e0b1448-7562-48cc-f885-3986a3bee7fa','3b8ecbfa-0159-1846-dba0-7a7a99f8ece5','2222',1,'1',1506583879,0),('64693157-2365-2e99-62a6-25b6cbe3dee5','3e0b1448-7562-48cc-f885-3986a3bee7fa','e5b38229-d217-90ef-3229-39459b7e90e0','请问方式',0,'1',1507707679,0),('6687e7b8-4d83-e722-6add-aefde11eeebc','0a9064ba-711f-5049-9300-c0cc88e1edf7','d5f3ccb0-5b26-adcb-1a62-54194b479cc5','好巴适的',1,'1',1508770168,0),('66b99691-8d09-4339-e3b0-6610e9554e59','0f584f9c-befb-a17e-b205-765cd7efde33','c5b09c3a-62f6-e847-b9f2-e9e6a4990f6f','我觉得你是zz',1,'1',1507772317,0),('6cd0b714-f189-1926-a739-77bcc6d211b8','3e0b1448-7562-48cc-f885-3986a3bee7fa','e5b38229-d217-90ef-3229-39459b7e90e0','去去去',0,'1',1507708342,0),('7087efe3-1ffd-520b-2d8e-96e2484c5a53','3e0b1448-7562-48cc-f885-3986a3bee7fa','616f2e72-224d-39e8-a626-4c5d0602513f','111',1,'1',1506589684,0),('715fd6dd-1bed-0624-a97f-7342c33d37b3','3e0b1448-7562-48cc-f885-3986a3bee7fa','3b8ecbfa-0159-1846-dba0-7a7a99f8ece5','3333',0,'1',1506583881,0),('72c3a6b3-32e2-16b3-39c4-884d398261b0','3e0b1448-7562-48cc-f885-3986a3bee7fa','565052a5-304c-02e2-5c00-3df05bedd2e8','1231231',0,'1',1507707399,0),('75425b90-18a7-bc43-fea9-2b731bc4e4c6','3e0b1448-7562-48cc-f885-3986a3bee7fa','3bd1c61d-8445-3cb0-ce94-22446f2ff0b3','233\n',0,'1',1506582882,0),('7687f0a6-a4b0-d23f-9c6e-0e7abcb3a46b','3e0b1448-7562-48cc-f885-3986a3bee7fa','565052a5-304c-02e2-5c00-3df05bedd2e8','请我去打球',0,'1',1507707407,0),('7725a204-492e-5030-10c3-fcd5215b907b','16e1481c-86e7-b9a5-e707-a1b2cdf766c3','6d016893-bd69-77d5-9196-1148836374b0','路再多，也绕不过生活，心再强，也低不过纠结。人这一生，就是个忙，四分真忙，六分瞎忙，才把生活凑满十分，虽然有点不易，却也无穷乐趣。不与自己交战，不和烦恼共天，不让别人麻烦，就这样浅浅淡淡，凉爽且温暖，应该有多好！ ​​​​',1,'1',1506610236,0),('7a24ba7f-5db6-0c7e-24fe-0e9b1a6c23fe','c3a9548d-832d-57f2-fdd9-18f9dc397fb5','bc6a5da4-d287-6be7-a2d6-29efba1866dd','纳尼',0,'1',1507706959,0),('7a6e2661-d04b-e0ba-7177-f07851722a0a','3e0b1448-7562-48cc-f885-3986a3bee7fa','308ee629-4dd7-a2e9-c257-437fb01c2b8c','3',1,'1',1507772160,0),('7c1abc2d-22c3-3303-39b1-78dc1cc290f2','3e0b1448-7562-48cc-f885-3986a3bee7fa','de235cb1-e782-c715-d0bf-9f25aacab26b','1',0,'1',1507707301,0),('7cc7ef41-10b3-fb94-6832-2ab8654ff942','c3a9548d-832d-57f2-fdd9-18f9dc397fb5','caf48562-c68b-3cf1-450d-d4d23fd55c33','请问他',0,'1',1507708412,0),('7ce0d423-3a63-a845-cb00-794f8ede684e','3e0b1448-7562-48cc-f885-3986a3bee7fa','14f19dd0-1c71-7860-1f00-0743f04d847b','1111',0,'1',1507706791,0),('7f788e30-fef1-e93e-5b66-30d6b1d5ebca','3e0b1448-7562-48cc-f885-3986a3bee7fa','f0dc0d69-7749-c6c6-3f33-63a914590a37','啊拉拉',0,'1',1507705859,0),('7fa19a65-39e2-3da7-94f0-ef772fab2e3d','c3a9548d-832d-57f2-fdd9-18f9dc397fb5','ae851772-39a4-fe59-3071-7ee9eefbe7ff','请问我让他她也',0,'1',1507706492,0),('80080d31-ba54-3fd9-702d-38698e95ec93','c3a9548d-832d-57f2-fdd9-18f9dc397fb5','ae851772-39a4-fe59-3071-7ee9eefbe7ff','请问如果',0,'1',1507706499,0),('808d2c49-3c76-3e79-36f8-34b8891262bd','3e0b1448-7562-48cc-f885-3986a3bee7fa','338ec863-e311-bfc1-f412-8e2f2d175ff8','2',0,'1',1507708332,0),('80d87e11-d139-1d77-e93d-26d787335746','3e0b1448-7562-48cc-f885-3986a3bee7fa','f0dc0d69-7749-c6c6-3f33-63a914590a37','222',0,'1',1507705878,0),('888f5ab8-369d-2268-6c1f-201064d32a90','b9d25df4-8e9e-f917-f559-4872db0b9ea6','e5e42162-ee2f-3982-ae69-71333e21f7a2','eartrd',0,'1',1508485103,0),('90fa2b3c-2ca8-a704-5012-c63846f276db','0a9064ba-711f-5049-9300-c0cc88e1edf7','08d24c5e-f07b-7aa0-59e6-840e89752fe5','reply',0,'1',1505893953,0),('91637b72-bb71-5e28-3da7-24f1d4e41354','3e0b1448-7562-48cc-f885-3986a3bee7fa','14f19dd0-1c71-7860-1f00-0743f04d847b','111',0,'1',1507706784,0),('93025cb7-9e7a-7f16-74ec-61ec8487fbd9','0a9064ba-711f-5049-9300-c0cc88e1edf7','08d24c5e-f07b-7aa0-59e6-840e89752fe5','reply',1,'1',1505893818,0),('9380b01f-8401-ae98-6c5b-b485c793caf1','c3a9548d-832d-57f2-fdd9-18f9dc397fb5','2af2196f-1932-8cbb-e8ba-85220fb4d8f7','啊阿迪达斯',0,'1',1507706306,0),('93943446-15c7-a5be-7e97-e6bb8bf4f072','3e0b1448-7562-48cc-f885-3986a3bee7fa','f0dc0d69-7749-c6c6-3f33-63a914590a37','222',0,'1',1507705843,0),('93cb504c-f1cd-109a-62c1-7ff7a267f164','3e0b1448-7562-48cc-f885-3986a3bee7fa','3bd1c61d-8445-3cb0-ce94-22446f2ff0b3','2222',2,'1',1506582875,0),('941a47c6-5555-5d33-85ad-f8b7cf3d7239','c3a9548d-832d-57f2-fdd9-18f9dc397fb5','4f9c5948-61e2-dfbf-cb20-bd86b2069aaa','均安静啊姐姐安静啊',0,'1',1507706314,0),('942e1788-3813-16a0-0f31-4670bb6cea01','3e0b1448-7562-48cc-f885-3986a3bee7fa','f0dc0d69-7749-c6c6-3f33-63a914590a37','啦啦啦啦',0,'1',1507705846,0),('95a10050-a16e-9796-223c-1dfcf59ff110','3e0b1448-7562-48cc-f885-3986a3bee7fa','e5b38229-d217-90ef-3229-39459b7e90e0','3333',0,'1',1507772174,0),('98288297-abb6-cc2c-702f-63bbb7162b5a','3e0b1448-7562-48cc-f885-3986a3bee7fa','de235cb1-e782-c715-d0bf-9f25aacab26b','1',0,'1',1507707304,0),('99b2c1bb-e21c-d47f-6a27-99e9603771ed','3e0b1448-7562-48cc-f885-3986a3bee7fa','3bd1c61d-8445-3cb0-ce94-22446f2ff0b3','111',0,'1',1506582872,0),('99ebf2c2-816a-14f3-7daa-82392f34d71e','3e0b1448-7562-48cc-f885-3986a3bee7fa','565052a5-304c-02e2-5c00-3df05bedd2e8','去呜呜呜呜呜呜呜呜呜呜呜呜呜呜',0,'1',1507707420,0),('9a66b7c6-8f35-2fd3-5d7a-0b3b7e57fe5d','c3a9548d-832d-57f2-fdd9-18f9dc397fb5','218e90e3-b90d-0f44-228e-df0a9dbd3e7f','就当护士九十斤澳柯玛',0,'1',1507706812,0),('9a99e06f-099c-12b2-e433-60ad2585f22d','3e0b1448-7562-48cc-f885-3986a3bee7fa','0164737b-832a-9b0c-20e4-f5b5582df1ae','222',0,'1',1508294639,0),('9bf7616b-4761-acda-6e2a-bd919c43bd37','c3a9548d-832d-57f2-fdd9-18f9dc397fb5','4e7b204e-0f0d-2653-52f5-d5a46642243a','去去去去去',0,'1',1508834275,0),('9ecf7ca0-7ae8-fdb2-f83a-5dba356c9a3e','c3a9548d-832d-57f2-fdd9-18f9dc397fb5','caf48562-c68b-3cf1-450d-d4d23fd55c33','纳尼',0,'1',1507708416,0),('9f45b606-9b49-d3c1-50fb-e98222206e03','c3a9548d-832d-57f2-fdd9-18f9dc397fb5','32465e63-d157-d854-9284-5a7d7c3f42ae','1',0,'1',1507707172,0),('a09ad3f1-a986-5bf0-5b24-db95780b55c9','16e1481c-86e7-b9a5-e707-a1b2cdf766c3','3648d598-8bfa-e158-02c8-262650972c87','我来说两句',0,'1',1508227858,0),('a2c7abb9-3cf7-6df9-147b-a3b8a8006698','3e0b1448-7562-48cc-f885-3986a3bee7fa','565052a5-304c-02e2-5c00-3df05bedd2e8','2',0,'1',1507707365,0),('a2dbf709-f7e5-bad0-88fd-ee57224d038d','3e0b1448-7562-48cc-f885-3986a3bee7fa','a7a0c05a-accd-5168-f9bb-4d66fd4cac2f','111',0,'1',1507692271,0),('a3e36e74-8aff-ca11-2a82-8ab23068cb0f','16e1481c-86e7-b9a5-e707-a1b2cdf766c3','ee606678-a5d0-2a6f-2293-225ad3f9b55a','测试评论下',0,'1',1508227824,0),('ad1d55ed-8317-ff22-b95e-8172039e16f0','3e0b1448-7562-48cc-f885-3986a3bee7fa','565052a5-304c-02e2-5c00-3df05bedd2e8','趣味无穷的',0,'1',1507707410,0),('b8e79f28-0d55-e7d1-9fd1-1fb7e5b8212c','c3a9548d-832d-57f2-fdd9-18f9dc397fb5','831e024b-8f9d-251b-ff11-491181531a8d','弄手机爱节哀卡卡\n',0,'1',1507706376,0),('bb2b38be-74d9-eeaf-3aa5-a0efd8108018','c3a9548d-832d-57f2-fdd9-18f9dc397fb5','2af2196f-1932-8cbb-e8ba-85220fb4d8f7','略略略',0,'1',1507706297,0),('bc122da9-c74c-acfc-e366-1e586544846b','3e0b1448-7562-48cc-f885-3986a3bee7fa','f0dc0d69-7749-c6c6-3f33-63a914590a37','222',0,'1',1507705852,0),('bcb7e8c2-5b22-b679-a45c-6838c9f176b9','c3a9548d-832d-57f2-fdd9-18f9dc397fb5','4f9c5948-61e2-dfbf-cb20-bd86b2069aaa','去无为啊',0,'1',1507706333,0),('be6837c2-6228-018c-63e3-cdbf70edfd75','b9d25df4-8e9e-f917-f559-4872db0b9ea6','88c3adb8-9ce6-345e-31b4-929062e33981','罢课……在于自己的',0,'1',1507706932,0),('bfc35c1f-84ee-7aab-9f9c-d44d4496670d','b9d25df4-8e9e-f917-f559-4872db0b9ea6','88c3adb8-9ce6-345e-31b4-929062e33981','嗓门儿们的生活费',0,'1',1507706959,0),('c3122e72-6907-2e6f-2b33-0f99c5f25e08','3e0b1448-7562-48cc-f885-3986a3bee7fa','04342153-cd9c-728b-caba-657e45a17a31','回复评论 啊啊',1,'1',1506570813,0),('c396c2ba-461c-7d71-257d-38222731b527','16e1481c-86e7-b9a5-e707-a1b2cdf766c3','3648d598-8bfa-e158-02c8-262650972c87','我再来说两句',0,'1',1508227871,0),('c3e11d07-fc56-d279-17db-4fcc1fd8aa5d','16e1481c-86e7-b9a5-e707-a1b2cdf766c3','4d9309db-b6a3-0715-de50-3618262a420b','来都来了',0,'1',1506609609,0),('c68eb8ba-fc28-b2bc-0546-2f445e0ae1c2','c3a9548d-832d-57f2-fdd9-18f9dc397fb5','bc6a5da4-d287-6be7-a2d6-29efba1866dd','在哪',0,'1',1507706977,0),('cb381fe8-e3c4-b2bb-e36d-4dd05d677227','c3a9548d-832d-57f2-fdd9-18f9dc397fb5','3bd1c61d-8445-3cb0-ce94-22446f2ff0b3','手机随你睡觉啊姐姐',0,'1',1506584059,0),('cfae148c-ad9a-137a-0dbf-20d853003bb4','c3a9548d-832d-57f2-fdd9-18f9dc397fb5','831e024b-8f9d-251b-ff11-491181531a8d','风光好管我',0,'1',1507706475,0),('d0af0bbf-2167-cd2f-57a6-192aa56b5596','3e0b1448-7562-48cc-f885-3986a3bee7fa','308ee629-4dd7-a2e9-c257-437fb01c2b8c','1',1,'1',1507772156,0),('d1777c55-12ce-5bde-a8d1-93026e76bb2f','3e0b1448-7562-48cc-f885-3986a3bee7fa','565052a5-304c-02e2-5c00-3df05bedd2e8','1',0,'1',1507707368,0),('d53eeabe-6337-f167-607c-8edd865fc18d','0a9064ba-711f-5049-9300-c0cc88e1edf7','2d5b7298-f1c8-92d1-52b0-d38019ff7b47','评论点赞????',1,'1',1508394328,0),('d5c5f9b7-c99e-0e41-49f0-d15bf6e4e376','c3a9548d-832d-57f2-fdd9-18f9dc397fb5','4f9c5948-61e2-dfbf-cb20-bd86b2069aaa','哈',0,'1',1507706318,0),('db42cd6e-0a4c-cd7d-aa73-cb05378d6874','3e0b1448-7562-48cc-f885-3986a3bee7fa','04342153-cd9c-728b-caba-657e45a17a31','222',0,'1',1506570635,0),('deb7f7e3-1570-ccc6-f1c2-f3dba990750f','c3a9548d-832d-57f2-fdd9-18f9dc397fb5','ad90abac-2059-f535-1fc8-4af909353965','去去去去',0,'1',1507706710,0),('dfbb2727-6771-0f7f-57d8-c6057d9b08f7','0f584f9c-befb-a17e-b205-765cd7efde33','308ee629-4dd7-a2e9-c257-437fb01c2b8c','呵呵哈哈哈',0,'1',1507772215,0),('e1f81f0a-5146-2333-90a2-98a05b2b1aa3','3e0b1448-7562-48cc-f885-3986a3bee7fa','565052a5-304c-02e2-5c00-3df05bedd2e8','1',0,'1',1507707397,0),('e22be5dd-6627-b560-08f5-c12718f998a3','3e0b1448-7562-48cc-f885-3986a3bee7fa','308ee629-4dd7-a2e9-c257-437fb01c2b8c','2',0,'1',1507772158,0),('e2ed7dc0-66c3-5cb7-c921-59bb451cdce4','0f584f9c-befb-a17e-b205-765cd7efde33','9537498d-58a8-d79d-fae6-fcf47d074954','嗯？',0,'1',1507772237,0),('e39ec9df-4eac-ddb7-3a49-46e5ef6afbec','9175a40c-31f2-bbec-2134-27935378cf65','5107f5b2-20a4-c51e-3795-2b8c896d27d4','啦啦啦',0,'1',1508639345,0),('e408406f-118e-0bad-0be3-84ce593343cc','16e1481c-86e7-b9a5-e707-a1b2cdf766c3','6d016893-bd69-77d5-9196-1148836374b0','路再多，也绕不过生活，心再强，也低不过纠结。人这一生，就是个忙，四分真忙，六分瞎忙，才把生活凑满十分，虽然有点不易，却也无穷乐趣。不与自己交战，不和烦恼共天，不让别人麻烦，就这样浅浅淡淡，凉爽且温暖，应该有多好！ ​​​​',0,'1',1506610244,0),('e496ba7e-8164-54f3-a941-52ae9f256e25','c3a9548d-832d-57f2-fdd9-18f9dc397fb5','caf48562-c68b-3cf1-450d-d4d23fd55c33','略略略',0,'1',1507708420,0),('e79237cd-1de8-cf12-5ff4-b1fdaeebe600','c3a9548d-832d-57f2-fdd9-18f9dc397fb5','218e90e3-b90d-0f44-228e-df0a9dbd3e7f','去污而后生活',0,'1',1507706845,0),('e7b7b77f-9114-ee1b-ba35-a89867db3fe8','3e0b1448-7562-48cc-f885-3986a3bee7fa','3cb4b0cc-5783-07ac-8718-b3f7f560801f','1111',0,'1',1508483138,0),('eb97d8cb-9d45-c39c-5ece-df31f1e6fc08','c3a9548d-832d-57f2-fdd9-18f9dc397fb5','831e024b-8f9d-251b-ff11-491181531a8d','那伤口斯卡拉',0,'1',1507706382,0),('edb99a72-444d-e5b3-3001-11019f19fc1e','3e0b1448-7562-48cc-f885-3986a3bee7fa','3cb4b0cc-5783-07ac-8718-b3f7f560801f','1111',0,'1',1508483138,0),('f1fdc070-79f9-6cfd-9055-b3b20f69b1cf','c3a9548d-832d-57f2-fdd9-18f9dc397fb5','3bd1c61d-8445-3cb0-ce94-22446f2ff0b3','我说啥我不知道是哦啥\n',0,'1',1506584037,0),('f2d2a642-d8aa-89cf-4e31-f267a22cd33c','3e0b1448-7562-48cc-f885-3986a3bee7fa','3bd1c61d-8445-3cb0-ce94-22446f2ff0b3','111',0,'1',1506582512,0),('fe317fa8-76bf-d54d-7609-c7737bf09ee4','c3a9548d-832d-57f2-fdd9-18f9dc397fb5','a6fb6697-9401-93f0-fb6d-209f243f3ab2','就是建设卡卡',0,'1',1507706352,0);

#
# Structure for table "xds_comment_operate"
#

DROP TABLE IF EXISTS `xds_comment_operate`;
CREATE TABLE `xds_comment_operate` (
  `id` int(11) unsigned NOT NULL AUTO_INCREMENT,
  `user_id` char(36) NOT NULL DEFAULT '' COMMENT '操作人主键id',
  `comment_id` char(36) NOT NULL DEFAULT '' COMMENT '评论主键ID',
  `create_time` int(11) unsigned NOT NULL DEFAULT '0' COMMENT '操作时间',
  `delete_time` int(11) NOT NULL DEFAULT '0',
  PRIMARY KEY (`id`)
) ENGINE=InnoDB AUTO_INCREMENT=150 DEFAULT CHARSET=utf8 ROW_FORMAT=DYNAMIC COMMENT='评论操作表';

#
# Data for table "xds_comment_operate"
#

INSERT INTO `xds_comment_operate` VALUES (107,'0a9064ba-711f-5049-9300-c0cc88e1edf7','90fa2b3c-2ca8-a704-5012-c63846f276db',1505903400,1505904909),(108,'0a9064ba-711f-5049-9300-c0cc88e1edf7','90fa2b3c-2ca8-a704-5012-c63846f276db',1505904864,1505904909),(109,'0a9064ba-711f-5049-9300-c0cc88e1edf7','93025cb7-9e7a-7f16-74ec-61ec8487fbd9',1505904929,1505904945),(110,'0a9064ba-711f-5049-9300-c0cc88e1edf7','93025cb7-9e7a-7f16-74ec-61ec8487fbd9',1505904950,0),(111,'3e0b1448-7562-48cc-f885-3986a3bee7fa','c3122e72-6907-2e6f-2b33-0f99c5f25e08',1506581653,1506582274),(112,'3e0b1448-7562-48cc-f885-3986a3bee7fa','db42cd6e-0a4c-cd7d-aa73-cb05378d6874',1506581669,1506582277),(113,'3e0b1448-7562-48cc-f885-3986a3bee7fa','c3122e72-6907-2e6f-2b33-0f99c5f25e08',1506581702,1506582274),(114,'3e0b1448-7562-48cc-f885-3986a3bee7fa','c3122e72-6907-2e6f-2b33-0f99c5f25e08',1506582088,1506582274),(115,'3e0b1448-7562-48cc-f885-3986a3bee7fa','c3122e72-6907-2e6f-2b33-0f99c5f25e08',1506582104,1506582274),(116,'3e0b1448-7562-48cc-f885-3986a3bee7fa','c3122e72-6907-2e6f-2b33-0f99c5f25e08',1506582105,1506582274),(117,'3e0b1448-7562-48cc-f885-3986a3bee7fa','db42cd6e-0a4c-cd7d-aa73-cb05378d6874',1506582107,1506582277),(118,'3e0b1448-7562-48cc-f885-3986a3bee7fa','c3122e72-6907-2e6f-2b33-0f99c5f25e08',1506582149,1506582274),(119,'3e0b1448-7562-48cc-f885-3986a3bee7fa','c3122e72-6907-2e6f-2b33-0f99c5f25e08',1506582151,1506582274),(120,'3e0b1448-7562-48cc-f885-3986a3bee7fa','c3122e72-6907-2e6f-2b33-0f99c5f25e08',1506582152,1506582274),(121,'3e0b1448-7562-48cc-f885-3986a3bee7fa','c3122e72-6907-2e6f-2b33-0f99c5f25e08',1506582154,1506582274),(122,'3e0b1448-7562-48cc-f885-3986a3bee7fa','c3122e72-6907-2e6f-2b33-0f99c5f25e08',1506582174,1506582274),(123,'3e0b1448-7562-48cc-f885-3986a3bee7fa','c3122e72-6907-2e6f-2b33-0f99c5f25e08',1506582176,1506582274),(124,'3e0b1448-7562-48cc-f885-3986a3bee7fa','c3122e72-6907-2e6f-2b33-0f99c5f25e08',1506582177,1506582274),(125,'3e0b1448-7562-48cc-f885-3986a3bee7fa','c3122e72-6907-2e6f-2b33-0f99c5f25e08',1506582177,1506582274),(126,'3e0b1448-7562-48cc-f885-3986a3bee7fa','c3122e72-6907-2e6f-2b33-0f99c5f25e08',1506582269,1506582274),(127,'3e0b1448-7562-48cc-f885-3986a3bee7fa','c3122e72-6907-2e6f-2b33-0f99c5f25e08',1506582271,1506582274),(128,'3e0b1448-7562-48cc-f885-3986a3bee7fa','c3122e72-6907-2e6f-2b33-0f99c5f25e08',1506582272,1506582274),(129,'3e0b1448-7562-48cc-f885-3986a3bee7fa','c3122e72-6907-2e6f-2b33-0f99c5f25e08',1506582272,1506582274),(130,'3e0b1448-7562-48cc-f885-3986a3bee7fa','c3122e72-6907-2e6f-2b33-0f99c5f25e08',1506582272,1506582274),(131,'3e0b1448-7562-48cc-f885-3986a3bee7fa','c3122e72-6907-2e6f-2b33-0f99c5f25e08',1506582273,1506582274),(132,'3e0b1448-7562-48cc-f885-3986a3bee7fa','c3122e72-6907-2e6f-2b33-0f99c5f25e08',1506582275,0),(133,'3e0b1448-7562-48cc-f885-3986a3bee7fa','db42cd6e-0a4c-cd7d-aa73-cb05378d6874',1506582276,1506582277),(134,'3e0b1448-7562-48cc-f885-3986a3bee7fa','93cb504c-f1cd-109a-62c1-7ff7a267f164',1506582967,0),(135,'3e0b1448-7562-48cc-f885-3986a3bee7fa','63a6aeff-e1e0-b7b6-beb5-730da9063c5e',1506583882,0),(136,'c3a9548d-832d-57f2-fdd9-18f9dc397fb5','93cb504c-f1cd-109a-62c1-7ff7a267f164',1506584022,0),(137,'3e0b1448-7562-48cc-f885-3986a3bee7fa','7087efe3-1ffd-520b-2d8e-96e2484c5a53',1506589686,0),(138,'16e1481c-86e7-b9a5-e707-a1b2cdf766c3','7725a204-492e-5030-10c3-fcd5215b907b',1506610250,0),(139,'3e0b1448-7562-48cc-f885-3986a3bee7fa','a2dbf709-f7e5-bad0-88fd-ee57224d038d',1507692278,1507692279),(140,'3e0b1448-7562-48cc-f885-3986a3bee7fa','0e81db5b-d828-c4eb-ea91-11b8875e5bdd',1507707412,0),(141,'0f584f9c-befb-a17e-b205-765cd7efde33','66b99691-8d09-4339-e3b0-6610e9554e59',1507772321,0),(142,'0f584f9c-befb-a17e-b205-765cd7efde33','d0af0bbf-2167-cd2f-57a6-192aa56b5596',1507772340,0),(143,'0f584f9c-befb-a17e-b205-765cd7efde33','7a6e2661-d04b-e0ba-7177-f07851722a0a',1507772341,0),(144,'0a9064ba-711f-5049-9300-c0cc88e1edf7','4de8c966-f798-3131-5226-21aa6200987a',1508205800,1508394363),(145,'3e0b1448-7562-48cc-f885-3986a3bee7fa','1181b137-6f65-d6a4-38f5-e4800004e1ec',1508294635,1508294636),(146,'3e0b1448-7562-48cc-f885-3986a3bee7fa','1181b137-6f65-d6a4-38f5-e4800004e1ec',1508294637,0),(147,'0a9064ba-711f-5049-9300-c0cc88e1edf7','d53eeabe-6337-f167-607c-8edd865fc18d',1508394331,0),(148,'0a9064ba-711f-5049-9300-c0cc88e1edf7','6687e7b8-4d83-e722-6add-aefde11eeebc',1508770174,0),(149,'0a9064ba-711f-5049-9300-c0cc88e1edf7','26249cf4-367d-f5bb-72cc-b11b2d431d6c',1508770481,0);

#
# Structure for table "xds_communication"
#

DROP TABLE IF EXISTS `xds_communication`;
CREATE TABLE `xds_communication` (
  `id` char(36) NOT NULL DEFAULT '',
  `user_id` char(36) NOT NULL DEFAULT '' COMMENT '外键，发表者用户id',
  `community_id` char(36) NOT NULL DEFAULT '' COMMENT '行动社ID',
  `content` text NOT NULL COMMENT '内容',
  `location` varchar(255) NOT NULL DEFAULT '' COMMENT '位置',
  `likes` int(11) unsigned NOT NULL DEFAULT '0' COMMENT '点赞数',
  `comments` int(11) unsigned NOT NULL DEFAULT '0' COMMENT '评论数',
  `shares` int(11) unsigned NOT NULL DEFAULT '0' COMMENT '转发数',
  `hits` int(11) unsigned NOT NULL DEFAULT '0' COMMENT '查看数',
  `create_time` int(10) unsigned NOT NULL DEFAULT '0' COMMENT '创建时间',
  `update_time` int(10) unsigned NOT NULL DEFAULT '0' COMMENT '更新时间',
  `delete_time` int(10) unsigned NOT NULL DEFAULT '0' COMMENT '删除时间',
  PRIMARY KEY (`id`),
  KEY `type_status_date` (`create_time`,`id`),
  KEY `user_id` (`user_id`),
  KEY `community_id` (`community_id`)
) ENGINE=InnoDB DEFAULT CHARSET=utf8 ROW_FORMAT=COMPACT COMMENT='交流区表';

#
# Data for table "xds_communication"
#

INSERT INTO `xds_communication` VALUES ('0164737b-832a-9b0c-20e4-f5b5582df1ae','3e0b1448-7562-48cc-f885-3986a3bee7fa','a7e3276b-95c7-806f-c6c9-a6d004011c15','{\"text\":\"&#128127;\",\"imgUrl\":[]}','',2,2,0,92,1508293837,1508293837,0),('03003c74-f434-a87a-d48b-7240a2dee97d','b9d25df4-8e9e-f917-f559-4872db0b9ea6','9b3c8069-acba-6686-3e35-a3dbc4872d8d','{\"text\":\"集赞 !! 集齐66个赞,,换取现金5元 !!\",\"imgUrl\":[]}','',1,0,0,53,1508399538,1508399538,0),('05ea83b8-abed-885e-0746-f1f1259b1ca9','9175a40c-31f2-bbec-2134-27935378cf65','7d081b3c-1c59-b827-d71a-561c58db5a87','{\"record\":\"http://xds-mts-output.oss-cn-beijing.aliyuncs.com/wx_download_2017102210275159ec02277cf99_oss.mp3\"}','',0,0,0,33,1508639275,1508639275,0),('08481773-44b5-53fe-c1a2-b5b6b6b6e1a0','c3a9548d-832d-57f2-fdd9-18f9dc397fb5','ec685e49-3456-6a37-8220-be6bb35868ae','{\"record\":\"http://xds-mts-output.oss-cn-beijing.aliyuncs.com/wx_download_2017101909432259e8033acd1d6_oss.mp3\"}','',0,0,0,200,1508377420,1508377420,0),('0a294b7f-8057-bdf4-58ef-079f8ebe027d','c3a9548d-832d-57f2-fdd9-18f9dc397fb5','58d153d9-1702-e225-7cbc-59a453386bca','{\"text\":\"@(۩⊙o⊙۩)我选择死亡(ಥ_ಥ)是在下输了\",\"imgUrl\":[]}','',1,0,0,58,1508293298,1508293298,0),('0f2c1bf4-43f0-337e-4271-68a212832c32','3e0b1448-7562-48cc-f885-3986a3bee7fa','ec685e49-3456-6a37-8220-be6bb35868ae','{\"text\":\"2222\",\"imgUrl\":[]}','',0,0,0,386,1508205770,1508205770,0),('147ac707-da87-dbf5-33dc-48a97d8595fb','0f584f9c-befb-a17e-b205-765cd7efde33','ec685e49-3456-6a37-8220-be6bb35868ae','{\"record\":\"http://xds-mts-output.oss-cn-beijing.aliyuncs.com/wx_download_2017101910212159e80c21cc0db_oss.mp3\"}','',0,0,0,153,1508379686,1508379686,0),('17930144-78b4-8691-ed9e-a8539265c5ec','b9d25df4-8e9e-f917-f559-4872db0b9ea6','a39fb9d1-42fb-96e6-9a4a-4e38e85237f6','{\"text\":\"bobbing and watching \",\"imgUrl\":[]}','',0,0,0,8,1508484667,1508484667,0),('1eaefeb2-f67a-6e45-7be7-03d88df96cb4','0f584f9c-befb-a17e-b205-765cd7efde33','67ff98d2-677b-fb18-8dad-83a39b2e8766','{\"text\":\"4444\",\"imgUrl\":[]}','',0,0,0,3,1508731803,1508731803,0),('2031f797-ba51-cb25-db01-16473279d822','0a9064ba-711f-5049-9300-c0cc88e1edf7','b71c1509-6809-e1a5-67e0-b96fe3fec8df','{\"text\":\"哈哈哈哈\",\"imgUrl\":[]}','',1,0,0,16,1508482790,1508482790,0),('22d492f9-0214-7b01-fb93-eef0f91651db','0f584f9c-befb-a17e-b205-765cd7efde33','67ff98d2-677b-fb18-8dad-83a39b2e8766','{\"text\":\"333\",\"imgUrl\":[]}','',0,0,0,6,1508731738,1508731738,0),('24ac6954-da46-cfa2-8006-4afaa2e29edd','0f584f9c-befb-a17e-b205-765cd7efde33','ec685e49-3456-6a37-8220-be6bb35868ae','{\"text\":\"11111111\",\"imgUrl\":[]}','香洲区南屏V12文化创意产业园东南',0,0,0,365,1508205746,1508205746,0),('25e74ad0-a72e-e114-37bf-33dddbb8000f','c3a9548d-832d-57f2-fdd9-18f9dc397fb5','ec685e49-3456-6a37-8220-be6bb35868ae','{\"text\":\"去去去去\",\"imgUrl\":[]}','',1,0,0,284,1508293660,1508293660,0),('2a3c048a-6ea1-9f7a-0b1f-c3cbdd1daa0e','0f584f9c-befb-a17e-b205-765cd7efde33','67ff98d2-677b-fb18-8dad-83a39b2e8766','{\"text\":\"2222\",\"imgUrl\":[]}','',0,0,0,9,1508731661,1508731661,0),('2c0f5342-35e2-b8e4-53cb-e26a15e3eedc','0f584f9c-befb-a17e-b205-765cd7efde33','a7e3276b-95c7-806f-c6c9-a6d004011c15','{\"text\":\"&#128513;                     \",\"imgUrl\":[]}','',0,0,0,66,1508293601,1508293601,0),('2d5b7298-f1c8-92d1-52b0-d38019ff7b47','0a9064ba-711f-5049-9300-c0cc88e1edf7','8801efbd-1bd5-50d8-3b89-bea68d6a316c','{\"text\":\"被赞美着的往往也是被绑架着的。\",\"imgUrl\":[]}','',1,1,0,13,1508391868,1508391868,0),('32c48360-8c4a-c734-3a88-ece21859370a','b9d25df4-8e9e-f917-f559-4872db0b9ea6','dc632f78-d7e8-18e6-1e37-d2e759329e7c','{\"text\":\"集赞换现金\",\"imgUrl\":[]}','',2,0,0,50,1508403380,1508403380,0),('341d09ea-b2fa-8001-8d3e-93de681b1d48','c3a9548d-832d-57f2-fdd9-18f9dc397fb5','a7e3276b-95c7-806f-c6c9-a6d004011c15','{\"text\":\"111\",\"imgUrl\":[\"http://xds-test.oss-cn-beijing.aliyuncs.com/user-dir/PRxD5v2brvyJs6DVgvundefinedkfCvDFDzJj7jC.png\",\"http://xds-test.oss-cn-beijing.aliyuncs.com/user-dir/g2108vajK3uHWUP3ppSntK0vqcqUp9BU.png\",\"http://xds-test.oss-cn-beijing.aliyuncs.com/user-dir/CW0GqpjpUtqqfxvE311pweaD13adD3Vg.png\",\"http://xds-test.oss-cn-beijing.aliyuncs.com/user-dir/mR5GEbLfpundefinedgx8YFX6tJnjVV6w1eJDFDm.png\",\"http://xds-test.oss-cn-beijing.aliyuncs.com/user-dir/yK1tdundefinedXKe4cwqCzkejv0gLn8HRzkzhDG.png\",\"http://xds-test.oss-cn-beijing.aliyuncs.com/user-dir/8hsGJCv8kHqCg4JqHtGik4rG0DckaKqs.png\",\"http://xds-test.oss-cn-beijing.aliyuncs.com/user-dir/b1PKwnQbP6Lpb7vxQ5WXvDeyDSUEuykz.png\",\"http://xds-test.oss-cn-beijing.aliyuncs.com/user-dir/VjQcmaUhXWWDyzmUnuf02E4rzEBtmvEr.png\",\"http://xds-test.oss-cn-beijing.aliyuncs.com/user-dir/iGi7ziWkVr53CQQWjakibKHXrH9izCEq.png\"]}','',0,0,0,10,1508491846,1508491846,0),('344c466d-7d7a-2e03-1876-64811d69d26f','0f584f9c-befb-a17e-b205-765cd7efde33','2d186dae-8300-492a-fa64-5ed167ed8510','{\"record\":\"http://xds-mts-output.oss-cn-beijing.aliyuncs.com/wx_download_2017102113220659ead97ec56c5_oss.mp3\"}','',0,0,0,4,1508563331,1508563331,0),('358af815-4941-14ac-0452-f1a8fba8275c','b9d25df4-8e9e-f917-f559-4872db0b9ea6','5e539f48-231e-7eb5-145c-646da24ae942','{\"text\":\"test\",\"imgUrl\":[]}','',2,0,0,55,1508394504,1508394504,0),('3648d598-8bfa-e158-02c8-262650972c87','16e1481c-86e7-b9a5-e707-a1b2cdf766c3','ec685e49-3456-6a37-8220-be6bb35868ae','{\"text\":\"一张图片什么效果\",\"imgUrl\":[\"http://xds-test.oss-cn-beijing.aliyuncs.com/user-dir/JkyehK2qxv7jC0PPS92ktgki3Tb4UgxC.png\"]}','香洲区南屏V12文化创意产业园',1,2,0,347,1508211394,1508211394,0),('37a1e2f6-aa23-f217-dcaa-add0dc1b9f37','c3a9548d-832d-57f2-fdd9-18f9dc397fb5','ec685e49-3456-6a37-8220-be6bb35868ae','{\"record\":\"http://xds-mts-output.oss-cn-beijing.aliyuncs.com/wx_download_2017101916174759e85fabd7c1b_oss.mp3\"}','',1,0,0,129,1508401072,1508401072,0),('3a47812a-558d-c7c1-8448-3ee0c38daecb','c3a9548d-832d-57f2-fdd9-18f9dc397fb5','ec685e49-3456-6a37-8220-be6bb35868ae','{\"record\":\"http://xds-mts-output.oss-cn-beijing.aliyuncs.com/wx_download_2017101916155659e85f3c192c5_oss.mp3\"}','',1,0,0,133,1508400963,1508400963,0),('3cb4b0cc-5783-07ac-8718-b3f7f560801f','3e0b1448-7562-48cc-f885-3986a3bee7fa','c95134b4-83d5-ce44-6e79-c3273f807e71','{\"text\":\"2222\",\"imgUrl\":[]}','',0,2,0,13,1508483092,1508483092,0),('3cf28733-266b-0795-bab8-e76789c1e3b6','0f584f9c-befb-a17e-b205-765cd7efde33','2d186dae-8300-492a-fa64-5ed167ed8510','{\"text\":\"11\",\"imgUrl\":[]}','',0,0,0,1,1508724260,1508724260,0),('3ea8b305-829d-bf2c-9d13-f1e025c597ef','0f584f9c-befb-a17e-b205-765cd7efde33','2d186dae-8300-492a-fa64-5ed167ed8510','{\"text\":\"四季酒\",\"imgUrl\":[]}','',0,0,0,9,1508484372,1508484372,0),('45ee6b99-dbfc-eac6-647c-6b4dd4c43c22','0a9064ba-711f-5049-9300-c0cc88e1edf7','05782e51-f174-74e1-f358-91a1011b1daf','{\"text\":\"啦啦啦啦啦啦啦啦啦\",\"imgUrl\":[]}','',1,0,0,2,1508813449,1508813449,0),('4648861d-22c2-3cb2-1c63-cdb4175ef9ba','b9d25df4-8e9e-f917-f559-4872db0b9ea6','9b3c8069-acba-6686-3e35-a3dbc4872d8d','{\"text\":\"集赞 !! 够10个赞兑换 1000元\",\"imgUrl\":[]}','',1,1,0,50,1508402784,1508402784,0),('4844e5a3-899e-3bbd-fb15-f200f3bcb6b8','0a9064ba-711f-5049-9300-c0cc88e1edf7','b71c1509-6809-e1a5-67e0-b96fe3fec8df','{\"text\":\"曾经意外\",\"imgUrl\":[]}','',0,0,0,19,1508482110,1508482110,0),('4c065db6-9a85-c1f9-4e41-057835cbe815','3e0b1448-7562-48cc-f885-3986a3bee7fa','c95134b4-83d5-ce44-6e79-c3273f807e71','{\"text\":\"1111\",\"imgUrl\":[]}','',0,0,0,14,1508483082,1508483082,0),('4da215ec-51d0-a737-39fc-1520869cc259','3e0b1448-7562-48cc-f885-3986a3bee7fa','ec685e49-3456-6a37-8220-be6bb35868ae','{\"text\":\"1111\",\"imgUrl\":[]}','',0,0,0,5,1508289222,1508291237,1508291237),('4e7b204e-0f0d-2653-52f5-d5a46642243a','c3a9548d-832d-57f2-fdd9-18f9dc397fb5','a39fb9d1-42fb-96e6-9a4a-4e38e85237f6','{\"text\":\"啊啊啊啊什么鬼= =ㄖㄙㄖ‖\",\"imgUrl\":[\"http://xds-test.oss-cn-beijing.aliyuncs.com/user-dir/PXdS0qfvUYjundefinedUFGSqpwq2Dc2zWhWctr6.png\",\"http://xds-test.oss-cn-beijing.aliyuncs.com/user-dir/J1SJGGBPcJEx2YixPbRr63sYf4s6UX3e.png\",\"http://xds-test.oss-cn-beijing.aliyuncs.com/user-dir/axUhwpLrSyWRt1bXe2undefinedeKD1xtEc6c7uu.png\"]}','华发商都',1,1,0,2,1508834260,1508834260,0),('4eef3cc1-efa9-c3c4-4b6e-32ede809730a','3e0b1448-7562-48cc-f885-3986a3bee7fa','c95134b4-83d5-ce44-6e79-c3273f807e71','{\"text\":\"4444\",\"imgUrl\":[]}','',0,0,0,8,1508483986,1508483986,0),('4f51392d-e761-b7b2-f196-cdc0fbc9af19','0f584f9c-befb-a17e-b205-765cd7efde33','ec685e49-3456-6a37-8220-be6bb35868ae','{\"record\":\"http://xds-mts-output.oss-cn-beijing.aliyuncs.com/wx_download_2017101909584359e806d33a737_oss.mp3\"}','',0,0,0,178,1508378387,1508378387,0),('504e2916-900b-cfd2-8f61-ad504258130c','3e0b1448-7562-48cc-f885-3986a3bee7fa','a7e3276b-95c7-806f-c6c9-a6d004011c15','{\"text\":\"1111\",\"imgUrl\":[]}','',2,0,0,98,1508293146,1508293146,0),('5107f5b2-20a4-c51e-3795-2b8c896d27d4','9175a40c-31f2-bbec-2134-27935378cf65','7d081b3c-1c59-b827-d71a-561c58db5a87','{\"text\":\"测试\",\"imgUrl\":[]}','',1,1,0,30,1508639323,1508639323,0),('5110e09a-7583-168e-21b5-96e5414a634d','3e0b1448-7562-48cc-f885-3986a3bee7fa','c95134b4-83d5-ce44-6e79-c3273f807e71','{\"text\":\"55555\",\"imgUrl\":[]}','',0,0,0,4,1508484260,1508484260,0),('5a60bd07-3f53-ab76-8e8f-c565eb48c6b4','16e1481c-86e7-b9a5-e707-a1b2cdf766c3','ec685e49-3456-6a37-8220-be6bb35868ae','{\"record\":\"http://xds-mts-output.oss-cn-beijing.aliyuncs.com/wx_download_2017102110301659eab1388e1f0_oss.mp3\"}','',0,0,0,18,1508553021,1508715458,1508715458),('5c0ce7c9-5e78-8ce5-4068-b7082d5d627d','0f584f9c-befb-a17e-b205-765cd7efde33','67ff98d2-677b-fb18-8dad-83a39b2e8766','{\"text\":\"2222\",\"imgUrl\":[]}','',0,0,0,9,1508731662,1508731662,0),('5eeddcdd-26e7-c877-fcf0-86b141db58c1','0f584f9c-befb-a17e-b205-765cd7efde33','8321ad0b-7e93-2cc4-9db0-4032432e170d','{\"text\":\"来都来了 随便说点啥\",\"imgUrl\":[\"http://xds-test.oss-cn-beijing.aliyuncs.com/user-dir/6eL0sugEspGCGpbhTb5hcn9ttT6Fc0Fg.png\"]}','香洲区南屏V12文化创意产业园',1,0,0,1,1508745902,1508745902,0),('60e5ccec-4c65-d60a-3d53-de70d330b6b6','0f584f9c-befb-a17e-b205-765cd7efde33','ec685e49-3456-6a37-8220-be6bb35868ae','{\"record\":\"http://xds-mts-output.oss-cn-beijing.aliyuncs.com/wx_download_2017101910103159e809976015a_oss.mp3\"}','',0,0,0,161,1508379037,1508379037,0),('653ad8e7-4099-7f88-bdda-871e1571e79f','0a9064ba-711f-5049-9300-c0cc88e1edf7','b71c1509-6809-e1a5-67e0-b96fe3fec8df','{\"text\":\"嘿嘿嘿嘿嘿……\",\"imgUrl\":[]}','',0,0,0,15,1508482817,1508482817,0),('67474b9e-759f-4e6f-cd0a-79d973d7e2a4','0f584f9c-befb-a17e-b205-765cd7efde33','2d186dae-8300-492a-fa64-5ed167ed8510','{\"text\":\"那你\",\"imgUrl\":[]}','',0,0,0,8,1508484381,1508484381,0),('6762c128-32d1-1927-d207-b10afe424a83','c3a9548d-832d-57f2-fdd9-18f9dc397fb5','58d153d9-1702-e225-7cbc-59a453386bca','{\"text\":\"&#128513;        &#128513;        &#128513;   \",\"imgUrl\":[]}','广东省政府',0,0,0,57,1508293374,1508293374,0),('67f965a6-d32d-ab39-b4a0-eea8c37208a2','0f584f9c-befb-a17e-b205-765cd7efde33','67ff98d2-677b-fb18-8dad-83a39b2e8766','{\"text\":\"2222\",\"imgUrl\":[]}','',0,0,0,9,1508731659,1508731659,0),('6b06d05e-f26f-3fd5-1673-f8e005676c52','3e0b1448-7562-48cc-f885-3986a3bee7fa','67ff98d2-677b-fb18-8dad-83a39b2e8766','{\"text\":\"11111111111111111111111111111111111111111111111111111111111111111111\",\"imgUrl\":[]}','',2,3,0,102,1508293166,1508293166,0),('6cc9871d-aa04-b624-0084-4b9d262fe0a0','0f584f9c-befb-a17e-b205-765cd7efde33','ec685e49-3456-6a37-8220-be6bb35868ae','{\"text\":\"aaaa\\n\",\"imgUrl\":[]}','',0,0,0,284,1508236822,1508236822,0),('6f832bda-d5fe-3e57-e427-2158be6107c5','c3a9548d-832d-57f2-fdd9-18f9dc397fb5','58d153d9-1702-e225-7cbc-59a453386bca','{\"text\":\"\",\"imgUrl\":[]}','',0,0,0,59,1508293267,1508293267,0),('74288078-6365-f32a-52e4-6dae51bf41e5','0f584f9c-befb-a17e-b205-765cd7efde33','67ff98d2-677b-fb18-8dad-83a39b2e8766','{\"text\":\"11111\",\"imgUrl\":[]}','',0,0,0,12,1508731606,1508731606,0),('780809b3-b058-4da4-7f3d-b6e295cdc46b','0f584f9c-befb-a17e-b205-765cd7efde33','2d186dae-8300-492a-fa64-5ed167ed8510','{\"record\":\"http://xds-mts-output.oss-cn-beijing.aliyuncs.com/wx_download_2017102113224559ead9a5c0b02_oss.mp3\"}','',0,0,0,4,1508563370,1508563370,0),('7ccd467f-01a1-9f00-80e2-fa570fbbd2ff','c3a9548d-832d-57f2-fdd9-18f9dc397fb5','5e539f48-231e-7eb5-145c-646da24ae942','{\"text\":\"？？\",\"imgUrl\":[]}','',1,0,0,51,1508307474,1508307474,0),('82788a5f-6b14-01f1-599f-95d92602eb48','3e0b1448-7562-48cc-f885-3986a3bee7fa','ec685e49-3456-6a37-8220-be6bb35868ae','{\"text\":\"1111\",\"imgUrl\":[]}','',0,0,0,60,1508471865,1508471865,0),('84c8da98-eb41-4492-5e9f-44cc54320ecd','3e0b1448-7562-48cc-f885-3986a3bee7fa','a39fb9d1-42fb-96e6-9a4a-4e38e85237f6','{\"text\":\"11111\",\"imgUrl\":[]}','',1,0,0,80,1508236633,1508236633,0),('8884cca8-c547-0400-5b08-d7356c46d947','16e1481c-86e7-b9a5-e707-a1b2cdf766c3','ec685e49-3456-6a37-8220-be6bb35868ae','{\"text\":\"随便说点啥\",\"imgUrl\":[\"http://xds-test.oss-cn-beijing.aliyuncs.com/user-dir/CCwnwikKXeiweEwY0e2undefinedhundefinedXsEGWe2UnE.png\",\"http://xds-test.oss-cn-beijing.aliyuncs.com/user-dir/PJwsFqeK7xJCSundefineda2Ls0VwcBrTV5K14mY.png\",\"http://xds-test.oss-cn-beijing.aliyuncs.com/user-dir/aPgyWjWeRWe35FCwJ9GzDQU1USQm7Q7R.png\"]}','香洲区南屏V12文化创意产业园',2,0,0,354,1508210431,1508210431,0),('89805f40-e9ad-5521-5f0f-17c3596b1140','3e0b1448-7562-48cc-f885-3986a3bee7fa','ec685e49-3456-6a37-8220-be6bb35868ae','{\"text\":\"@\",\"imgUrl\":[]}','',1,0,0,301,1508291982,1508291982,0),('8992f91b-6041-dd66-6735-1b745aa3f9ed','0a9064ba-711f-5049-9300-c0cc88e1edf7','b71c1509-6809-e1a5-67e0-b96fe3fec8df','{\"text\":\"嘿嘿嘿嘿嘿……\",\"imgUrl\":[]}','',0,0,0,15,1508482817,1508482817,0),('8a21c84c-b978-c910-d3cb-06d72660d338','0f584f9c-befb-a17e-b205-765cd7efde33','67ff98d2-677b-fb18-8dad-83a39b2e8766','{\"text\":\"5555\",\"imgUrl\":[]}','',0,0,0,2,1508731819,1508731819,0),('8ab5e9bc-ed2e-8fc0-b0d1-4fc356eb0ad6','3e0b1448-7562-48cc-f885-3986a3bee7fa','8f5aa4d9-7249-9515-80a9-ee8839a5db12','{\"text\":\"2222222222222\",\"imgUrl\":[]}','',0,0,0,49,1508309234,1508309234,0),('8b1c9739-e0ad-ef4d-08da-9010bc187aa3','0f584f9c-befb-a17e-b205-765cd7efde33','ec685e49-3456-6a37-8220-be6bb35868ae','{\"text\":\"@','',0,0,0,11,1508236806,1508291414,1508291414),('8bd75fa6-9f29-de96-df21-f0a3620bff9d','0f584f9c-befb-a17e-b205-765cd7efde33','67ff98d2-677b-fb18-8dad-83a39b2e8766','{\"text\":\"333\",\"imgUrl\":[]}','',0,0,0,6,1508731740,1508731740,0),('95f7d39e-470f-d2c5-368b-bfe0c1037c09','0f584f9c-befb-a17e-b205-765cd7efde33','ec685e49-3456-6a37-8220-be6bb35868ae','{\"record\":\"http://xds-mts-output.oss-cn-beijing.aliyuncs.com/wx_download_2017101910181559e80b67b1f6e_oss.mp3\"}','',0,0,0,158,1508379501,1508379501,0),('973dff36-4155-ce63-6984-5e30e520a69e','c3a9548d-832d-57f2-fdd9-18f9dc397fb5','ec685e49-3456-6a37-8220-be6bb35868ae','{\"text\":\"\",\"imgUrl\":[]}','',0,0,0,38,1508292006,1508307421,1508307421),('97fe4c36-b6fd-6bb6-6e40-dfefb2187605','0f584f9c-befb-a17e-b205-765cd7efde33','ec685e49-3456-6a37-8220-be6bb35868ae','{\"record\":\"http://xds-mts-output.oss-cn-beijing.aliyuncs.com/wx_download_2017101910084759e8092f2a92f_oss.mp3\"}','',0,0,0,164,1508378933,1508378933,0),('9837f7ed-fe25-7dda-d729-d007b18b92c6','c3a9548d-832d-57f2-fdd9-18f9dc397fb5','58d153d9-1702-e225-7cbc-59a453386bca','{\"text\":\"(๑• . •๑)\",\"imgUrl\":[]}','',0,0,0,56,1508293394,1508293394,0),('99c53081-d6ff-c511-b81d-0ffd10aa096f','b9d25df4-8e9e-f917-f559-4872db0b9ea6','a7e3276b-95c7-806f-c6c9-a6d004011c15','{\"text\":\"','',0,0,0,6,1508292785,1508293234,1508293234),('9ac1fc7d-83a7-64f0-f16e-31a0633f41d3','c3a9548d-832d-57f2-fdd9-18f9dc397fb5','ec685e49-3456-6a37-8220-be6bb35868ae','{\"record\":\"http://xds-mts-output.oss-cn-beijing.aliyuncs.com/wx_download_2017101916140659e85ecef1130_oss.mp3\"}','',1,0,0,135,1508400852,1508400852,0),('9dd59f55-0337-cc16-10c6-c53e6e338cba','b9d25df4-8e9e-f917-f559-4872db0b9ea6','a7e3276b-95c7-806f-c6c9-a6d004011c15','{\"text\":\"呦吼吼嘿嘿嘿嘻嘻','',0,0,0,11,1508292730,1508293245,1508293245),('9df90f8a-c610-69a8-fbc2-041fd51637b4','3e0b1448-7562-48cc-f885-3986a3bee7fa','a7e3276b-95c7-806f-c6c9-a6d004011c15','{\"text\":\"1111111\",\"imgUrl\":[]}','',2,0,0,98,1508293112,1508293112,0),('9ede9164-010d-4919-a924-6eeb2a635e1e','0f584f9c-befb-a17e-b205-765cd7efde33','1f83549c-7fb7-4c2a-27e0-0b11cfbd337b','{\"text\":\"111111\",\"imgUrl\":[\"http://xds-test.oss-cn-beijing.aliyuncs.com/user-dir/zkd2HpXTiX14jFdkHmiPJg1zF1K48UYW.png\"]}','',0,0,0,9,1508488187,1508488187,0),('a1293912-d0c1-2f37-296a-07fc5593a66b','3e0b1448-7562-48cc-f885-3986a3bee7fa','c95134b4-83d5-ce44-6e79-c3273f807e71','{\"text\":\"1111\",\"imgUrl\":[]}','',0,0,0,14,1508483080,1508483080,0),('a24c284a-119d-abec-bc98-f1acf4d909a0','0f584f9c-befb-a17e-b205-765cd7efde33','67ff98d2-677b-fb18-8dad-83a39b2e8766','{\"text\":\"111\",\"imgUrl\":[]}','',0,0,0,15,1508728188,1508728188,0),('a48f2df3-ae70-d503-ee53-faa8e507dcf0','0f584f9c-befb-a17e-b205-765cd7efde33','67ff98d2-677b-fb18-8dad-83a39b2e8766','{\"text\":\"333\",\"imgUrl\":[]}','',0,0,0,6,1508731739,1508731739,0),('a829bc31-53ad-a34d-f8b2-3f7554b7517a','0f584f9c-befb-a17e-b205-765cd7efde33','ec685e49-3456-6a37-8220-be6bb35868ae','{\"text\":\"四图\",\"imgUrl\":[\"http://xds-test.oss-cn-beijing.aliyuncs.com/user-dir/mdKXqKhBBDqfqvsz8SHhQ0DuxXTTkmXp.png\",\"http://xds-test.oss-cn-beijing.aliyuncs.com/user-dir/zBpzqTJB5n4kTD8cgVnELSW5yTQ1VazH.png\",\"http://xds-test.oss-cn-beijing.aliyuncs.com/user-dir/bwzwWWm4iyundefinedqVfuYWXHHSrvsP5uRB7Ku.png\",\"http://xds-test.oss-cn-beijing.aliyuncs.com/user-dir/VXmHVnGK9J578bf37V8EehundefinedfVx2q63Dj.png\"]}','',0,0,0,357,1508205828,1508205828,0),('ab4f9b18-3f2a-8432-0be6-eb9450d9197c','0a9064ba-711f-5049-9300-c0cc88e1edf7','892c80b0-750c-0742-c6a4-5c1105285bee','{\"text\":\"嗯嗯\",\"imgUrl\":[]}','',1,1,0,15,1508205776,1508205776,0),('afd30e5b-3e1c-6ff4-aa73-a66f848e144d','3e0b1448-7562-48cc-f885-3986a3bee7fa','67ff98d2-677b-fb18-8dad-83a39b2e8766','{\"text\":\"111\",\"imgUrl\":[]}','',0,0,0,31,1508482011,1508482011,0),('b337900a-f2d0-2549-913b-489b3f5ce22a','0a9064ba-711f-5049-9300-c0cc88e1edf7','b71c1509-6809-e1a5-67e0-b96fe3fec8df','{\"text\":\"点赞测试\",\"imgUrl\":[]}','',0,0,0,3,1508812312,1508812312,0),('b3c7d689-096b-db19-30f4-1a99b572a7e9','0a9064ba-711f-5049-9300-c0cc88e1edf7','8801efbd-1bd5-50d8-3b89-bea68d6a316c','{\"text\":\"创作\",\"imgUrl\":[]}','',1,0,0,7,1508395709,1508395709,0),('b6b8cbaf-5aba-f9e7-e99e-b9b508369192','0f584f9c-befb-a17e-b205-765cd7efde33','67ff98d2-677b-fb18-8dad-83a39b2e8766','{\"text\":\"11111\",\"imgUrl\":[]}','',0,0,0,12,1508731608,1508731608,0),('b8b6bfd2-ec58-25b5-2019-8208c94d3921','3e0b1448-7562-48cc-f885-3986a3bee7fa','ec685e49-3456-6a37-8220-be6bb35868ae','{\"text\":\"1111\",\"imgUrl\":[]}','',0,0,0,13,1508236775,1508291326,1508291326),('bc3dab27-e625-6946-8e1a-05769aea5fbe','c3a9548d-832d-57f2-fdd9-18f9dc397fb5','ec685e49-3456-6a37-8220-be6bb35868ae','{\"record\":\"http://xds-mts-output.oss-cn-beijing.aliyuncs.com/wx_download_2017101916270459e861d8a8f43_oss.mp3\"}','',0,0,0,122,1508401629,1508401629,0),('bd7e56be-3916-8fa9-efa0-d4f4a95edcc5','3e0b1448-7562-48cc-f885-3986a3bee7fa','c95134b4-83d5-ce44-6e79-c3273f807e71','{\"text\":\"11111\",\"imgUrl\":[]}','',0,0,0,15,1508483074,1508483074,0),('bdfd75ea-9d98-d736-11ed-7634cad6d094','0a9064ba-711f-5049-9300-c0cc88e1edf7','b71c1509-6809-e1a5-67e0-b96fe3fec8df','{\"text\":\"曾经意外\",\"imgUrl\":[]}','',0,0,0,19,1508482109,1508482109,0),('bfebd1eb-e3d3-3f47-b0b6-aa52212fc0b5','c3a9548d-832d-57f2-fdd9-18f9dc397fb5','58d153d9-1702-e225-7cbc-59a453386bca','{\"text\":\"@\",\"imgUrl\":[]}','',0,0,0,61,1508292673,1508292673,0),('c9c127b2-73f2-7574-a574-5016b80fc2de','0f584f9c-befb-a17e-b205-765cd7efde33','67ff98d2-677b-fb18-8dad-83a39b2e8766','{\"text\":\"11111\",\"imgUrl\":[]}','',0,0,0,12,1508731607,1508731607,0),('cb715160-9f60-572d-b760-818cf3544589','3e0b1448-7562-48cc-f885-3986a3bee7fa','c95134b4-83d5-ce44-6e79-c3273f807e71','{\"text\":\"3333\",\"imgUrl\":[]}','',0,0,0,10,1508483413,1508483413,0),('cf6237cc-7e0d-6248-8e60-261bf49fff8e','b9d25df4-8e9e-f917-f559-4872db0b9ea6','ec16645b-cc9c-a7c8-536f-955219154cd2','{\"text\":\"hhghby\",\"imgUrl\":[]}','',0,0,0,3,1508485063,1508485063,0),('d27b16c0-6e58-5871-697a-5493e2339798','0a9064ba-711f-5049-9300-c0cc88e1edf7','118adfb2-b289-da7e-fbe1-f4533181b9d3','{\"text\":\"巴适惨了\",\"imgUrl\":[\"http://xds-test.oss-cn-beijing.aliyuncs.com/user-dir/kFp3TQj3dn7bwJKnbxe6gz3D1g0fUaw1.png\"]}','十四村',1,1,0,2,1508770456,1508770456,0),('d3a3fc31-1a98-5851-ca4d-fe237f25022a','c3a9548d-832d-57f2-fdd9-18f9dc397fb5','ec685e49-3456-6a37-8220-be6bb35868ae','{\"record\":\"http://xds-mts-output.oss-cn-beijing.aliyuncs.com/wx_download_2017101916332459e863541ff75_oss.mp3\"}','',0,0,0,118,1508402009,1508402009,0),('d5f3ccb0-5b26-adcb-1a62-54194b479cc5','0a9064ba-711f-5049-9300-c0cc88e1edf7','982c30c7-ebc7-a797-964e-4669484c5103','{\"record\":\"http://xds-mts-output.oss-cn-beijing.aliyuncs.com/wx_download_2017102322473659ee010893c43_oss.mp3\"}','',1,1,0,2,1508770061,1508770061,0),('d697f2df-5299-a096-30ab-af72cfb31866','0a9064ba-711f-5049-9300-c0cc88e1edf7','b71c1509-6809-e1a5-67e0-b96fe3fec8df','{\"text\":\"嘿嘿嘿嘿嘿……\",\"imgUrl\":[]}','',0,0,0,15,1508482817,1508482817,0),('dde2d439-8409-f7db-13ed-503a54e8a33c','b9d25df4-8e9e-f917-f559-4872db0b9ea6','9b3c8069-acba-6686-3e35-a3dbc4872d8d','{\"text\":\"集赞\",\"imgUrl\":[]}','广东省政府',1,0,0,3,1508481182,1508481182,0),('e5e42162-ee2f-3982-ae69-71333e21f7a2','b9d25df4-8e9e-f917-f559-4872db0b9ea6','ec16645b-cc9c-a7c8-536f-955219154cd2','{\"text\":\"hug your lips \",\"imgUrl\":[]}','',1,1,0,2,1508485083,1508485083,0),('e627a6f8-a8fc-7b39-491f-4710797b72ef','3e0b1448-7562-48cc-f885-3986a3bee7fa','c95134b4-83d5-ce44-6e79-c3273f807e71','{\"text\":\"2222\",\"imgUrl\":[]}','',0,0,0,13,1508483093,1508483093,0),('e645267e-daf4-4e39-790e-03c0d6785b7b','0f584f9c-befb-a17e-b205-765cd7efde33','1f83549c-7fb7-4c2a-27e0-0b11cfbd337b','{\"text\":\" ','',1,0,0,6,1508236886,1508314405,1508314405),('e73c1bfb-fb37-4726-dd83-cda744763047','16e1481c-86e7-b9a5-e707-a1b2cdf766c3','ec685e49-3456-6a37-8220-be6bb35868ae','{\"record\":\"http://xds-mts-output.oss-cn-beijing.aliyuncs.com/wx_download_2017102109460259eaa6dacfdd5_oss.mp3\"}','',0,0,0,37,1508550367,1508550367,0),('e9e10d69-8976-ed56-a99e-b0b3f1fb6364','c3a9548d-832d-57f2-fdd9-18f9dc397fb5','ec685e49-3456-6a37-8220-be6bb35868ae','{\"text\":\"试试英文换行aaaaaaaaaaaaaaaaaaaaaaaaaaaaaaaaaaaaaaaaaaaaaaaaaaaaaaaaaaaaaaaaaaaaaaaaaaaaaaa\",\"imgUrl\":[]}','香洲区南屏V12文化创意产业园东南',0,0,0,294,1508291548,1508291548,0),('ee606678-a5d0-2a6f-2293-225ad3f9b55a','16e1481c-86e7-b9a5-e707-a1b2cdf766c3','8f5aa4d9-7249-9515-80a9-ee8839a5db12','{\"text\":\"随便说点啥吧\",\"imgUrl\":[]}','中山纪念堂',0,1,0,77,1508209646,1508209646,0),('f3fbb206-a3b6-f7c7-fd83-6f6d913b2500','c3a9548d-832d-57f2-fdd9-18f9dc397fb5','ec685e49-3456-6a37-8220-be6bb35868ae','{\"text\":\"1111\",\"imgUrl\":[]}','',0,0,0,136,1508400657,1508400657,0),('f496d4f9-8aeb-4bdd-e3ed-26463189e3e1','3e0b1448-7562-48cc-f885-3986a3bee7fa','c95134b4-83d5-ce44-6e79-c3273f807e71','{\"text\":\"66666\",\"imgUrl\":[]}','',0,0,0,3,1508484268,1508484268,0),('f4b44873-ace3-1ec6-f093-c59e7d3686e5','3e0b1448-7562-48cc-f885-3986a3bee7fa','c95134b4-83d5-ce44-6e79-c3273f807e71','{\"text\":\"4444\",\"imgUrl\":[]}','',0,0,0,8,1508483988,1508483988,0),('f59655e9-ce95-d1f7-be64-0b3c3b382635','3e0b1448-7562-48cc-f885-3986a3bee7fa','c95134b4-83d5-ce44-6e79-c3273f807e71','{\"text\":\"1111\",\"imgUrl\":[]}','',0,0,0,1,1508489356,1508489356,0),('fbbe510d-e0fd-2602-b8be-ae42d6f618ea','0f584f9c-befb-a17e-b205-765cd7efde33','ec685e49-3456-6a37-8220-be6bb35868ae','{\"record\":\"http://xds-mts-output.oss-cn-beijing.aliyuncs.com/wx_download_2017101909490259e8048ed6a0b_oss.mp3\"}','',0,0,0,194,1508377750,1508377750,0);

#
# Structure for table "xds_communication_operate"
#

DROP TABLE IF EXISTS `xds_communication_operate`;
CREATE TABLE `xds_communication_operate` (
  `user_id` char(36) NOT NULL DEFAULT '0' COMMENT '联合主键，操作人ID',
  `communication_id` char(36) NOT NULL DEFAULT '0' COMMENT '联合主键，交流表ID',
  `type` enum('1') NOT NULL DEFAULT '1' COMMENT '操作类型：1 顶赞 其他依次扩展（收藏等）',
  `create_time` int(11) unsigned NOT NULL DEFAULT '0' COMMENT '操作时间',
  `delete_time` int(11) NOT NULL DEFAULT '0',
  KEY `user_id` (`user_id`,`communication_id`)
) ENGINE=InnoDB DEFAULT CHARSET=utf8 ROW_FORMAT=DYNAMIC COMMENT='文章操作表';

#
# Data for table "xds_communication_operate"
#

INSERT INTO `xds_communication_operate` VALUES ('0a9064ba-711f-5049-9300-c0cc88e1edf7','ab4f9b18-3f2a-8432-0be6-eb9450d9197c','1',1508205787,0),('16e1481c-86e7-b9a5-e707-a1b2cdf766c3','ee606678-a5d0-2a6f-2293-225ad3f9b55a','1',1508209962,1508298041),('3e0b1448-7562-48cc-f885-3986a3bee7fa','8884cca8-c547-0400-5b08-d7356c46d947','1',1508225626,0),('16e1481c-86e7-b9a5-e707-a1b2cdf766c3','3648d598-8bfa-e158-02c8-262650972c87','1',1508227848,0),('c3a9548d-832d-57f2-fdd9-18f9dc397fb5','0164737b-832a-9b0c-20e4-f5b5582df1ae','1',1508294457,0),('c3a9548d-832d-57f2-fdd9-18f9dc397fb5','504e2916-900b-cfd2-8f61-ad504258130c','1',1508294458,0),('c3a9548d-832d-57f2-fdd9-18f9dc397fb5','9df90f8a-c610-69a8-fbc2-041fd51637b4','1',1508294459,0),('3e0b1448-7562-48cc-f885-3986a3bee7fa','6b06d05e-f26f-3fd5-1673-f8e005676c52','1',1508294627,1508482000),('3e0b1448-7562-48cc-f885-3986a3bee7fa','504e2916-900b-cfd2-8f61-ad504258130c','1',1508294628,0),('3e0b1448-7562-48cc-f885-3986a3bee7fa','9df90f8a-c610-69a8-fbc2-041fd51637b4','1',1508294629,0),('3e0b1448-7562-48cc-f885-3986a3bee7fa','0164737b-832a-9b0c-20e4-f5b5582df1ae','1',1508294630,0),('16e1481c-86e7-b9a5-e707-a1b2cdf766c3','8884cca8-c547-0400-5b08-d7356c46d947','1',1508298100,0),('0f584f9c-befb-a17e-b205-765cd7efde33','e645267e-daf4-4e39-790e-03c0d6785b7b','1',1508314338,0),('3e0b1448-7562-48cc-f885-3986a3bee7fa','7ccd467f-01a1-9f00-80e2-fa570fbbd2ff','1',1508314643,0),('3e0b1448-7562-48cc-f885-3986a3bee7fa','25e74ad0-a72e-e114-37bf-33dddbb8000f','1',1508314644,0),('3e0b1448-7562-48cc-f885-3986a3bee7fa','9837f7ed-fe25-7dda-d729-d007b18b92c6','1',1508314645,1508377090),('3e0b1448-7562-48cc-f885-3986a3bee7fa','6762c128-32d1-1927-d207-b10afe424a83','1',1508314647,1508377089),('3e0b1448-7562-48cc-f885-3986a3bee7fa','0a294b7f-8057-bdf4-58ef-079f8ebe027d','1',1508314648,0),('0a9064ba-711f-5049-9300-c0cc88e1edf7','2d5b7298-f1c8-92d1-52b0-d38019ff7b47','1',1508391874,0),('b9d25df4-8e9e-f917-f559-4872db0b9ea6','358af815-4941-14ac-0452-f1a8fba8275c','1',1508394524,0),('0a9064ba-711f-5049-9300-c0cc88e1edf7','b3c7d689-096b-db19-30f4-1a99b572a7e9','1',1508395713,0),('b9d25df4-8e9e-f917-f559-4872db0b9ea6','03003c74-f434-a87a-d48b-7240a2dee97d','1',1508399554,0),('c3a9548d-832d-57f2-fdd9-18f9dc397fb5','f3fbb206-a3b6-f7c7-fd83-6f6d913b2500','1',1508401301,1508401308),('c3a9548d-832d-57f2-fdd9-18f9dc397fb5','3a47812a-558d-c7c1-8448-3ee0c38daecb','1',1508401304,0),('c3a9548d-832d-57f2-fdd9-18f9dc397fb5','9ac1fc7d-83a7-64f0-f16e-31a0633f41d3','1',1508401305,0),('c3a9548d-832d-57f2-fdd9-18f9dc397fb5','37a1e2f6-aa23-f217-dcaa-add0dc1b9f37','1',1508401307,0),('c3a9548d-832d-57f2-fdd9-18f9dc397fb5','89805f40-e9ad-5521-5f0f-17c3596b1140','1',1508402455,1508402844),('b9d25df4-8e9e-f917-f559-4872db0b9ea6','4648861d-22c2-3cb2-1c63-cdb4175ef9ba','1',1508402787,0),('c3a9548d-832d-57f2-fdd9-18f9dc397fb5','89805f40-e9ad-5521-5f0f-17c3596b1140','1',1508402845,0),('b9d25df4-8e9e-f917-f559-4872db0b9ea6','32c48360-8c4a-c734-3a88-ece21859370a','1',1508403387,0),('c3a9548d-832d-57f2-fdd9-18f9dc397fb5','32c48360-8c4a-c734-3a88-ece21859370a','1',1508403394,1508403633),('c3a9548d-832d-57f2-fdd9-18f9dc397fb5','358af815-4941-14ac-0452-f1a8fba8275c','1',1508403562,0),('c3a9548d-832d-57f2-fdd9-18f9dc397fb5','32c48360-8c4a-c734-3a88-ece21859370a','1',1508403612,1508403633),('c3a9548d-832d-57f2-fdd9-18f9dc397fb5','32c48360-8c4a-c734-3a88-ece21859370a','1',1508403645,0),('3e0b1448-7562-48cc-f885-3986a3bee7fa','84c8da98-eb41-4492-5e9f-44cc54320ecd','1',1508481124,1508481126),('3e0b1448-7562-48cc-f885-3986a3bee7fa','84c8da98-eb41-4492-5e9f-44cc54320ecd','1',1508481131,0),('b9d25df4-8e9e-f917-f559-4872db0b9ea6','dde2d439-8409-f7db-13ed-503a54e8a33c','1',1508481191,0),('3e0b1448-7562-48cc-f885-3986a3bee7fa','6b06d05e-f26f-3fd5-1673-f8e005676c52','1',1508482001,0),('0a9064ba-711f-5049-9300-c0cc88e1edf7','2031f797-ba51-cb25-db01-16473279d822','1',1508482794,1508813334),('3e0b1448-7562-48cc-f885-3986a3bee7fa','3cb4b0cc-5783-07ac-8718-b3f7f560801f','1',1508483128,1508483131),('3e0b1448-7562-48cc-f885-3986a3bee7fa','3cb4b0cc-5783-07ac-8718-b3f7f560801f','1',1508483128,1508483131),('3e0b1448-7562-48cc-f885-3986a3bee7fa','3cb4b0cc-5783-07ac-8718-b3f7f560801f','1',1508483129,1508483131),('3e0b1448-7562-48cc-f885-3986a3bee7fa','3cb4b0cc-5783-07ac-8718-b3f7f560801f','1',1508483129,1508483131),('3e0b1448-7562-48cc-f885-3986a3bee7fa','3cb4b0cc-5783-07ac-8718-b3f7f560801f','1',1508483130,1508483131),('b9d25df4-8e9e-f917-f559-4872db0b9ea6','e5e42162-ee2f-3982-ae69-71333e21f7a2','1',1508485093,0),('0f584f9c-befb-a17e-b205-765cd7efde33','6b06d05e-f26f-3fd5-1673-f8e005676c52','1',1508485452,0),('9175a40c-31f2-bbec-2134-27935378cf65','5107f5b2-20a4-c51e-3795-2b8c896d27d4','1',1508639329,0),('0f584f9c-befb-a17e-b205-765cd7efde33','5eeddcdd-26e7-c877-fcf0-86b141db58c1','1',1508745909,0),('0a9064ba-711f-5049-9300-c0cc88e1edf7','d5f3ccb0-5b26-adcb-1a62-54194b479cc5','1',1508770152,0),('0a9064ba-711f-5049-9300-c0cc88e1edf7','d27b16c0-6e58-5871-697a-5493e2339798','1',1508770467,0),('0a9064ba-711f-5049-9300-c0cc88e1edf7','653ad8e7-4099-7f88-bdda-871e1571e79f','1',1508811644,1508811852),('0a9064ba-711f-5049-9300-c0cc88e1edf7','653ad8e7-4099-7f88-bdda-871e1571e79f','1',1508811647,1508811852),('0a9064ba-711f-5049-9300-c0cc88e1edf7','653ad8e7-4099-7f88-bdda-871e1571e79f','1',1508811649,1508811852),('0a9064ba-711f-5049-9300-c0cc88e1edf7','653ad8e7-4099-7f88-bdda-871e1571e79f','1',1508811688,1508811852),('0a9064ba-711f-5049-9300-c0cc88e1edf7','653ad8e7-4099-7f88-bdda-871e1571e79f','1',1508811836,1508811852),('0a9064ba-711f-5049-9300-c0cc88e1edf7','653ad8e7-4099-7f88-bdda-871e1571e79f','1',1508811838,1508811852),('0a9064ba-711f-5049-9300-c0cc88e1edf7','b337900a-f2d0-2549-913b-489b3f5ce22a','1',1508812355,1508812387),('0a9064ba-711f-5049-9300-c0cc88e1edf7','2031f797-ba51-cb25-db01-16473279d822','1',1508813239,1508813334),('0a9064ba-711f-5049-9300-c0cc88e1edf7','2031f797-ba51-cb25-db01-16473279d822','1',1508813295,1508813334),('0a9064ba-711f-5049-9300-c0cc88e1edf7','2031f797-ba51-cb25-db01-16473279d822','1',1508813330,1508813334),('0a9064ba-711f-5049-9300-c0cc88e1edf7','2031f797-ba51-cb25-db01-16473279d822','1',1508813459,0),('0a9064ba-711f-5049-9300-c0cc88e1edf7','5107f5b2-20a4-c51e-3795-2b8c896d27d4','1',1508813505,1508813546),('0a9064ba-711f-5049-9300-c0cc88e1edf7','5107f5b2-20a4-c51e-3795-2b8c896d27d4','1',1508813521,1508813546),('0a9064ba-711f-5049-9300-c0cc88e1edf7','5107f5b2-20a4-c51e-3795-2b8c896d27d4','1',1508813530,1508813546),('0a9064ba-711f-5049-9300-c0cc88e1edf7','45ee6b99-dbfc-eac6-647c-6b4dd4c43c22','1',1508813658,1508813707),('0a9064ba-711f-5049-9300-c0cc88e1edf7','45ee6b99-dbfc-eac6-647c-6b4dd4c43c22','1',1508819383,0),('c3a9548d-832d-57f2-fdd9-18f9dc397fb5','4e7b204e-0f0d-2653-52f5-d5a46642243a','1',1508834285,0);

#
# Structure for table "xds_community"
#

DROP TABLE IF EXISTS `xds_community`;
CREATE TABLE `xds_community` (
  `id` char(36) NOT NULL DEFAULT '' COMMENT '社群ID',
  `outside_id` char(8) NOT NULL DEFAULT '' COMMENT '社群编号(外部ID)',
  `name` varchar(127) NOT NULL DEFAULT '' COMMENT '社群名称',
  `description` varchar(255) NOT NULL DEFAULT '' COMMENT '简介',
  `cover_image` varchar(127) NOT NULL DEFAULT '' COMMENT '封面图',
  `exclusive_url` varchar(127) NOT NULL DEFAULT '' COMMENT '专属链接',
  `qr_code` varchar(127) NOT NULL DEFAULT '' COMMENT '社群二维码',
  `scale_num` enum('10000') NOT NULL DEFAULT '10000' COMMENT '成员数量规模限制',
  `pay_num` enum('500') NOT NULL DEFAULT '500' COMMENT '付费用户人数',
  `status` enum('0','1','2') NOT NULL DEFAULT '0' COMMENT '状态 0 正常 1 冻结 2 封禁',
  `recommended` enum('0','1') NOT NULL DEFAULT '0' COMMENT '是否推荐 0 不推荐 1 推荐',
  `search` enum('0','1') NOT NULL DEFAULT '0' COMMENT '允许被搜索和推荐 0 允许 1 不允许',
  `level` tinyint(3) unsigned NOT NULL DEFAULT '0' COMMENT '0-普通行动社；1-优秀行动社；2-精英行动社；3-专家行动社；99-官方行动社；',
  `update_num` tinyint(3) NOT NULL DEFAULT '30' COMMENT '编辑行动社次数，每月只能修改3次',
  `create_time` int(10) unsigned NOT NULL DEFAULT '0' COMMENT '社群创建时间',
  `update_time` int(10) unsigned NOT NULL DEFAULT '0' COMMENT '更新时间',
  PRIMARY KEY (`id`),
  KEY `name` (`name`) COMMENT '搜索',
  KEY `outside_id` (`outside_id`)
) ENGINE=InnoDB DEFAULT CHARSET=utf8 COMMENT='行动社表';

#
# Data for table "xds_community"
#

INSERT INTO `xds_community` VALUES ('05782e51-f174-74e1-f358-91a1011b1daf','77066287','狼来了9','嗯嗯','http://xds-test.oss-cn-beijing.aliyuncs.com/user-dir/undefinedWF3TUGcxPzpezREs9x7yuUnp1nDpmBU.png','','http://xds-test.oss-cn-beijing.aliyuncs.com/images/qr_code2017102011465759e971b1b529d.png','10000','500','0','0','0',0,30,1508471217,1508471217),('07abd29c-58f0-608c-a7e3-fadcb877ef2c','79167043','三十六计走为上计','善守着，敌不知其所攻','http://xds-test.oss-cn-beijing.aliyuncs.com/user-dir/KBjWwiPhwgp0dGLQ2ekWX3kX1W4Tgjgt.png','','http://xds-test.oss-cn-beijing.aliyuncs.com/images/qr_code2017102011021059e967325d664.png','10000','500','0','0','0',0,30,1508468530,1508770404),('118adfb2-b289-da7e-fbe1-f4533181b9d3','37525588','四川麻糖','嗯嗯','http://xds-test.oss-cn-beijing.aliyuncs.com/user-dir/kundefinedh63VEaRR20tuPihbYt7a254YJKarYK.png','','http://xds-test.oss-cn-beijing.aliyuncs.com/images/qr_code2017102013540459e98f7c372f5.png','10000','500','0','0','0',0,30,1508478844,1508478888),('13263a4c-4ad6-f6b3-5cfd-eb6ca7a8c32c','58459208','真是一本正经','按次第，循序渐进，避免囫囵吞枣，深入经藏，智慧如海。每天一品好好读经，建立正信。','http://xds-test.oss-cn-beijing.aliyuncs.com/user-dir/n80dkGitBWXVb3sieQBKHRxxhdJTgLEX.png','','','10000','500','0','0','0',0,3,1506612074,1508159427),('15ef0f98-5584-6b57-42a9-2103d462b589','24774216','我美不美','快','http://weixin.xingdongshe.com/static/img/user/img1.png','','','10000','500','0','0','0',0,2,1505283866,1508760751),('1f83549c-7fb7-4c2a-27e0-0b11cfbd337b','15902334','1111','111111','http://xds-test.oss-cn-beijing.aliyuncs.com/user-dir/52hsYnG89Ujssnevz3WqUnmwJundefined7BKw1b.png','','','10000','500','0','0','0',0,30,1508229764,1508488296),('24c258ac-b17f-5558-79bc-9c56f6a8fb59','25059039','111111','1111111','http://xds-test.oss-cn-beijing.aliyuncs.com/user-dir/7s8B14i7V1LcYVJsWGUmLsX9UgsEcbd4.png','','http://xds-test.oss-cn-beijing.aliyuncs.com/images/qr_code2017102009404359e9541b62bb0.png','10000','500','0','0','0',0,30,1508463643,1508463914),('2553b1b3-7ecc-990b-ef97-dd727eb4ae2a','75532463','再来一个试试2','这个就看看result.data是什么','http://weixin.xingdongshe.com/static/img/user/img1.png','','','10000','500','0','0','0',0,3,1505209038,1508144792),('2d186dae-8300-492a-fa64-5ed167ed8510','94633630','建个行动社看看二维码','看看二维码','http://xds-test.oss-cn-beijing.aliyuncs.com/user-dir/hHVQ4DnvRVauiundefined0g0Uw9BqGEUbWQgfPd.png','','http://xds-test.oss-cn-beijing.aliyuncs.com/images/qr_code2017102010363159e9612faf454.png','10000','500','0','0','0',0,29,1508466991,1508494924),('31a57836-1dc2-1d9a-03d4-4f996b9b1187','64397461','狼来了7','嗯嗯','http://xds-test.oss-cn-beijing.aliyuncs.com/user-dir/qPiDFrB34hundefinedFwfpS7QbDqq91wzRQkQuB.png','','http://xds-test.oss-cn-beijing.aliyuncs.com/images/qr_code2017102011384259e96fc2da327.png','10000','500','0','0','1',0,30,1508470722,1508770373),('3a4d382d-fae8-dc11-0db4-2c214897fa91','28795483','二手玫瑰','摇滚老炮儿','http://xds-test.oss-cn-beijing.aliyuncs.com/user-dir/VCvE3z2xLFrFYaj8wQd9m2ff7pqxfxjU.png','','http://xds-test.oss-cn-beijing.aliyuncs.com/images/qr_code2017102014014559e9914971cf5.png','10000','500','0','0','0',0,30,1508479305,1508485996),('3a67e406-29e8-1e4c-d922-6062f8e4f09b','33981890','狼来了6','嗯嗯','http://xds-test.oss-cn-beijing.aliyuncs.com/user-dir/UP6mczundefinedgmLG9FLmemY3giJDK3SDYCCjD.png','','http://xds-test.oss-cn-beijing.aliyuncs.com/images/qr_code2017102011324159e96e59f3402.png','10000','500','0','0','0',0,30,1508470362,1508470362),('3d47ba2f-c77f-d0e6-2c3a-157ceba4a2e1','71948547','QWERTY','去玩儿如果','http://xds-test.oss-cn-beijing.aliyuncs.com/user-dir/PWWuqHKhyC73sPV9k85FvSb1UL5WYundefinedgT.png','','','10000','500','0','0','0',0,3,1506048972,1508144792),('3d8a56d6-aaa4-d006-78aa-559041e73565','14866442','一只狼在放哨','读第一章','http://xds-test.oss-cn-beijing.aliyuncs.com/user-dir/JJP5ksmtTDG4JwqsdXKjtGiuj7qundefinedLUF6.png','','http://xds-test.oss-cn-beijing.aliyuncs.com/images/qr_code2017102010124359e95b9b6eeb1.png','10000','500','0','0','0',0,30,1508465563,1508465569),('4716c7f4-2195-0a17-2d7d-9cfed7a5cb3a','74977576','脑力勤练社','哪怕生活工作学习再无趣也不能放任脑s','http://xds-test.oss-cn-beijing.aliyuncs.com/user-dir/BidVrqhyeTFn1UwvUVjPwCr9T1Lb5rW1.png','','','10000','500','0','0','0',0,29,1508296499,1508305213),('4bb22543-ec8c-e247-1f1e-b6d519811c90','66806880','职场充电社','工作只是学习开始的全新起点 而已','http://xds-test.oss-cn-beijing.aliyuncs.com/user-dir/undefinedRbYUPVvsKrTQU9fGkYdtkbGjb3RUundefinedgE.png','','','10000','500','0','0','0',0,27,1508296908,1508297653),('4c129a60-59e2-4ef2-63c2-f2bde7ccca19','33146465','啦啦啦','哩哩啦啦','http://weixin.xingdongshe.com/static/img/user/img1.png','','','10000','500','0','0','0',0,3,1505350887,1508144792),('523255d2-8de8-3a03-ea11-26c4a0099866','97993966','测试创建','测试安卓','http://weixin.xingdongshe.com/static/img/user/img1.png','','','10000','500','0','0','0',0,3,1505375620,1508308762),('55eef094-9373-44d1-8ebb-fbb0d28bbffe','25150744','狼来了3','嗯嗯','http://xds-test.oss-cn-beijing.aliyuncs.com/user-dir/Qe1iundefinedgKaiS9rK8siCaYDR2V4ScYhvCgb.png','','http://xds-test.oss-cn-beijing.aliyuncs.com/images/qr_code2017102011225259e96c0c53220.png','10000','500','0','0','0',0,30,1508469772,1508469772),('57cf5bc4-f4b0-51a1-3a6e-cb7563598570','63515449','22','134649','http://weixin.xingdongshe.com/static/img/user/img1.png','','','10000','500','0','0','0',0,3,1505354221,1508144792),('58d153d9-1702-e225-7cbc-59a453386bca','21313657','行动社222','焦恩俊睡觉啊可','http://xds-test.oss-cn-beijing.aliyuncs.com/user-dir/SD5Sndr7aSjk0cundefinedundefinedLKH40LC1swrFP1xy.png','','','10000','500','0','0','0',0,1,1505354305,1508833463),('5ae00970-ee16-db8f-5344-5698cd6dab40','99192870','阿弥陀佛么么哒','读第一章','http://xds-test.oss-cn-beijing.aliyuncs.com/user-dir/xq1yx4iUSrVznbT7Tb4KUuuU5w9undefinedKmtL.png','','http://xds-test.oss-cn-beijing.aliyuncs.com/images/qr_code2017102010173159e95cbb4b403.png','10000','500','0','0','0',0,30,1508465851,1508465851),('5b4a5093-0237-ef6c-eeae-3c0d1b835046','39363238','嗯嗯嗯','嗯嗯……','http://xds-test.oss-cn-beijing.aliyuncs.com/user-dir/L33pyUtPk35DpuqgkxCWx4Q5EBE2X9Uundefined.png','','','10000','500','0','0','0',0,3,1506302396,1508144792),('5e539f48-231e-7eb5-145c-646da24ae942','31676103','这些好看','这种类专业人士透露自己','http://xds-test.oss-cn-beijing.aliyuncs.com/user-dir/YUWchpXC5BQ3JqssEuuDBfEc5hahKJkp.png','','','10000','500','0','0','0',0,3,1506051076,1508394784),('5f3d274c-0ab9-d9a6-8e5a-4a150f8ba29d','50347194','还是不懂就到家九点半','九分就是大姐夫你付款','http://xds-test.oss-cn-beijing.aliyuncs.com/user-dir/RgPFp8S4Uks3yjHVdx8aqeeT7ST5Puz7.png','','','10000','500','0','0','0',0,3,1506051579,1508144792),('60470447-7bac-250f-892d-5e72e7987285','30056807','测试第二版','今天的测试','http://weixin.xingdongshe.com/static/img/user/img1.png','','','10000','500','0','0','0',0,3,1505268038,1508481892),('67ff98d2-677b-fb18-8dad-83a39b2e8766','47377862','行动社444','wjjwjsjsjs','http://xds-test.oss-cn-beijing.aliyuncs.com/user-dir/G96ieDL5kbfbdXEdYiWTQE1e9JqEqundefinedud.png','','','10000','500','0','0','0',0,3,1505354258,1508728378),('681a0f22-4c1c-5344-be33-39f8a06e69c1','50264980','航海圈','哈哈哈哈','http://xds-test.oss-cn-beijing.aliyuncs.com/user-dir/Vt8RU0sHCjundefinedRvidTEryLiXjundefinedR7z2udL1.png','','','10000','500','0','0','0',0,3,1506228486,1508144792),('6bbad53c-f230-5f6d-56ae-7717d7ffe2c5','51879317','改行动','改行动','http://xds-test.oss-cn-beijing.aliyuncs.com/user-dir/Ymh3Wdzn4YDDtjb67BPp84R5xppX8Xs4.png','','','10000','500','0','0','0',0,28,1508292189,1508292238),('76826caa-6894-f6b9-3ac3-de33e01879c2','83008910','电影欣赏06','简介方法 v 反反复复反反复复看一下哦','http://weixin.xingdongshe.com/static/img/user/img1.png','','','','500','0','1','0',0,3,1503369259,1508464739),('7bf0abd7-36fc-ef35-ead2-2bcbccb8b2cf','26981026','狼来了','读第一章','http://xds-test.oss-cn-beijing.aliyuncs.com/user-dir/Uepmb3undefinedz6J20UEQ3LwmLVPUvz7HESSz6.png','','http://xds-test.oss-cn-beijing.aliyuncs.com/images/qr_code2017102011034359e9678f0cc95.png','10000','500','0','0','0',0,30,1508468623,1508468623),('7cb0ad89-113b-2a14-f3ad-9b7fa77b33fd','34158620','222','企鹅区委区233','http://weixin.xingdongshe.com/static/img/user/img1.png','','','10000','500','0','0','0',0,3,1505208788,1508144792),('7d081b3c-1c59-b827-d71a-561c58db5a87','42210646','亲职行动社','为建立与孩子之间的亲密关系，成为他们值得交往的伙伴，让我们来一起探索有趣有效的方法吧！','http://xds-test.oss-cn-beijing.aliyuncs.com/user-dir/GLetb02fCq7p4DPFk3Ywk8WmV2C4undefinediFq.png','','','10000','500','0','0','0',0,26,1508291462,1508838206),('8321ad0b-7e93-2cc4-9db0-4032432e170d','98049394','绘画新人社','三个月掌握基本儿童简笔画技巧','http://xds-test.oss-cn-beijing.aliyuncs.com/user-dir/tKF9btRy3undefinedKqSzSiq91J6jmxwgK5Saz1.png','','','10000','500','0','0','0',0,29,1508297318,1508297595),('8801efbd-1bd5-50d8-3b89-bea68d6a316c','88619517','嗯嗯','嗯嗯哈哈哈哈','http://xds-test.oss-cn-beijing.aliyuncs.com/user-dir/mGBrcEGFhesuWFSundefinedPcsf66DnwisFqk40.png','','','10000','500','0','0','0',0,27,1508292073,1508292367),('89217c66-df49-cd9b-b11e-50a51d6e33be','47183041','电影赏析03','16224','http://api.xingdongshe.com/images/nx-xds-logo.jpg','','','','500','0','0','0',0,3,1503373975,1508144792),('892c80b0-750c-0742-c6a4-5c1105285bee','35794877','中国电商领导者联盟','再次测试 测试编辑后跳转然后返回到index','http://xds-test.oss-cn-beijing.aliyuncs.com/user-dir/bexz0mVeCugundefined7bteURKYDqSrexttqf8v.png','','','10000','500','0','0','0',0,3,1503311264,1508731497),('8eb5e73e-89e6-760d-1ba9-f05fe6a8b983','56346536','狼来了5','嗯嗯','http://xds-test.oss-cn-beijing.aliyuncs.com/user-dir/nz3w6undefinedGwreJPwJdT0rChD2KRKLWQBxg5.png','','http://xds-test.oss-cn-beijing.aliyuncs.com/images/qr_code2017102011293659e96da0aa618.png','10000','500','0','0','0',0,30,1508470176,1508470176),('8f5aa4d9-7249-9515-80a9-ee8839a5db12','37327689','八戒的行动社','八戒行动社的简介','http://xds-test.oss-cn-beijing.aliyuncs.com/user-dir/Rt0csWVFtLfd0bXmLF4tUv062if4sicp.png','','','10000','500','0','1','0',0,2,1506076611,1508464111),('915b0a9c-cd31-de64-9b67-0412dd064938','36372697','qwers','为撒','http://xds-test.oss-cn-beijing.aliyuncs.com/user-dir/bbxBHkCFE0nKPzaDQ34phfYFUGY6mPvE.png','','','10000','500','0','0','0',0,3,1506048167,1508144792),('91a3292d-b171-086e-a1db-328dbfdb096f','61915011','暖象科技行动测试','巴拉巴拉','http://xds-test.oss-cn-beijing.aliyuncs.com/user-dir/kQgHPpEundefinedtyLWsjC93s0FqTwCaeQxYJs9.png','','','10000','500','0','0','0',0,3,1506610710,1508587451),('932d9b98-59b7-a7e3-10f5-31d175e4413a','23647127','狼来了2','嗯嗯','http://xds-test.oss-cn-beijing.aliyuncs.com/user-dir/krJYcGseHXundefinedasv34bG08j35UTFccw9ri.png','','http://xds-test.oss-cn-beijing.aliyuncs.com/images/qr_code2017102011203659e96b84794f4.png','10000','500','0','0','0',0,30,1508469636,1508469636),('982c30c7-ebc7-a797-964e-4669484c5103','58035622','狼来了8','嗯嗯','http://xds-test.oss-cn-beijing.aliyuncs.com/user-dir/Yy3iY8yeLSHK6tnYTaft7RUvby3Rp1H1.png','','http://xds-test.oss-cn-beijing.aliyuncs.com/images/qr_code2017102011410059e9704cb4c3d.png','10000','500','0','0','0',0,30,1508470860,1508470860),('9b3c8069-acba-6686-3e35-a3dbc4872d8d','51001064','test','test','http://xds-test.oss-cn-beijing.aliyuncs.com/user-dir/52GCszuJF4BF0fSXsrjCFhuRkrayundefinedt7Q.png','','','10000','500','0','0','0',0,3,1506050916,1508399607),('a35c2d83-eef2-b6c3-d4ad-5776068293ff','12278648','请问让他','去无为人团圆','http://xds-test.oss-cn-beijing.aliyuncs.com/user-dir/jwtvDKGtwb1QaH1YhPYaRQVTmJRkbTLC.png','','','10000','500','0','0','0',0,3,1506049825,1508144792),('a39fb9d1-42fb-96e6-9a4a-4e38e85237f6','91146348','去无为儿童','去条鱼呵呵还是','http://xds-test.oss-cn-beijing.aliyuncs.com/user-dir/VFTF5R5WdPfXgJReuszJ2gQGihJ83gXT.png','','','10000','500','0','0','0',0,0,1506050583,1508835184),('a7e3276b-95c7-806f-c6c9-a6d004011c15','33224771','行动社改2','请问嗯','http://xds-test.oss-cn-beijing.aliyuncs.com/user-dir/VdeWdaWKvundefinedmundefinedxCzcg3ezVeHwnkv4S6Hv.png','','','10000','500','0','0','0',0,0,1506051573,1508813303),('a9b72d0c-90f3-a247-63ec-0d586467a2be','67542320','摆渡人','读第一章','http://xds-test.oss-cn-beijing.aliyuncs.com/user-dir/fUHEERhJ5w678vCxmXe91tJntz6CEWiD.png','','http://xds-test.oss-cn-beijing.aliyuncs.com/images/qr_code2017102010251059e95e8621c70.png','10000','500','0','0','0',0,30,1508466310,1508771279),('aa16fe42-d585-9ee1-ce3d-231081876daf','36016730','浪来了4','嗯嗯','http://xds-test.oss-cn-beijing.aliyuncs.com/user-dir/x0YDBzd0pwiKbeFEnvqQetcaQG5xHREf.png','','http://xds-test.oss-cn-beijing.aliyuncs.com/images/qr_code2017102011251259e96c98eaf90.png','10000','500','0','0','0',0,30,1508469913,1508469913),('ac6f603f-6880-3b25-25d5-89f8f57fce55','58804156','公寓1112','嫌疑人消防队员333','http://weixin.xingdongshe.com/static/img/user/img1.png','','','10000','500','0','0','0',0,3,1505209432,1508144792),('b71c1509-6809-e1a5-67e0-b96fe3fec8df','91810107','男孩','好听','http://xds-test.oss-cn-beijing.aliyuncs.com/user-dir/BbHPL7yHDS3tsundefinedQ6KSxJGtuc2x26iSnh.png','','http://xds-test.oss-cn-beijing.aliyuncs.com/images/qr_code2017102014123359e993d182c17.png','10000','500','0','0','0',0,30,1508479953,1508771260),('bb39ad52-70ec-ebcd-958e-bd3feba67443','88049510','三十六计','善攻者，敌不知其所守','http://xds-test.oss-cn-beijing.aliyuncs.com/user-dir/Sfe1faLSkDTehCV042y5RUjy0BpxLCTF.png','','http://xds-test.oss-cn-beijing.aliyuncs.com/images/qr_code2017102010461159e96373aabe9.png','10000','500','0','0','0',0,30,1508467571,1508467571),('beb74c98-bce7-a3de-305c-dffa190326c4','19011558','自在独行','贾平凹','http://xds-test.oss-cn-beijing.aliyuncs.com/user-dir/BTXwDVzBzuh9L2K3a0LY5SLHh2b5ESet.png','','http://xds-test.oss-cn-beijing.aliyuncs.com/images/qr_code2017102010391559e961d361518.png','10000','500','0','0','0',0,30,1508467155,1508467161),('c8b8ca3f-5716-573b-cfbc-78620ea5a18e','68565839','沙僧的行动社','沙僧的行动社简介','http://xds-test.oss-cn-beijing.aliyuncs.com/user-dir/hBgGD837Gj3wx3QQRpkferB5PhSJykks.png','','http://xds-test.oss-cn-beijing.aliyuncs.com/images/qr_code2017102016302859e9b42401790.png','10000','500','0','0','0',0,30,1508488228,1508587428),('c95134b4-83d5-ce44-6e79-c3273f807e71','35629250','测试第一版跳转222','测试 非第0个index应该是可以了222','http://weixin.xingdongshe.com/static/img/user/img1.png','','','10000','500','0','0','0',0,2,1505267942,1508490414),('d14e020f-fe08-5ddb-020f-1fb439342478','45096318','哈哈哈','哈哈哈哈哈哈','http://weixin.xingdongshe.com/static/img/user/img1.png','','','10000','500','0','0','0',0,3,1505379254,1508144792),('dc632f78-d7e8-18e6-1e37-d2e759329e7c','35418236','test返回id','我的风格是按到大啊','http://xds-test.oss-cn-beijing.aliyuncs.com/user-dir/0Xkundefineds86119KYy7CnjuuXY4DQeUgXEpjm.png','','','10000','500','0','0','0',0,3,1506050362,1508485146),('de0450ee-9208-d3d7-2397-ad5f52f5845e','24151623','黑客与画家','读第一章','http://xds-test.oss-cn-beijing.aliyuncs.com/user-dir/7fxYrH2UcntyPGzG7F41VyWXUGq9TCST.png','','http://xds-test.oss-cn-beijing.aliyuncs.com/images/qr_code2017102009583459e9584a04b3d.png','10000','500','0','0','0',0,30,1508464714,1508464714),('e20d3eea-4164-01ab-fd23-aa2e93836b09','70151805','行动社333','热节哀口腔健康','http://weixin.xingdongshe.com/static/img/user/img1.png','','','10000','500','0','0','0',0,3,1505354280,1508234534),('ec16645b-cc9c-a7c8-536f-955219154cd2','66612548','电影欣赏02','简介','http://api.xingdongshe.com/images/nx-xds-logo.jpg','','','','500','0','0','0',0,3,1505379481,1508144792),('ec685e49-3456-6a37-8220-be6bb35868ae','29165367','悟空的行动社','悟空的行动社的简介','http://xds-test.oss-cn-beijing.aliyuncs.com/user-dir/LkvW9ngSpPhf4KBa3tabvGUK8zRk5r5k.png','','','10000','500','0','1','0',0,3,1505385971,1508770582),('f0f46fdc-7bab-a032-0103-11808713c251','11524951','qwrtgg','请问让他','http://xds-test.oss-cn-beijing.aliyuncs.com/user-dir/bezVcundefinedVdXcQxrW7YikydVbDfbundefineddpH5xP.png','','','10000','500','0','0','0',0,3,1506049714,1508399281),('f6400fc1-b391-d97f-276e-049953606ad5','74570191','皮囊','读第一章','http://xds-test.oss-cn-beijing.aliyuncs.com/user-dir/cjTgBVVaidvtdyFTrc5TKSwaEnundefinedna3xw.png','','http://xds-test.oss-cn-beijing.aliyuncs.com/images/qr_code2017102010350859e960dc3d59f.png','10000','500','0','0','0',0,30,1508466908,1508466908);

#
# Structure for table "xds_community_recommend"
#

DROP TABLE IF EXISTS `xds_community_recommend`;
CREATE TABLE `xds_community_recommend` (
  `id` int(11) NOT NULL AUTO_INCREMENT,
  `community_id` char(36) NOT NULL DEFAULT '',
  `create_time` int(11) NOT NULL DEFAULT '0',
  PRIMARY KEY (`id`)
) ENGINE=InnoDB AUTO_INCREMENT=2 DEFAULT CHARSET=utf8 ROW_FORMAT=DYNAMIC COMMENT='行动社推荐表';

#
# Data for table "xds_community_recommend"
#

INSERT INTO `xds_community_recommend` VALUES (1,'48eed6c0-f298-8020-d673-633d4101d5f3',15222222);

#
# Structure for table "xds_community_transfer"
#

DROP TABLE IF EXISTS `xds_community_transfer`;
CREATE TABLE `xds_community_transfer` (
  `Id` int(11) NOT NULL AUTO_INCREMENT,
  `user_id` char(36) NOT NULL DEFAULT '' COMMENT '转让人',
  `to_user_id` char(36) NOT NULL DEFAULT '' COMMENT '被转让人',
  `community_id` char(36) NOT NULL DEFAULT '' COMMENT '被转让行动社ID',
  `create_time` int(10) unsigned NOT NULL DEFAULT '0' COMMENT '转让时间',
  PRIMARY KEY (`Id`),
  KEY `user_id` (`user_id`,`to_user_id`)
) ENGINE=InnoDB AUTO_INCREMENT=21 DEFAULT CHARSET=utf8 COMMENT='行动社转让记录表';

#
# Data for table "xds_community_transfer"
#

INSERT INTO `xds_community_transfer` VALUES (1,'0a9064ba-711f-5049-9300-c0cc88e1edf7','cb2395b7-7660-7134-85c9-612d4f4c74b5','48eed6c0-f298-8020-d673-633d4101d5f3',1503893124),(2,'0a9064ba-711f-5049-9300-c0cc88e1edf7','cb2395b7-7660-7134-85c9-612d4f4c74b5','48eed6c0-f298-8020-d673-633d4101d5f3',1503901326),(3,'0a9064ba-711f-5049-9300-c0cc88e1edf7','cb2395b7-7660-7134-85c9-612d4f4c74b5','48eed6c0-f298-8020-d673-633d4101d5f3',1503901357),(4,'0a9064ba-711f-5049-9300-c0cc88e1edf7','cb2395b7-7660-7134-85c9-612d4f4c74b5','48eed6c0-f298-8020-d673-633d4101d5f3',1503901427),(5,'0a9064ba-711f-5049-9300-c0cc88e1edf7','cb2395b7-7660-7134-85c9-612d4f4c74b5','892c80b0-750c-0742-c6a4-5c1105285bee',1503901971),(7,'0a9064ba-711f-5049-9300-c0cc88e1edf7','499d7c58-08b3-45e6-1a12-ab99c53f596b','5b4a5093-0237-ef6c-eeae-3c0d1b835046',1506389736),(8,'b9d25df4-8e9e-f917-f559-4872db0b9ea6','3e0b1448-7562-48cc-f885-3986a3bee7fa','60470447-7bac-250f-892d-5e72e7987285',1506406585),(9,'16e1481c-86e7-b9a5-e707-a1b2cdf766c3','0f584f9c-befb-a17e-b205-765cd7efde33','ec685e49-3456-6a37-8220-be6bb35868ae',1506408676),(10,'0f584f9c-befb-a17e-b205-765cd7efde33','16e1481c-86e7-b9a5-e707-a1b2cdf766c3','ec685e49-3456-6a37-8220-be6bb35868ae',1506408888),(11,'b9d25df4-8e9e-f917-f559-4872db0b9ea6','3e0b1448-7562-48cc-f885-3986a3bee7fa','c95134b4-83d5-ce44-6e79-c3273f807e71',1506409167),(12,'b9d25df4-8e9e-f917-f559-4872db0b9ea6','3e0b1448-7562-48cc-f885-3986a3bee7fa','892c80b0-750c-0742-c6a4-5c1105285bee',1506409430),(13,'b9d25df4-8e9e-f917-f559-4872db0b9ea6','3e0b1448-7562-48cc-f885-3986a3bee7fa','5e539f48-231e-7eb5-145c-646da24ae942',1506409762),(14,'3e0b1448-7562-48cc-f885-3986a3bee7fa','b9d25df4-8e9e-f917-f559-4872db0b9ea6','5e539f48-231e-7eb5-145c-646da24ae942',1506409901),(15,'3e0b1448-7562-48cc-f885-3986a3bee7fa','b9d25df4-8e9e-f917-f559-4872db0b9ea6','c95134b4-83d5-ce44-6e79-c3273f807e71',1506410068),(16,'3e0b1448-7562-48cc-f885-3986a3bee7fa','b9d25df4-8e9e-f917-f559-4872db0b9ea6','60470447-7bac-250f-892d-5e72e7987285',1506410101),(17,'3e0b1448-7562-48cc-f885-3986a3bee7fa','b9d25df4-8e9e-f917-f559-4872db0b9ea6','a39fb9d1-42fb-96e6-9a4a-4e38e85237f6',1506410171),(18,'b9d25df4-8e9e-f917-f559-4872db0b9ea6','3e0b1448-7562-48cc-f885-3986a3bee7fa','c95134b4-83d5-ce44-6e79-c3273f807e71',1506495278),(19,'b9d25df4-8e9e-f917-f559-4872db0b9ea6','3e0b1448-7562-48cc-f885-3986a3bee7fa','60470447-7bac-250f-892d-5e72e7987285',1506495679),(20,'3e0b1448-7562-48cc-f885-3986a3bee7fa','b9d25df4-8e9e-f917-f559-4872db0b9ea6','60470447-7bac-250f-892d-5e72e7987285',1508481926);

#
# Structure for table "xds_community_user"
#

DROP TABLE IF EXISTS `xds_community_user`;
CREATE TABLE `xds_community_user` (
  `id` int(11) NOT NULL AUTO_INCREMENT,
  `community_id` char(36) NOT NULL DEFAULT '0' COMMENT '所属行动社群ID',
  `user_id` char(36) NOT NULL DEFAULT '0' COMMENT '所有者ID(用户ID)',
  `type` enum('0','1','2') NOT NULL DEFAULT '2' COMMENT '关联类型 0 社长 1 管理员 2 成员',
  `msg_only_admin` enum('0','1') NOT NULL DEFAULT '0' COMMENT '只接受管理员私信 0=关闭，1=开启。',
  `status` enum('0','1','2') NOT NULL DEFAULT '0' COMMENT '0 未退群 1 已退群 2被暂停成员资格',
  `pay` enum('0','1') NOT NULL DEFAULT '0' COMMENT '是否为付费用户 0 否 1 是',
  `create_time` int(11) unsigned NOT NULL DEFAULT '0' COMMENT '加入时间',
  `update_time` int(11) unsigned NOT NULL DEFAULT '0' COMMENT '更新状态时间',
  `delete_time` int(11) unsigned NOT NULL DEFAULT '0' COMMENT '退出时间',
  PRIMARY KEY (`id`),
  KEY `community_id` (`community_id`,`user_id`) COMMENT '复合主键',
  KEY `type` (`type`) COMMENT 'type',
  KEY `pay` (`pay`)
) ENGINE=InnoDB AUTO_INCREMENT=149 DEFAULT CHARSET=utf8 ROW_FORMAT=DYNAMIC COMMENT='社群用户对应表';

#
# Data for table "xds_community_user"
#

INSERT INTO `xds_community_user` VALUES (2,'76826caa-6894-f6b9-3ac3-de33e01879c2','cb2395b7-7660-7134-85c9-612d4f4c74b5','0','0','0','0',1503369259,1503369259,0),(4,'76826caa-6894-f6b9-3ac3-de33e01879c2','86966993-d3e4-e722-223d-bf16fc2e8421','1','0','0','1',1505300251,1505300251,0),(5,'892c80b0-750c-0742-c6a4-5c1105285bee','cb2395b7-7660-7134-85c9-612d4f4c74b5','0','0','0','0',1505300251,1503901971,0),(6,'76826caa-6894-f6b9-3ac3-de33e01879c2','0a9064ba-711f-5049-9300-c0cc88e1edf7','2','0','0','1',1505300251,1505201312,0),(7,'89217c66-df49-cd9b-b11e-50a51d6e33be','0a9064ba-711f-5049-9300-c0cc88e1edf7','0','0','0','0',1505300251,1505300251,0),(8,'892c80b0-750c-0742-c6a4-5c1105285bee','b9d25df4-8e9e-f917-f559-4872db0b9ea6','2','0','0','1',1505300251,1506498679,0),(9,'892c80b0-750c-0742-c6a4-5c1105285bee','3e0b1448-7562-48cc-f885-3986a3bee7fa','0','0','0','0',1505300251,1506409430,0),(10,'7cb0ad89-113b-2a14-f3ad-9b7fa77b33fd','3e0b1448-7562-48cc-f885-3986a3bee7fa','0','0','0','0',1505208788,1505208788,0),(11,'2553b1b3-7ecc-990b-ef97-dd727eb4ae2a','3e0b1448-7562-48cc-f885-3986a3bee7fa','0','0','0','0',1505209038,1505209038,0),(12,'ac6f603f-6880-3b25-25d5-89f8f57fce55','3e0b1448-7562-48cc-f885-3986a3bee7fa','0','0','0','0',1505209432,1505209432,0),(14,'60470447-7bac-250f-892d-5e72e7987285','b9d25df4-8e9e-f917-f559-4872db0b9ea6','0','0','0','0',1505268038,1508481926,0),(15,'15ef0f98-5584-6b57-42a9-2103d462b589','499d7c58-08b3-45e6-1a12-ab99c53f596b','0','0','0','0',1505283866,1505283866,0),(17,'57cf5bc4-f4b0-51a1-3a6e-cb7563598570','c3a9548d-832d-57f2-fdd9-18f9dc397fb5','0','0','0','0',1505354221,1505354221,0),(18,'67ff98d2-677b-fb18-8dad-83a39b2e8766','c3a9548d-832d-57f2-fdd9-18f9dc397fb5','0','0','0','0',1505354258,1505354258,0),(19,'e20d3eea-4164-01ab-fd23-aa2e93836b09','c3a9548d-832d-57f2-fdd9-18f9dc397fb5','0','0','0','0',1505354280,1505354280,0),(20,'58d153d9-1702-e225-7cbc-59a453386bca','c3a9548d-832d-57f2-fdd9-18f9dc397fb5','0','0','0','0',1505354305,1505354305,0),(21,'523255d2-8de8-3a03-ea11-26c4a0099866','0f584f9c-befb-a17e-b205-765cd7efde33','0','0','0','0',1505375620,1505375620,0),(22,'d14e020f-fe08-5ddb-020f-1fb439342478','13225a3e-f16a-ebb0-450d-3a0a00ade5ca','0','0','0','0',1505379254,1505379254,0),(23,'ec685e49-3456-6a37-8220-be6bb35868ae','16e1481c-86e7-b9a5-e707-a1b2cdf766c3','0','0','0','0',1505385971,1506408888,0),(25,'ec16645b-cc9c-a7c8-536f-955219154cd2','b9d25df4-8e9e-f917-f559-4872db0b9ea6','1','0','0','0',0,0,0),(26,'915b0a9c-cd31-de64-9b67-0412dd064938','3e0b1448-7562-48cc-f885-3986a3bee7fa','0','0','0','0',1506048167,1506048167,0),(27,'3d47ba2f-c77f-d0e6-2c3a-157ceba4a2e1','0f584f9c-befb-a17e-b205-765cd7efde33','0','0','0','0',1506048972,1506048972,0),(28,'f0f46fdc-7bab-a032-0103-11808713c251','3e0b1448-7562-48cc-f885-3986a3bee7fa','0','0','0','0',1506049714,1506049714,0),(29,'a35c2d83-eef2-b6c3-d4ad-5776068293ff','3e0b1448-7562-48cc-f885-3986a3bee7fa','0','0','0','0',1506049825,1506049825,0),(30,'dc632f78-d7e8-18e6-1e37-d2e759329e7c','3e0b1448-7562-48cc-f885-3986a3bee7fa','0','0','0','0',1506050362,1506050362,0),(31,'a39fb9d1-42fb-96e6-9a4a-4e38e85237f6','3e0b1448-7562-48cc-f885-3986a3bee7fa','2','0','2','1',1506050583,1508833264,0),(32,'9b3c8069-acba-6686-3e35-a3dbc4872d8d','0f584f9c-befb-a17e-b205-765cd7efde33','0','0','0','0',1506050916,1506050916,0),(33,'5e539f48-231e-7eb5-145c-646da24ae942','b9d25df4-8e9e-f917-f559-4872db0b9ea6','0','0','0','0',1506051076,1506409901,0),(34,'a7e3276b-95c7-806f-c6c9-a6d004011c15','c3a9548d-832d-57f2-fdd9-18f9dc397fb5','0','0','0','0',1506051573,1506051573,0),(35,'5f3d274c-0ab9-d9a6-8e5a-4a150f8ba29d','0f584f9c-befb-a17e-b205-765cd7efde33','0','0','0','0',1506051579,1506051579,0),(36,'8f5aa4d9-7249-9515-80a9-ee8839a5db12','16e1481c-86e7-b9a5-e707-a1b2cdf766c3','0','0','0','0',1506076611,1506076611,0),(37,'681a0f22-4c1c-5344-be33-39f8a06e69c1','3ca03517-fc7f-d67c-45c3-5ce84f58d92d','0','0','0','0',1506228486,1506228486,0),(39,'892c80b0-750c-0742-c6a4-5c1105285bee','13225a3e-f16a-ebb0-450d-3a0a00ade5ca','2','0','0','1',1506323531,1506581406,0),(41,'5e539f48-231e-7eb5-145c-646da24ae942','c3a9548d-832d-57f2-fdd9-18f9dc397fb5','2','0','0','1',1506326257,1507797271,0),(43,'5b4a5093-0237-ef6c-eeae-3c0d1b835046','499d7c58-08b3-45e6-1a12-ab99c53f596b','0','0','0','0',1506389736,1506389736,0),(47,'60470447-7bac-250f-892d-5e72e7987285','3e0b1448-7562-48cc-f885-3986a3bee7fa','2','0','0','0',1506406585,1508481926,0),(50,'8f5aa4d9-7249-9515-80a9-ee8839a5db12','0f584f9c-befb-a17e-b205-765cd7efde33','2','0','0','0',1506409230,1506409230,0),(53,'5e539f48-231e-7eb5-145c-646da24ae942','3e0b1448-7562-48cc-f885-3986a3bee7fa','2','0','0','1',1506409762,1507799108,0),(54,'a39fb9d1-42fb-96e6-9a4a-4e38e85237f6','b9d25df4-8e9e-f917-f559-4872db0b9ea6','0','0','0','0',1506410171,1506410171,0),(55,'c95134b4-83d5-ce44-6e79-c3273f807e71','3e0b1448-7562-48cc-f885-3986a3bee7fa','0','0','0','0',1506475008,1506495278,0),(56,'892c80b0-750c-0742-c6a4-5c1105285bee','0a9064ba-711f-5049-9300-c0cc88e1edf7','2','0','0','1',1506479229,1506479563,0),(57,'5e539f48-231e-7eb5-145c-646da24ae942','0f584f9c-befb-a17e-b205-765cd7efde33','2','0','0','1',1506572759,1507691420,0),(59,'a39fb9d1-42fb-96e6-9a4a-4e38e85237f6','0f584f9c-befb-a17e-b205-765cd7efde33','2','0','2','1',1506580102,1508466304,0),(60,'5e539f48-231e-7eb5-145c-646da24ae942','0a9064ba-711f-5049-9300-c0cc88e1edf7','2','0','0','1',1506581173,1508770811,0),(61,'5e539f48-231e-7eb5-145c-646da24ae942','cb2395b7-7660-7134-85c9-612d4f4c74b5','2','0','0','1',1506581426,1506581449,0),(62,'5e539f48-231e-7eb5-145c-646da24ae942','13225a3e-f16a-ebb0-450d-3a0a00ade5ca','2','0','0','1',1506581436,1506581452,0),(63,'9b3c8069-acba-6686-3e35-a3dbc4872d8d','b9d25df4-8e9e-f917-f559-4872db0b9ea6','2','0','0','1',1506595058,1507704150,0),(64,'892c80b0-750c-0742-c6a4-5c1105285bee','0f584f9c-befb-a17e-b205-765cd7efde33','2','0','0','1',1506596070,1507622267,0),(66,'a7e3276b-95c7-806f-c6c9-a6d004011c15','0f584f9c-befb-a17e-b205-765cd7efde33','2','0','0','1',1506596204,1508138678,0),(67,'ec685e49-3456-6a37-8220-be6bb35868ae','9175a40c-31f2-bbec-2134-27935378cf65','2','0','0','1',1506607806,1506607829,0),(69,'ec685e49-3456-6a37-8220-be6bb35868ae','501969d6-b26d-bb2d-29e3-5264a923def9','2','0','0','1',1506610490,1508587476,0),(70,'91a3292d-b171-086e-a1db-328dbfdb096f','501969d6-b26d-bb2d-29e3-5264a923def9','0','0','0','0',1506610710,1506610710,0),(71,'91a3292d-b171-086e-a1db-328dbfdb096f','16e1481c-86e7-b9a5-e707-a1b2cdf766c3','2','0','0','0',1506610802,1506610802,0),(73,'13263a4c-4ad6-f6b3-5cfd-eb6ca7a8c32c','bf670625-f384-b056-fab9-4c3f45314aa2','0','0','0','0',1506612074,1506612074,0),(74,'dc632f78-d7e8-18e6-1e37-d2e759329e7c','b9d25df4-8e9e-f917-f559-4872db0b9ea6','2','0','0','1',1506661835,1508467543,0),(75,'67ff98d2-677b-fb18-8dad-83a39b2e8766','3e0b1448-7562-48cc-f885-3986a3bee7fa','2','0','0','1',1507532678,1508481990,0),(76,'67ff98d2-677b-fb18-8dad-83a39b2e8766','0f584f9c-befb-a17e-b205-765cd7efde33','2','0','0','1',1507600970,1508226045,0),(78,'67ff98d2-677b-fb18-8dad-83a39b2e8766','499d7c58-08b3-45e6-1a12-ab99c53f596b','2','0','0','1',1507641413,1507641685,0),(80,'67ff98d2-677b-fb18-8dad-83a39b2e8766','13225a3e-f16a-ebb0-450d-3a0a00ade5ca','2','0','0','0',1507797083,1507797083,0),(82,'a7e3276b-95c7-806f-c6c9-a6d004011c15','b9d25df4-8e9e-f917-f559-4872db0b9ea6','2','0','0','1',1508117494,1508832234,0),(83,'60470447-7bac-250f-892d-5e72e7987285','c3a9548d-832d-57f2-fdd9-18f9dc397fb5','2','0','0','0',1508118054,1508118054,0),(84,'a7e3276b-95c7-806f-c6c9-a6d004011c15','16e1481c-86e7-b9a5-e707-a1b2cdf766c3','2','0','0','1',1508134233,1508159741,0),(85,'a7e3276b-95c7-806f-c6c9-a6d004011c15','3e0b1448-7562-48cc-f885-3986a3bee7fa','2','0','0','1',1508138306,1508138733,0),(86,'a7e3276b-95c7-806f-c6c9-a6d004011c15','bf670625-f384-b056-fab9-4c3f45314aa2','2','0','0','1',1508158958,1508159696,0),(87,'ec685e49-3456-6a37-8220-be6bb35868ae','3e0b1448-7562-48cc-f885-3986a3bee7fa','2','0','0','1',1508203628,1508470141,0),(88,'ec685e49-3456-6a37-8220-be6bb35868ae','13225a3e-f16a-ebb0-450d-3a0a00ade5ca','2','0','0','0',1508224670,1508224670,0),(89,'1f83549c-7fb7-4c2a-27e0-0b11cfbd337b','0f584f9c-befb-a17e-b205-765cd7efde33','0','0','0','0',1508229764,1508229764,0),(90,'7d081b3c-1c59-b827-d71a-561c58db5a87','9175a40c-31f2-bbec-2134-27935378cf65','0','0','0','0',1508291462,1508291462,0),(91,'ec685e49-3456-6a37-8220-be6bb35868ae','c3a9548d-832d-57f2-fdd9-18f9dc397fb5','2','0','0','1',1508291501,1508312088,0),(92,'8801efbd-1bd5-50d8-3b89-bea68d6a316c','0a9064ba-711f-5049-9300-c0cc88e1edf7','0','0','0','0',1508292073,1508292073,0),(93,'6bbad53c-f230-5f6d-56ae-7717d7ffe2c5','13225a3e-f16a-ebb0-450d-3a0a00ade5ca','0','0','0','0',1508292189,1508292189,0),(94,'4716c7f4-2195-0a17-2d7d-9cfed7a5cb3a','9175a40c-31f2-bbec-2134-27935378cf65','0','0','0','0',1508296499,1508296499,0),(95,'4bb22543-ec8c-e247-1f1e-b6d519811c90','9175a40c-31f2-bbec-2134-27935378cf65','0','0','0','0',1508296908,1508296908,0),(96,'8321ad0b-7e93-2cc4-9db0-4032432e170d','9175a40c-31f2-bbec-2134-27935378cf65','0','0','0','0',1508297318,1508297318,0),(98,'ec685e49-3456-6a37-8220-be6bb35868ae','0a9064ba-711f-5049-9300-c0cc88e1edf7','2','0','0','1',1508310834,1508770251,0),(101,'dc632f78-d7e8-18e6-1e37-d2e759329e7c','c3a9548d-832d-57f2-fdd9-18f9dc397fb5','2','0','0','1',1508403389,1508832339,0),(103,'24c258ac-b17f-5558-79bc-9c56f6a8fb59','0f584f9c-befb-a17e-b205-765cd7efde33','0','0','0','0',1508463643,1508463643,0),(108,'ec685e49-3456-6a37-8220-be6bb35868ae','0f584f9c-befb-a17e-b205-765cd7efde33','2','0','0','0',1508464365,1508464365,0),(111,'de0450ee-9208-d3d7-2397-ad5f52f5845e','0a9064ba-711f-5049-9300-c0cc88e1edf7','0','0','0','0',1508464714,1508464714,0),(112,'76826caa-6894-f6b9-3ac3-de33e01879c2','16e1481c-86e7-b9a5-e707-a1b2cdf766c3','2','0','0','0',1508464746,1508464746,0),(113,'3d8a56d6-aaa4-d006-78aa-559041e73565','0a9064ba-711f-5049-9300-c0cc88e1edf7','0','0','0','0',1508465563,1508465563,0),(114,'5ae00970-ee16-db8f-5344-5698cd6dab40','0a9064ba-711f-5049-9300-c0cc88e1edf7','0','0','0','0',1508465851,1508465851,0),(115,'a9b72d0c-90f3-a247-63ec-0d586467a2be','0a9064ba-711f-5049-9300-c0cc88e1edf7','0','0','0','0',1508466310,1508466310,0),(116,'f6400fc1-b391-d97f-276e-049953606ad5','0a9064ba-711f-5049-9300-c0cc88e1edf7','0','0','0','0',1508466908,1508466908,0),(117,'2d186dae-8300-492a-fa64-5ed167ed8510','0f584f9c-befb-a17e-b205-765cd7efde33','0','0','0','0',1508466991,1508466991,0),(118,'beb74c98-bce7-a3de-305c-dffa190326c4','0a9064ba-711f-5049-9300-c0cc88e1edf7','0','0','0','0',1508467155,1508467155,0),(119,'bb39ad52-70ec-ebcd-958e-bd3feba67443','0a9064ba-711f-5049-9300-c0cc88e1edf7','0','0','0','0',1508467571,1508467571,0),(120,'07abd29c-58f0-608c-a7e3-fadcb877ef2c','0a9064ba-711f-5049-9300-c0cc88e1edf7','0','0','0','0',1508468530,1508468530,0),(121,'7bf0abd7-36fc-ef35-ead2-2bcbccb8b2cf','0a9064ba-711f-5049-9300-c0cc88e1edf7','0','0','0','0',1508468623,1508468623,0),(122,'932d9b98-59b7-a7e3-10f5-31d175e4413a','0a9064ba-711f-5049-9300-c0cc88e1edf7','0','0','0','0',1508469636,1508469636,0),(123,'55eef094-9373-44d1-8ebb-fbb0d28bbffe','0a9064ba-711f-5049-9300-c0cc88e1edf7','0','0','0','0',1508469772,1508469772,0),(124,'aa16fe42-d585-9ee1-ce3d-231081876daf','0a9064ba-711f-5049-9300-c0cc88e1edf7','0','0','0','0',1508469913,1508469913,0),(125,'8eb5e73e-89e6-760d-1ba9-f05fe6a8b983','0a9064ba-711f-5049-9300-c0cc88e1edf7','0','0','0','0',1508470176,1508470176,0),(126,'3a67e406-29e8-1e4c-d922-6062f8e4f09b','0a9064ba-711f-5049-9300-c0cc88e1edf7','0','0','0','0',1508470362,1508470362,0),(127,'31a57836-1dc2-1d9a-03d4-4f996b9b1187','0a9064ba-711f-5049-9300-c0cc88e1edf7','0','0','0','0',1508470722,1508470722,0),(128,'982c30c7-ebc7-a797-964e-4669484c5103','0a9064ba-711f-5049-9300-c0cc88e1edf7','0','0','0','0',1508470860,1508470860,0),(129,'05782e51-f174-74e1-f358-91a1011b1daf','0a9064ba-711f-5049-9300-c0cc88e1edf7','0','0','0','0',1508471217,1508471217,0),(130,'118adfb2-b289-da7e-fbe1-f4533181b9d3','0a9064ba-711f-5049-9300-c0cc88e1edf7','0','0','0','0',1508478844,1508478844,0),(131,'3a4d382d-fae8-dc11-0db4-2c214897fa91','0a9064ba-711f-5049-9300-c0cc88e1edf7','0','0','0','0',1508479305,1508479305,0),(132,'b71c1509-6809-e1a5-67e0-b96fe3fec8df','0a9064ba-711f-5049-9300-c0cc88e1edf7','0','0','0','0',1508479953,1508479953,0),(133,'1f83549c-7fb7-4c2a-27e0-0b11cfbd337b','b9d25df4-8e9e-f917-f559-4872db0b9ea6','2','0','0','1',1508482042,1508483972,0),(135,'c8b8ca3f-5716-573b-cfbc-78620ea5a18e','16e1481c-86e7-b9a5-e707-a1b2cdf766c3','0','0','0','0',1508488228,1508488228,0),(138,'ec685e49-3456-6a37-8220-be6bb35868ae','bf670625-f384-b056-fab9-4c3f45314aa2','2','0','0','0',1508572846,1508572846,0),(139,'7d081b3c-1c59-b827-d71a-561c58db5a87','501969d6-b26d-bb2d-29e3-5264a923def9','2','0','0','1',1508587333,1508593999,0),(140,'c8b8ca3f-5716-573b-cfbc-78620ea5a18e','501969d6-b26d-bb2d-29e3-5264a923def9','2','0','0','0',1508587372,1508587372,0),(141,'7d081b3c-1c59-b827-d71a-561c58db5a87','0f584f9c-befb-a17e-b205-765cd7efde33','2','0','0','1',1508639157,1508639194,0),(142,'7d081b3c-1c59-b827-d71a-561c58db5a87','16e1481c-86e7-b9a5-e707-a1b2cdf766c3','2','0','0','1',1508639547,1508655869,0),(143,'7d081b3c-1c59-b827-d71a-561c58db5a87','3e0b1448-7562-48cc-f885-3986a3bee7fa','2','0','0','1',1508723654,1508723984,0),(144,'8321ad0b-7e93-2cc4-9db0-4032432e170d','0f584f9c-befb-a17e-b205-765cd7efde33','2','0','0','1',1508745781,1508745801,0),(145,'58d153d9-1702-e225-7cbc-59a453386bca','3e0b1448-7562-48cc-f885-3986a3bee7fa','2','0','0','0',1508825585,1508825585,0),(148,'a39fb9d1-42fb-96e6-9a4a-4e38e85237f6','c3a9548d-832d-57f2-fdd9-18f9dc397fb5','2','0','0','1',1508833021,1508834221,0);

#
# Structure for table "xds_community_user_record"
#

DROP TABLE IF EXISTS `xds_community_user_record`;
CREATE TABLE `xds_community_user_record` (
  `id` int(11) NOT NULL AUTO_INCREMENT,
  `community_id` char(36) NOT NULL DEFAULT '',
  `user_id` char(36) NOT NULL DEFAULT '',
  `type` enum('1','2') NOT NULL DEFAULT '2' COMMENT '关联类型 1 管理员 2 成员',
  `pay` enum('0','1') NOT NULL DEFAULT '0' COMMENT '是否为付费用户 0 否 1 是',
  `join_time` int(11) unsigned NOT NULL DEFAULT '0' COMMENT '加入时间',
  `create_time` int(11) NOT NULL DEFAULT '0' COMMENT '退出时间',
  PRIMARY KEY (`id`)
) ENGINE=InnoDB AUTO_INCREMENT=39 DEFAULT CHARSET=utf8 COMMENT='用户退出行动记录表';

#
# Data for table "xds_community_user_record"
#

INSERT INTO `xds_community_user_record` VALUES (2,'5b4a5093-0237-ef6c-eeae-3c0d1b835046','0a9064ba-711f-5049-9300-c0cc88e1edf7','2','0',0,1506389737),(4,'4c129a60-59e2-4ef2-63c2-f2bde7ccca19','0a9064ba-711f-5049-9300-c0cc88e1edf7','2','0',0,1506390127),(5,'892c80b0-750c-0742-c6a4-5c1105285bee','0a9064ba-711f-5049-9300-c0cc88e1edf7','2','0',0,1506390159),(6,'58d153d9-1702-e225-7cbc-59a453386bca','0a9064ba-711f-5049-9300-c0cc88e1edf7','1','0',0,1506390357),(7,'58d153d9-1702-e225-7cbc-59a453386bca','0a9064ba-711f-5049-9300-c0cc88e1edf7','2','0',2017,1506390582),(8,'58d153d9-1702-e225-7cbc-59a453386bca','0a9064ba-711f-5049-9300-c0cc88e1edf7','2','0',1506390671,1506390676),(9,'e20d3eea-4164-01ab-fd23-aa2e93836b09','b9d25df4-8e9e-f917-f559-4872db0b9ea6','2','0',1506390930,1506391009),(10,'58d153d9-1702-e225-7cbc-59a453386bca','b9d25df4-8e9e-f917-f559-4872db0b9ea6','2','0',1506323955,1506391142),(11,'ec685e49-3456-6a37-8220-be6bb35868ae','0f584f9c-befb-a17e-b205-765cd7efde33','2','0',1506408676,1506409259),(12,'c95134b4-83d5-ce44-6e79-c3273f807e71','3e0b1448-7562-48cc-f885-3986a3bee7fa','2','0',1506409167,1506475003),(13,'c95134b4-83d5-ce44-6e79-c3273f807e71','b9d25df4-8e9e-f917-f559-4872db0b9ea6','2','0',1505267942,1506495293),(14,'76826caa-6894-f6b9-3ac3-de33e01879c2','b9d25df4-8e9e-f917-f559-4872db0b9ea6','2','1',0,1506495312),(15,'58d153d9-1702-e225-7cbc-59a453386bca','0f584f9c-befb-a17e-b205-765cd7efde33','2','0',1506596166,1506596187),(16,'a7e3276b-95c7-806f-c6c9-a6d004011c15','16e1481c-86e7-b9a5-e707-a1b2cdf766c3','2','0',1506610854,1506610889),(17,'5f3d274c-0ab9-d9a6-8e5a-4a150f8ba29d','b9d25df4-8e9e-f917-f559-4872db0b9ea6','2','1',1506573437,1506648507),(18,'60470447-7bac-250f-892d-5e72e7987285','16e1481c-86e7-b9a5-e707-a1b2cdf766c3','2','0',1506409475,1507519649),(19,'67ff98d2-677b-fb18-8dad-83a39b2e8766','b9d25df4-8e9e-f917-f559-4872db0b9ea6','2','0',1507606604,1507606681),(20,'c95134b4-83d5-ce44-6e79-c3273f807e71','16e1481c-86e7-b9a5-e707-a1b2cdf766c3','2','0',1508059433,1508059483),(21,'ec685e49-3456-6a37-8220-be6bb35868ae','0f584f9c-befb-a17e-b205-765cd7efde33','2','1',1507708231,1508308639),(22,'523255d2-8de8-3a03-ea11-26c4a0099866','16e1481c-86e7-b9a5-e707-a1b2cdf766c3','2','1',1506409366,1508308765),(23,'ec685e49-3456-6a37-8220-be6bb35868ae','b9d25df4-8e9e-f917-f559-4872db0b9ea6','2','0',1508376664,1508381961),(24,'1f83549c-7fb7-4c2a-27e0-0b11cfbd337b','16e1481c-86e7-b9a5-e707-a1b2cdf766c3','2','0',1508308785,1508405418),(25,'76826caa-6894-f6b9-3ac3-de33e01879c2','16e1481c-86e7-b9a5-e707-a1b2cdf766c3','2','1',1508455221,1508455346),(26,'76826caa-6894-f6b9-3ac3-de33e01879c2','16e1481c-86e7-b9a5-e707-a1b2cdf766c3','2','0',1508464126,1508464135),(27,'76826caa-6894-f6b9-3ac3-de33e01879c2','16e1481c-86e7-b9a5-e707-a1b2cdf766c3','2','0',1508464143,1508464167),(28,'76826caa-6894-f6b9-3ac3-de33e01879c2','b9d25df4-8e9e-f917-f559-4872db0b9ea6','2','0',1508464309,1508464329),(29,'ec685e49-3456-6a37-8220-be6bb35868ae','0f584f9c-befb-a17e-b205-765cd7efde33','2','0',1508377707,1508464353),(30,'ec685e49-3456-6a37-8220-be6bb35868ae','b9d25df4-8e9e-f917-f559-4872db0b9ea6','2','0',1508464426,1508464590),(31,'ec685e49-3456-6a37-8220-be6bb35868ae','b9d25df4-8e9e-f917-f559-4872db0b9ea6','2','0',1508464685,1508464706),(32,'76826caa-6894-f6b9-3ac3-de33e01879c2','16e1481c-86e7-b9a5-e707-a1b2cdf766c3','2','0',1508464181,1508464742),(33,'ec685e49-3456-6a37-8220-be6bb35868ae','b9d25df4-8e9e-f917-f559-4872db0b9ea6','2','1',1508488007,1508488225),(34,'ec685e49-3456-6a37-8220-be6bb35868ae','b9d25df4-8e9e-f917-f559-4872db0b9ea6','2','0',1508488233,1508488354),(35,'ec685e49-3456-6a37-8220-be6bb35868ae','b9d25df4-8e9e-f917-f559-4872db0b9ea6','2','0',1508488640,1508488673),(36,'ec685e49-3456-6a37-8220-be6bb35868ae','bf670625-f384-b056-fab9-4c3f45314aa2','2','1',1506609948,1508572841),(37,'58d153d9-1702-e225-7cbc-59a453386bca','b9d25df4-8e9e-f917-f559-4872db0b9ea6','2','0',1508832877,1508832907),(38,'58d153d9-1702-e225-7cbc-59a453386bca','b9d25df4-8e9e-f917-f559-4872db0b9ea6','2','1',1508833003,1508833465);

#
# Structure for table "xds_execution"
#

DROP TABLE IF EXISTS `xds_execution`;
CREATE TABLE `xds_execution` (
  `id` int(11) NOT NULL AUTO_INCREMENT,
  `user_id` char(36) NOT NULL DEFAULT '',
  `task_id` char(36) NOT NULL DEFAULT '' COMMENT '任务ID',
  `act_plan_id` char(36) NOT NULL DEFAULT '' COMMENT '冗余字段：行动社ID',
  `execution` int(11) NOT NULL DEFAULT '0' COMMENT '行动力值',
  `create_time` int(11) NOT NULL DEFAULT '0',
  `update_time` int(11) NOT NULL DEFAULT '0',
  PRIMARY KEY (`id`),
  KEY `user_id` (`user_id`,`task_id`,`act_plan_id`,`execution`)
) ENGINE=InnoDB DEFAULT CHARSET=utf8 COMMENT='行动力记录表';

#
# Data for table "xds_execution"
#


#
# Structure for table "xds_execution_record"
#

DROP TABLE IF EXISTS `xds_execution_record`;
CREATE TABLE `xds_execution_record` (
  `Id` int(11) NOT NULL AUTO_INCREMENT,
  PRIMARY KEY (`Id`)
) ENGINE=InnoDB DEFAULT CHARSET=utf8 COMMENT='行动力积累表';

#
# Data for table "xds_execution_record"
#


#
# Structure for table "xds_income_expenses"
#

DROP TABLE IF EXISTS `xds_income_expenses`;
CREATE TABLE `xds_income_expenses` (
  `id` int(11) NOT NULL AUTO_INCREMENT,
  `act_plan_id` char(36) NOT NULL DEFAULT '' COMMENT '行动计划ID',
  `order_no` varchar(20) NOT NULL COMMENT '订单号',
  `fee` decimal(10,2) NOT NULL DEFAULT '0.00' COMMENT '消费金额',
  `name` varchar(255) NOT NULL DEFAULT '' COMMENT '计划名称',
  `create_time` int(11) NOT NULL DEFAULT '0',
  `update_time` int(11) NOT NULL DEFAULT '0',
  PRIMARY KEY (`id`),
  UNIQUE KEY `order_no` (`order_no`),
  KEY `act_plan_id` (`act_plan_id`)
) ENGINE=InnoDB AUTO_INCREMENT=116 DEFAULT CHARSET=utf8 COMMENT='收支明细交易表';

#
# Data for table "xds_income_expenses"
#

INSERT INTO `xds_income_expenses` VALUES (11,'185b6957-3732-3ca0-3b96-8fd9a7295363','A901620085576844',1.99,'行动计划名称',1504262008,1504262008),(12,'185b6957-3732-3ca0-3b96-8fd9a7295363','A901620624007858',1.99,'行动计划名称',1504262062,1504262062),(13,'b890bdde-48f4-28d9-6f24-3791b32a986e','A907505704780862',19.00,'行动计划002',1504750570,1504750570),(14,'4db41cdd-ee87-54a9-9864-4c0efb4237e2','A907638878415470',19.00,'行动计划003',1504763887,1504763887),(15,'0f6f6fba-c7ab-a432-d47a-0ff04b75a972','A907800616973137',19.00,'行动计划004',1504780061,1504780061),(16,'b885ed62-8eaa-6b98-213d-30ef17e2f189','A907804255607868',19.00,'行动计划002',1504780425,1504780425),(17,'b885ed62-8eaa-6b98-213d-30ef17e2f189','A908681166925343',19.00,'行动计划002',1504868116,1504868116),(18,'b885ed62-8eaa-6b98-213d-30ef17e2f189','A912013108395671',19.00,'行动计划002',1505201310,1505201310),(19,'4db41cdd-ee87-54a9-9864-4c0efb4237e2','A921648542750787',19.00,'行动计划003',1505964854,1505964854),(20,'0f6f6fba-c7ab-a432-d47a-0ff04b75a972','A921649018062661',19.00,'行动计划004',1505964901,1505964901),(21,'e059d9f5-0b98-1a68-dd19-70e19c83da87','A921649809560402',45.00,'这是第三个行动计划',1505964980,1505964980),(22,'9425baea-cf1d-5bb5-203a-91f72fcd18fd','A921650005626128',45.00,'这是第五个行动计划',1505965000,1505965000),(24,'185b6957-3732-3ca0-3b96-8fd9a7295363','A921652276141542',20.00,'行动计划001',1505965227,1505965227),(25,'b885ed62-8eaa-6b98-213d-30ef17e2f189','A921652929017391',19.00,'行动计划002',1505965292,1505965292),(26,'f53c4e29-43f7-80a3-e5c5-36606a0725a1','A927793531312297',45.00,'这是第八个行动计划',1506479353,1506479353),(27,'f2c7eaa1-3a19-ec2c-0077-a8bb9dca9bb3','A927795619823617',45.00,'这是第七个行动计划',1506479562,1506479562),(28,'ef9c7602-db5d-5a87-b2d8-137a71632563','A927964751075581',45.00,'这是第二个行动计划',1506496475,1506496475),(29,'2eab278c-a0fd-b21f-3cbb-262a928ce51f','A927986797381602',45.00,'这是第四个行动计划',1506498679,1506498679),(39,'503025f3-04d9-2d41-3d57-e18a662b443a','A928621468747832',45.00,'竖着耳朵的兔子',1506562146,1506562146),(40,'6d68daf3-4f26-5b4c-229b-9907453a8781','A928621824998694',48.00,'这是从编辑页面过来的',1506562182,1506562182),(41,'aee0a494-0b37-0291-276e-7ec55f430c9b','A928739985968286',49.00,'季默',1506573998,1506573998),(42,'9360c704-5532-9ab2-812a-814b45f40e91','A928740389988911',48.00,'门诊量',1506574039,1506574039),(43,'503025f3-04d9-2d41-3d57-e18a662b443a','A928741630935379',45.00,'竖着耳朵的兔子',1506574163,1506574163),(44,'f03b0eb6-245d-d349-5f61-d0f966fd90ce','A928748030418629',46.00,'哦哟哟',1506574803,1506574803),(45,'cc3c26eb-fe84-78c2-4ef6-d5bcb512a033','A928749288050829',45.00,'哦哟阿德莱德',1506574928,1506574928),(46,'d5dd2511-4020-6fc5-175b-ed02ecc88d86','A928750526253951',39.00,'魔图',1506575052,1506575052),(47,'c8b749ba-86bf-deaa-82a4-59dc7db14975','A928801190045040',20.00,'这个性感又很快速发展',1506580119,1506580119),(48,'d5d1eb94-bebd-1f2f-bf31-23e1616f935e','A928811853994052',45.00,'强调节能够意思吧唧',1506581185,1506581185),(49,'6d68daf3-4f26-5b4c-229b-9907453a8781','A928812465481917',48.00,'这是从编辑页面过来的',1506581246,1506581246),(50,'503025f3-04d9-2d41-3d57-e18a662b443a','A928812562238021',45.00,'竖着耳朵的兔子',1506581256,1506581256),(51,'69b6961c-d4f8-754a-1b3b-68277d8db3a0','A928812657178311',33.00,'是啊他用来吧',1506581265,1506581265),(52,'a88b4fc0-0652-d590-a162-4574de7b903d','A928814065095328',45.00,'这是第一个行动计划',1506581406,1506581406),(53,'d5d1eb94-bebd-1f2f-bf31-23e1616f935e','A928814490044205',45.00,'强调节能够意思吧唧',1506581449,1506581449),(54,'d5d1eb94-bebd-1f2f-bf31-23e1616f935e','A928814520219568',45.00,'强调节能够意思吧唧',1506581452,1506581452),(55,'d5d1eb94-bebd-1f2f-bf31-23e1616f935e','A928942743935386',45.00,'强调节能够意思吧唧',1506594274,1506594274),(56,'7683c426-100a-8ba0-aec7-6377c0d997fc','A928943665313067',40.00,'感又很快速发展',1506594366,1506594366),(57,'6d68daf3-4f26-5b4c-229b-9907453a8781','A928943964925460',48.00,'这是从编辑页面过来的',1506594396,1506594396),(58,'705fb4c8-2542-b5c9-1205-e43ba6fa4e69','A928944149674673',45.00,'为你来自拍拍屁股份',1506594414,1506594414),(59,'6898ecc5-cb5b-c7cd-0cfc-79706b8a5473','A928950744003072',43.00,'魔肚肚疼的',1506595074,1506595074),(60,'fad07257-cbc7-ca58-c5f4-502c387cd2f0','A928952302924158',43.00,'物语',1506595230,1506595230),(61,'9b047d08-5096-6a4e-2603-7629673c3bf2','A928962232842488',49.00,'行动eurifjsaj',1506596223,1506596223),(62,'80e0efd0-7232-cd54-72fd-57b6811cb81f','A928078289734211',1.00,'第一个行动社的第一个',1506607828,1506607828),(63,'80e0efd0-7232-cd54-72fd-57b6811cb81f','A928114510973281',1.00,'第一个行动社的第一个',1506611451,1506611451),(64,'8e53a120-c0cc-dde6-9cfe-e52ec40723b4','A929484314746155',33.00,'托管我啥事都没有',1506648431,1506648431),(65,'8b93f5b0-927f-f4fb-0696-547bf81548a2','A929620289768518',30.00,'111',1506662028,1506662028),(66,'4cca7506-c80d-8311-281f-158a3fe74346','A929639369219102',20.00,'222',1506663936,1506663936),(67,'a88b4fc0-0652-d590-a162-4574de7b903d','AA10222676468486',45.00,'这是第一个行动计划',1507622267,1507622267),(68,'69a7e45a-fedd-649c-b075-645bb79cec4d','AA10416853628592',5.00,'先随便搞个别弹窗了',1507641685,1507641685),(69,'69b6961c-d4f8-754a-1b3b-68277d8db3a0','AA11914208776215',33.00,'是啊他用来吧',1507691420,1507691420),(70,'d400d687-795f-e3eb-caa4-e3401f4bc348','AA11029423020141',1.00,'这些',1507702942,1507702942),(71,'4ca6236d-d2e9-dd27-24b2-6f02459cbbe8','AA11031088537042',1.00,'界面剂',1507703108,1507703108),(72,'e4162903-c02c-3690-04b6-43234093607c','AA11041507728643',1.00,'孔雀东南飞',1507704150,1507704150),(73,'80e0efd0-7232-cd54-72fd-57b6811cb81f','AA11082665958995',1.00,'第一个行动社的第一个',1507708266,1507708266),(74,'186e78c3-d884-40b0-5b4b-87991525f143','AA11115733938257',2.00,'2222',1507711573,1507711573),(75,'d5d1eb94-bebd-1f2f-bf31-23e1616f935e','AA12972714293327',45.00,'强调节能够意思吧唧',1507797271,1507797271),(76,'d5d1eb94-bebd-1f2f-bf31-23e1616f935e','AA12991081869215',45.00,'强调节能够意思吧唧',1507799108,1507799108),(77,'c8b749ba-86bf-deaa-82a4-59dc7db14975','AA13623026729124',20.00,'这个性感又很快速发展',1507862302,1507862302),(78,'7683c426-100a-8ba0-aec7-6377c0d997fc','AA13623498125088',40.00,'感又很快速发展',1507862349,1507862349),(79,'e18ce753-d466-1234-5f23-7ef5b16bbdef','AA13651477861534',20.00,'444',1507865147,1507865147),(80,'627066d0-b85e-b929-369d-767e5e99d45c','AA13651697112228',33.00,'333',1507865169,1507865169),(81,'d400d687-795f-e3eb-caa4-e3401f4bc348','AA13653297304402',1.00,'这些',1507865329,1507865329),(82,'6a7a3466-99be-d490-393b-862199fff6a4','AA16182270909392',1.00,'行动计划12223',1508118227,1508118227),(83,'728162a2-06b2-0053-7c30-d0a7e1350d7c','AA16183342177469',40.00,'qazwsxfs',1508118334,1508118334),(84,'6a7a3466-99be-d490-393b-862199fff6a4','AA16383199597525',1.00,'行动计划12223',1508138319,1508138319),(85,'9b047d08-5096-6a4e-2603-7629673c3bf2','AA16384135817150',49.00,'行动eurifjsaj',1508138413,1508138413),(86,'6a7a3466-99be-d490-393b-862199fff6a4','AA16385277594038',1.00,'行动计划12223',1508138527,1508138527),(87,'194d762c-b1c4-1a41-94cb-249da58a1378','AA16386786817200',1.00,'1016',1508138678,1508138678),(88,'194d762c-b1c4-1a41-94cb-249da58a1378','AA16387332957241',1.00,'1016',1508138733,1508138733),(89,'194d762c-b1c4-1a41-94cb-249da58a1378','AA16442111319841',1.00,'1016',1508144211,1508144211),(90,'6a7a3466-99be-d490-393b-862199fff6a4','AA16594526410152',1.00,'行动计划12223',1508159452,1508159452),(91,'9b047d08-5096-6a4e-2603-7629673c3bf2','AA16596959789480',49.00,'行动eurifjsaj',1508159695,1508159695),(92,'6a7a3466-99be-d490-393b-862199fff6a4','AA16597413594267',1.00,'行动计划12223',1508159741,1508159741),(93,'69a7e45a-fedd-649c-b075-645bb79cec4d','AA17260453207512',5.00,'先随便搞个别弹窗了',1508226045,1508226045),(94,'80e0efd0-7232-cd54-72fd-57b6811cb81f','AA18120884337780',1.00,'第一个行动社的第一个',1508312088,1508312088),(95,'185b6957-3732-3ca0-3b96-8fd9a7295363','AA20552819866529',20.00,'行动计划001',1508455281,1508455281),(96,'80e0efd0-7232-cd54-72fd-57b6811cb81f','AA20701416316615',1.00,'第一个行动社的第一个',1508470141,1508470141),(97,'69a7e45a-fedd-649c-b075-645bb79cec4d','AA20819902257314',5.00,'先随便搞个别弹窗了',1508481990,1508481990),(98,'66ab003d-e034-25d1-265d-d5e61fd5536f','AA20839192677879',1.00,'测试任务的行动社',1508483919,1508483919),(99,'e71e2036-6d73-5aa4-471f-df9c2d1d1bcf','AA20839724895485',1.00,'测试的行动社2',1508483972,1508483972),(100,'80e0efd0-7232-cd54-72fd-57b6811cb81f','AA20880500576371',1.00,'第一个行动社的第一个',1508488050,1508488050),(101,'80e0efd0-7232-cd54-72fd-57b6811cb81f','AA21874762174511',1.00,'第一个行动社的第一个',1508587476,1508587476),(102,'f7727250-7fa5-6898-1baf-fb31052cbd67','AA21939997440393',30.00,'一天一点思维游戏',1508593999,1508593999),(103,'f7727250-7fa5-6898-1baf-fb31052cbd67','AA22391942175184',30.00,'一天一点思维游戏',1508639194,1508639194),(104,'f7727250-7fa5-6898-1baf-fb31052cbd67','AA22558699185055',30.00,'一天一点思维游戏',1508655869,1508655869),(105,'0b5c4926-860f-3c9c-f7dc-196937ecbced','AA23239848853661',29.00,'为你读诗',1508723984,1508723984),(106,'5294c02e-6f7c-de8d-6b83-754809954c7e','AA23458013115202',49.00,'三个月轻松玩转儿童简笔画',1508745801,1508745801),(107,'80e0efd0-7232-cd54-72fd-57b6811cb81f','AA23702514048090',1.00,'第一个行动社的第一个',1508770251,1508770251),(108,'705fb4c8-2542-b5c9-1205-e43ba6fa4e69','AA23708114919045',45.00,'为你来自拍拍屁股份',1508770811,1508770811),(109,'9b047d08-5096-6a4e-2603-7629673c3bf2','AA24322339683836',49.00,'行动eurifjsaj',1508832233,1508832233),(110,'8b93f5b0-927f-f4fb-0696-547bf81548a2','AA24323397282930',30.00,'111',1508832339,1508832339),(111,'b9819e90-164e-4728-1729-0a2683d27359','AA24332268852555',1.00,'qwertyy',1508833226,1508833226),(112,'48e7eb69-8b48-3ca2-e575-836db28c5256','AA24332358497769',1.00,'计划一',1508833235,1508833235),(113,'ce71f10a-fe5d-ed75-f49f-c61ca56536df','AA24332515121521',5.00,'计划二',1508833251,1508833251),(114,'bace4a01-49da-ebc1-1057-b5be052e2d9f','AA24332640509060',1.00,'计划三',1508833264,1508833264),(115,'48e7eb69-8b48-3ca2-e575-836db28c5256','AA24342215768403',1.00,'计划一',1508834221,1508834221);

#
# Structure for table "xds_income_expenses_user"
#

DROP TABLE IF EXISTS `xds_income_expenses_user`;
CREATE TABLE `xds_income_expenses_user` (
  `id` int(11) NOT NULL AUTO_INCREMENT,
  `user_id` char(36) NOT NULL DEFAULT '' COMMENT '用户ID',
  `ie_id` int(11) unsigned DEFAULT '0' COMMENT '收支明细表ID',
  `type` enum('0','1') NOT NULL DEFAULT '0' COMMENT '0 支出 1 收入',
  `create_time` int(10) NOT NULL DEFAULT '0' COMMENT '交易时间',
  PRIMARY KEY (`id`),
  KEY `user_id` (`user_id`,`type`,`ie_id`)
) ENGINE=InnoDB AUTO_INCREMENT=217 DEFAULT CHARSET=utf8 COMMENT='收支对应用户表';

#
# Data for table "xds_income_expenses_user"
#

INSERT INTO `xds_income_expenses_user` VALUES (17,'0a9064ba-711f-5049-9300-c0cc88e1edf7',11,'0',1504262008),(18,'cb2395b7-7660-7134-85c9-612d4f4c74b5',11,'1',1504262009),(19,'0a9064ba-711f-5049-9300-c0cc88e1edf7',12,'0',1504262062),(20,'cb2395b7-7660-7134-85c9-612d4f4c74b5',12,'1',1504262063),(21,'0a9064ba-711f-5049-9300-c0cc88e1edf7',13,'0',1504750570),(22,'cb2395b7-7660-7134-85c9-612d4f4c74b5',13,'1',1504750571),(23,'0a9064ba-711f-5049-9300-c0cc88e1edf7',14,'0',1504763888),(24,'cb2395b7-7660-7134-85c9-612d4f4c74b5',14,'1',1504763888),(25,'0a9064ba-711f-5049-9300-c0cc88e1edf7',15,'0',1404780061),(26,'cb2395b7-7660-7134-85c9-612d4f4c74b5',15,'1',1504780062),(27,'0a9064ba-711f-5049-9300-c0cc88e1edf7',16,'0',1504780425),(28,'cb2395b7-7660-7134-85c9-612d4f4c74b5',16,'1',1504780426),(29,'0a9064ba-711f-5049-9300-c0cc88e1edf7',17,'0',1504868117),(30,'cb2395b7-7660-7134-85c9-612d4f4c74b5',17,'1',1504868117),(31,'0a9064ba-711f-5049-9300-c0cc88e1edf7',18,'0',1505201311),(32,'cb2395b7-7660-7134-85c9-612d4f4c74b5',18,'1',1505201311),(33,'b9d25df4-8e9e-f917-f559-4872db0b9ea6',19,'0',1505964854),(34,'cb2395b7-7660-7134-85c9-612d4f4c74b5',19,'1',1505964854),(35,'b9d25df4-8e9e-f917-f559-4872db0b9ea6',20,'0',1505964901),(36,'cb2395b7-7660-7134-85c9-612d4f4c74b5',20,'1',1505964901),(37,'b9d25df4-8e9e-f917-f559-4872db0b9ea6',21,'0',1505964980),(38,'3e0b1448-7562-48cc-f885-3986a3bee7fa',21,'1',1505964980),(39,'b9d25df4-8e9e-f917-f559-4872db0b9ea6',22,'0',1505965000),(40,'3e0b1448-7562-48cc-f885-3986a3bee7fa',22,'1',1505965000),(42,'b9d25df4-8e9e-f917-f559-4872db0b9ea6',24,'0',1505965227),(43,'cb2395b7-7660-7134-85c9-612d4f4c74b5',24,'1',1505965227),(44,'b9d25df4-8e9e-f917-f559-4872db0b9ea6',25,'0',1505965292),(45,'cb2395b7-7660-7134-85c9-612d4f4c74b5',25,'1',1505965292),(46,'0a9064ba-711f-5049-9300-c0cc88e1edf7',26,'0',1506479353),(47,'3e0b1448-7562-48cc-f885-3986a3bee7fa',26,'1',1506479353),(48,'0a9064ba-711f-5049-9300-c0cc88e1edf7',27,'0',1506479562),(49,'3e0b1448-7562-48cc-f885-3986a3bee7fa',27,'1',1506479562),(50,'b9d25df4-8e9e-f917-f559-4872db0b9ea6',28,'0',1506496475),(51,'3e0b1448-7562-48cc-f885-3986a3bee7fa',28,'1',1506496475),(52,'b9d25df4-8e9e-f917-f559-4872db0b9ea6',29,'0',1506498679),(53,'3e0b1448-7562-48cc-f885-3986a3bee7fa',29,'1',1506498679),(63,'3e0b1448-7562-48cc-f885-3986a3bee7fa',39,'0',1506562146),(64,'b9d25df4-8e9e-f917-f559-4872db0b9ea6',39,'1',1506562146),(65,'3e0b1448-7562-48cc-f885-3986a3bee7fa',40,'0',1506562182),(66,'b9d25df4-8e9e-f917-f559-4872db0b9ea6',40,'1',1506562182),(67,'b9d25df4-8e9e-f917-f559-4872db0b9ea6',41,'0',1506573998),(68,'0f584f9c-befb-a17e-b205-765cd7efde33',41,'1',1506573998),(69,'b9d25df4-8e9e-f917-f559-4872db0b9ea6',42,'0',1506574039),(70,'0f584f9c-befb-a17e-b205-765cd7efde33',42,'1',1506574039),(71,'0f584f9c-befb-a17e-b205-765cd7efde33',43,'0',1506574163),(72,'b9d25df4-8e9e-f917-f559-4872db0b9ea6',43,'1',1506574163),(73,'b9d25df4-8e9e-f917-f559-4872db0b9ea6',44,'0',1506574803),(74,'0f584f9c-befb-a17e-b205-765cd7efde33',44,'1',1506574803),(75,'b9d25df4-8e9e-f917-f559-4872db0b9ea6',45,'0',1506574928),(76,'0f584f9c-befb-a17e-b205-765cd7efde33',45,'1',1506574928),(77,'b9d25df4-8e9e-f917-f559-4872db0b9ea6',46,'0',1506575052),(78,'0f584f9c-befb-a17e-b205-765cd7efde33',46,'1',1506575052),(79,'0f584f9c-befb-a17e-b205-765cd7efde33',47,'0',1506580119),(80,'b9d25df4-8e9e-f917-f559-4872db0b9ea6',47,'1',1506580119),(81,'0a9064ba-711f-5049-9300-c0cc88e1edf7',48,'0',1506581185),(82,'b9d25df4-8e9e-f917-f559-4872db0b9ea6',48,'1',1506581185),(83,'0a9064ba-711f-5049-9300-c0cc88e1edf7',49,'0',1506581246),(84,'b9d25df4-8e9e-f917-f559-4872db0b9ea6',49,'1',1506581246),(85,'0a9064ba-711f-5049-9300-c0cc88e1edf7',50,'0',1506581256),(86,'b9d25df4-8e9e-f917-f559-4872db0b9ea6',50,'1',1506581256),(87,'0a9064ba-711f-5049-9300-c0cc88e1edf7',51,'0',1506581265),(88,'b9d25df4-8e9e-f917-f559-4872db0b9ea6',51,'1',1506581265),(89,'13225a3e-f16a-ebb0-450d-3a0a00ade5ca',52,'0',1506581406),(90,'3e0b1448-7562-48cc-f885-3986a3bee7fa',52,'1',1506581406),(91,'cb2395b7-7660-7134-85c9-612d4f4c74b5',53,'0',1506581449),(92,'b9d25df4-8e9e-f917-f559-4872db0b9ea6',53,'1',1506581449),(93,'13225a3e-f16a-ebb0-450d-3a0a00ade5ca',54,'0',1506581452),(94,'b9d25df4-8e9e-f917-f559-4872db0b9ea6',54,'1',1506581452),(95,'0f584f9c-befb-a17e-b205-765cd7efde33',55,'0',1506594274),(96,'b9d25df4-8e9e-f917-f559-4872db0b9ea6',55,'1',1506594274),(97,'0f584f9c-befb-a17e-b205-765cd7efde33',56,'0',1506594366),(98,'b9d25df4-8e9e-f917-f559-4872db0b9ea6',56,'1',1506594366),(99,'0f584f9c-befb-a17e-b205-765cd7efde33',57,'0',1506594396),(100,'b9d25df4-8e9e-f917-f559-4872db0b9ea6',57,'1',1506594396),(101,'0f584f9c-befb-a17e-b205-765cd7efde33',58,'0',1506594414),(102,'b9d25df4-8e9e-f917-f559-4872db0b9ea6',58,'1',1506594415),(103,'b9d25df4-8e9e-f917-f559-4872db0b9ea6',59,'0',1506595074),(104,'0f584f9c-befb-a17e-b205-765cd7efde33',59,'1',1506595074),(105,'b9d25df4-8e9e-f917-f559-4872db0b9ea6',60,'0',1506595230),(106,'0f584f9c-befb-a17e-b205-765cd7efde33',60,'1',1506595230),(107,'0f584f9c-befb-a17e-b205-765cd7efde33',61,'0',1506596223),(108,'c3a9548d-832d-57f2-fdd9-18f9dc397fb5',61,'1',1506596223),(109,'9175a40c-31f2-bbec-2134-27935378cf65',62,'0',1506607828),(110,'16e1481c-86e7-b9a5-e707-a1b2cdf766c3',62,'1',1506607829),(111,'bf670625-f384-b056-fab9-4c3f45314aa2',63,'0',1506611451),(112,'16e1481c-86e7-b9a5-e707-a1b2cdf766c3',63,'1',1506611451),(113,'b9d25df4-8e9e-f917-f559-4872db0b9ea6',64,'0',1506648431),(114,'0f584f9c-befb-a17e-b205-765cd7efde33',64,'1',1506648431),(115,'b9d25df4-8e9e-f917-f559-4872db0b9ea6',65,'0',1506662028),(116,'3e0b1448-7562-48cc-f885-3986a3bee7fa',65,'1',1506662029),(117,'b9d25df4-8e9e-f917-f559-4872db0b9ea6',66,'0',1506663936),(118,'3e0b1448-7562-48cc-f885-3986a3bee7fa',66,'1',1506663936),(119,'0f584f9c-befb-a17e-b205-765cd7efde33',67,'0',1507622267),(120,'3e0b1448-7562-48cc-f885-3986a3bee7fa',67,'1',1507622267),(121,'499d7c58-08b3-45e6-1a12-ab99c53f596b',68,'0',1507641685),(122,'c3a9548d-832d-57f2-fdd9-18f9dc397fb5',68,'1',1507641685),(123,'0f584f9c-befb-a17e-b205-765cd7efde33',69,'0',1507691420),(124,'b9d25df4-8e9e-f917-f559-4872db0b9ea6',69,'1',1507691420),(125,'0f584f9c-befb-a17e-b205-765cd7efde33',70,'0',1507702942),(126,'b9d25df4-8e9e-f917-f559-4872db0b9ea6',70,'1',1507702942),(127,'b9d25df4-8e9e-f917-f559-4872db0b9ea6',71,'0',1507703108),(128,'0f584f9c-befb-a17e-b205-765cd7efde33',71,'1',1507703108),(129,'b9d25df4-8e9e-f917-f559-4872db0b9ea6',72,'0',1507704150),(130,'0f584f9c-befb-a17e-b205-765cd7efde33',72,'1',1507704150),(131,'0f584f9c-befb-a17e-b205-765cd7efde33',73,'0',1507708266),(132,'16e1481c-86e7-b9a5-e707-a1b2cdf766c3',73,'1',1507708266),(133,'16e1481c-86e7-b9a5-e707-a1b2cdf766c3',74,'0',1507711573),(134,'0f584f9c-befb-a17e-b205-765cd7efde33',74,'1',1507711573),(135,'c3a9548d-832d-57f2-fdd9-18f9dc397fb5',75,'0',1507797271),(136,'b9d25df4-8e9e-f917-f559-4872db0b9ea6',75,'1',1507797271),(137,'3e0b1448-7562-48cc-f885-3986a3bee7fa',76,'0',1507799108),(138,'b9d25df4-8e9e-f917-f559-4872db0b9ea6',76,'1',1507799108),(139,'3e0b1448-7562-48cc-f885-3986a3bee7fa',77,'0',1507862302),(140,'b9d25df4-8e9e-f917-f559-4872db0b9ea6',77,'1',1507862302),(141,'3e0b1448-7562-48cc-f885-3986a3bee7fa',78,'0',1507862349),(142,'b9d25df4-8e9e-f917-f559-4872db0b9ea6',78,'1',1507862349),(143,'b9d25df4-8e9e-f917-f559-4872db0b9ea6',79,'0',1507865147),(144,'3e0b1448-7562-48cc-f885-3986a3bee7fa',79,'1',1507865147),(145,'b9d25df4-8e9e-f917-f559-4872db0b9ea6',80,'0',1507865169),(146,'3e0b1448-7562-48cc-f885-3986a3bee7fa',80,'1',1507865169),(147,'3e0b1448-7562-48cc-f885-3986a3bee7fa',81,'0',1507865329),(148,'b9d25df4-8e9e-f917-f559-4872db0b9ea6',81,'1',1507865329),(149,'b9d25df4-8e9e-f917-f559-4872db0b9ea6',82,'0',1508118227),(150,'c3a9548d-832d-57f2-fdd9-18f9dc397fb5',82,'1',1508118227),(151,'b9d25df4-8e9e-f917-f559-4872db0b9ea6',83,'0',1508118334),(152,'c3a9548d-832d-57f2-fdd9-18f9dc397fb5',83,'1',1508118334),(153,'3e0b1448-7562-48cc-f885-3986a3bee7fa',84,'0',1508138319),(154,'c3a9548d-832d-57f2-fdd9-18f9dc397fb5',84,'1',1508138320),(155,'3e0b1448-7562-48cc-f885-3986a3bee7fa',85,'0',1508138413),(156,'c3a9548d-832d-57f2-fdd9-18f9dc397fb5',85,'1',1508138413),(157,'0f584f9c-befb-a17e-b205-765cd7efde33',86,'0',1508138527),(158,'c3a9548d-832d-57f2-fdd9-18f9dc397fb5',86,'1',1508138527),(159,'0f584f9c-befb-a17e-b205-765cd7efde33',87,'0',1508138678),(160,'c3a9548d-832d-57f2-fdd9-18f9dc397fb5',87,'1',1508138678),(161,'3e0b1448-7562-48cc-f885-3986a3bee7fa',88,'0',1508138733),(162,'c3a9548d-832d-57f2-fdd9-18f9dc397fb5',88,'1',1508138733),(163,'b9d25df4-8e9e-f917-f559-4872db0b9ea6',89,'0',1508144211),(164,'c3a9548d-832d-57f2-fdd9-18f9dc397fb5',89,'1',1508144211),(165,'bf670625-f384-b056-fab9-4c3f45314aa2',90,'0',1508159452),(166,'c3a9548d-832d-57f2-fdd9-18f9dc397fb5',90,'1',1508159452),(167,'bf670625-f384-b056-fab9-4c3f45314aa2',91,'0',1508159696),(168,'c3a9548d-832d-57f2-fdd9-18f9dc397fb5',91,'1',1508159696),(169,'16e1481c-86e7-b9a5-e707-a1b2cdf766c3',92,'0',1508159741),(170,'c3a9548d-832d-57f2-fdd9-18f9dc397fb5',92,'1',1508159741),(171,'0f584f9c-befb-a17e-b205-765cd7efde33',93,'0',1508226045),(172,'c3a9548d-832d-57f2-fdd9-18f9dc397fb5',93,'1',1508226045),(173,'c3a9548d-832d-57f2-fdd9-18f9dc397fb5',94,'0',1508312088),(174,'16e1481c-86e7-b9a5-e707-a1b2cdf766c3',94,'1',1508312088),(175,'16e1481c-86e7-b9a5-e707-a1b2cdf766c3',95,'0',1508455282),(176,'cb2395b7-7660-7134-85c9-612d4f4c74b5',95,'1',1508455282),(177,'3e0b1448-7562-48cc-f885-3986a3bee7fa',96,'0',1508470141),(178,'16e1481c-86e7-b9a5-e707-a1b2cdf766c3',96,'1',1508470141),(179,'3e0b1448-7562-48cc-f885-3986a3bee7fa',97,'0',1508481990),(180,'c3a9548d-832d-57f2-fdd9-18f9dc397fb5',97,'1',1508481990),(181,'b9d25df4-8e9e-f917-f559-4872db0b9ea6',98,'0',1508483919),(182,'0f584f9c-befb-a17e-b205-765cd7efde33',98,'1',1508483919),(183,'b9d25df4-8e9e-f917-f559-4872db0b9ea6',99,'0',1508483972),(184,'0f584f9c-befb-a17e-b205-765cd7efde33',99,'1',1508483972),(185,'b9d25df4-8e9e-f917-f559-4872db0b9ea6',100,'0',1508488050),(186,'16e1481c-86e7-b9a5-e707-a1b2cdf766c3',100,'1',1508488050),(187,'501969d6-b26d-bb2d-29e3-5264a923def9',101,'0',1508587476),(188,'16e1481c-86e7-b9a5-e707-a1b2cdf766c3',101,'1',1508587476),(189,'501969d6-b26d-bb2d-29e3-5264a923def9',102,'0',1508593999),(190,'9175a40c-31f2-bbec-2134-27935378cf65',102,'1',1508593999),(191,'0f584f9c-befb-a17e-b205-765cd7efde33',103,'0',1508639194),(192,'9175a40c-31f2-bbec-2134-27935378cf65',103,'1',1508639194),(193,'16e1481c-86e7-b9a5-e707-a1b2cdf766c3',104,'0',1508655869),(194,'9175a40c-31f2-bbec-2134-27935378cf65',104,'1',1508655869),(195,'3e0b1448-7562-48cc-f885-3986a3bee7fa',105,'0',1508723984),(196,'9175a40c-31f2-bbec-2134-27935378cf65',105,'1',1508723984),(197,'0f584f9c-befb-a17e-b205-765cd7efde33',106,'0',1508745801),(198,'9175a40c-31f2-bbec-2134-27935378cf65',106,'1',1508745801),(199,'0a9064ba-711f-5049-9300-c0cc88e1edf7',107,'0',1508770251),(200,'16e1481c-86e7-b9a5-e707-a1b2cdf766c3',107,'1',1508770251),(201,'0a9064ba-711f-5049-9300-c0cc88e1edf7',108,'0',1508770811),(202,'b9d25df4-8e9e-f917-f559-4872db0b9ea6',108,'1',1508770811),(203,'b9d25df4-8e9e-f917-f559-4872db0b9ea6',109,'0',1508832233),(204,'c3a9548d-832d-57f2-fdd9-18f9dc397fb5',109,'1',1508832234),(205,'c3a9548d-832d-57f2-fdd9-18f9dc397fb5',110,'0',1508832339),(206,'3e0b1448-7562-48cc-f885-3986a3bee7fa',110,'1',1508832339),(207,'b9d25df4-8e9e-f917-f559-4872db0b9ea6',111,'0',1508833226),(208,'c3a9548d-832d-57f2-fdd9-18f9dc397fb5',111,'1',1508833226),(209,'3e0b1448-7562-48cc-f885-3986a3bee7fa',112,'0',1508833235),(210,'b9d25df4-8e9e-f917-f559-4872db0b9ea6',112,'1',1508833235),(211,'3e0b1448-7562-48cc-f885-3986a3bee7fa',113,'0',1508833251),(212,'b9d25df4-8e9e-f917-f559-4872db0b9ea6',113,'1',1508833251),(213,'3e0b1448-7562-48cc-f885-3986a3bee7fa',114,'0',1508833264),(214,'b9d25df4-8e9e-f917-f559-4872db0b9ea6',114,'1',1508833264),(215,'c3a9548d-832d-57f2-fdd9-18f9dc397fb5',115,'0',1508834221),(216,'b9d25df4-8e9e-f917-f559-4872db0b9ea6',115,'1',1508834221);

#
# Structure for table "xds_login_history"
#

DROP TABLE IF EXISTS `xds_login_history`;
CREATE TABLE `xds_login_history` (
  `Id` int(11) NOT NULL AUTO_INCREMENT,
  `user_id` char(36) NOT NULL DEFAULT '' COMMENT '登录用户主键ID',
  `device_type` enum('0','1','2','3') NOT NULL DEFAULT '0' COMMENT '0 APP第三方授权 1 PC授权 2 安卓 3 苹果',
  `create_time` int(10) unsigned NOT NULL DEFAULT '0' COMMENT '登录时间',
  PRIMARY KEY (`Id`),
  KEY `user_id` (`user_id`,`device_type`,`create_time`)
) ENGINE=InnoDB AUTO_INCREMENT=974 DEFAULT CHARSET=utf8 ROW_FORMAT=DYNAMIC COMMENT='用户登录记录表';

#
# Data for table "xds_login_history"
#

INSERT INTO `xds_login_history` VALUES (1,'0a9064ba-711f-5049-9300-c0cc88e1edf7','1',1502846529),(2,'0a9064ba-711f-5049-9300-c0cc88e1edf7','1',1502846854),(3,'0a9064ba-711f-5049-9300-c0cc88e1edf7','1',1502847199),(4,'0a9064ba-711f-5049-9300-c0cc88e1edf7','0',1502847287),(5,'0a9064ba-711f-5049-9300-c0cc88e1edf7','0',1502849670),(6,'0a9064ba-711f-5049-9300-c0cc88e1edf7','0',1502849885),(7,'0a9064ba-711f-5049-9300-c0cc88e1edf7','1',1502855749),(8,'0a9064ba-711f-5049-9300-c0cc88e1edf7','1',1502868288),(9,'0a9064ba-711f-5049-9300-c0cc88e1edf7','1',1502877709),(10,'0a9064ba-711f-5049-9300-c0cc88e1edf7','0',1502882795),(11,'0a9064ba-711f-5049-9300-c0cc88e1edf7','0',1502956583),(12,'0a9064ba-711f-5049-9300-c0cc88e1edf7','0',1502957394),(13,'0a9064ba-711f-5049-9300-c0cc88e1edf7','0',1503044694),(14,'0a9064ba-711f-5049-9300-c0cc88e1edf7','0',1503298062),(15,'0a9064ba-711f-5049-9300-c0cc88e1edf7','0',1503298084),(16,'0a9064ba-711f-5049-9300-c0cc88e1edf7','0',1503298198),(17,'0a9064ba-711f-5049-9300-c0cc88e1edf7','0',1503298820),(18,'0a9064ba-711f-5049-9300-c0cc88e1edf7','0',1503301749),(19,'0a9064ba-711f-5049-9300-c0cc88e1edf7','0',1503301998),(20,'0a9064ba-711f-5049-9300-c0cc88e1edf7','0',1503302245),(21,'0a9064ba-711f-5049-9300-c0cc88e1edf7','0',1503302985),(22,'3e0b1448-7562-48cc-f885-3986a3bee7fa','0',1503303086),(23,'3e0b1448-7562-48cc-f885-3986a3bee7fa','0',1503303101),(24,'3e0b1448-7562-48cc-f885-3986a3bee7fa','0',1503303105),(25,'3e0b1448-7562-48cc-f885-3986a3bee7fa','0',1503303120),(26,'3e0b1448-7562-48cc-f885-3986a3bee7fa','0',1503305541),(27,'3e0b1448-7562-48cc-f885-3986a3bee7fa','0',1503305640),(28,'3e0b1448-7562-48cc-f885-3986a3bee7fa','0',1503305822),(29,'3e0b1448-7562-48cc-f885-3986a3bee7fa','0',1503306529),(30,'0a9064ba-711f-5049-9300-c0cc88e1edf7','0',1503306539),(31,'3e0b1448-7562-48cc-f885-3986a3bee7fa','0',1503310969),(32,'3e0b1448-7562-48cc-f885-3986a3bee7fa','0',1503310980),(33,'3e0b1448-7562-48cc-f885-3986a3bee7fa','0',1503311156),(34,'3e0b1448-7562-48cc-f885-3986a3bee7fa','0',1503311319),(35,'3e0b1448-7562-48cc-f885-3986a3bee7fa','0',1503311869),(36,'3e0b1448-7562-48cc-f885-3986a3bee7fa','0',1503311882),(37,'3e0b1448-7562-48cc-f885-3986a3bee7fa','0',1503311887),(38,'3e0b1448-7562-48cc-f885-3986a3bee7fa','0',1503311921),(39,'3e0b1448-7562-48cc-f885-3986a3bee7fa','0',1503311940),(40,'3e0b1448-7562-48cc-f885-3986a3bee7fa','0',1503313917),(41,'3e0b1448-7562-48cc-f885-3986a3bee7fa','0',1503313926),(42,'16e1481c-86e7-b9a5-e707-a1b2cdf766c3','0',1503329207),(43,'16e1481c-86e7-b9a5-e707-a1b2cdf766c3','0',1503329219),(44,'0a9064ba-711f-5049-9300-c0cc88e1edf7','0',1503368781),(45,'0a9064ba-711f-5049-9300-c0cc88e1edf7','0',1503369812),(46,'3e0b1448-7562-48cc-f885-3986a3bee7fa','0',1503628644),(47,'499d7c58-08b3-45e6-1a12-ab99c53f596b','0',1503640290),(48,'499d7c58-08b3-45e6-1a12-ab99c53f596b','0',1503640483),(49,'3e0b1448-7562-48cc-f885-3986a3bee7fa','0',1503641543),(50,'0a9064ba-711f-5049-9300-c0cc88e1edf7','0',1504164544),(51,'cb2395b7-7660-7134-85c9-612d4f4c74b5','0',1504249902),(52,'0a9064ba-711f-5049-9300-c0cc88e1edf7','0',1504257748),(53,'b9d25df4-8e9e-f917-f559-4872db0b9ea6','0',1504259239),(54,'b9d25df4-8e9e-f917-f559-4872db0b9ea6','0',1504259662),(55,'b9d25df4-8e9e-f917-f559-4872db0b9ea6','0',1504259672),(56,'b9d25df4-8e9e-f917-f559-4872db0b9ea6','0',1504259800),(57,'b9d25df4-8e9e-f917-f559-4872db0b9ea6','0',1504259806),(58,'b9d25df4-8e9e-f917-f559-4872db0b9ea6','0',1504260007),(59,'b9d25df4-8e9e-f917-f559-4872db0b9ea6','0',1504260076),(60,'b9d25df4-8e9e-f917-f559-4872db0b9ea6','0',1504260080),(61,'b9d25df4-8e9e-f917-f559-4872db0b9ea6','0',1504260490),(62,'b9d25df4-8e9e-f917-f559-4872db0b9ea6','0',1504260500),(63,'b9d25df4-8e9e-f917-f559-4872db0b9ea6','0',1504260587),(64,'b9d25df4-8e9e-f917-f559-4872db0b9ea6','0',1504260592),(65,'b9d25df4-8e9e-f917-f559-4872db0b9ea6','0',1504262850),(66,'b9d25df4-8e9e-f917-f559-4872db0b9ea6','0',1504490332),(67,'b9d25df4-8e9e-f917-f559-4872db0b9ea6','0',1504490336),(68,'0a9064ba-711f-5049-9300-c0cc88e1edf7','0',1504492741),(69,'b9d25df4-8e9e-f917-f559-4872db0b9ea6','0',1504495420),(70,'b9d25df4-8e9e-f917-f559-4872db0b9ea6','0',1504495566),(71,'b9d25df4-8e9e-f917-f559-4872db0b9ea6','0',1504495813),(72,'b9d25df4-8e9e-f917-f559-4872db0b9ea6','0',1504496366),(73,'b9d25df4-8e9e-f917-f559-4872db0b9ea6','0',1504497075),(74,'3e0b1448-7562-48cc-f885-3986a3bee7fa','0',1504501646),(75,'3e0b1448-7562-48cc-f885-3986a3bee7fa','0',1504504403),(76,'b9d25df4-8e9e-f917-f559-4872db0b9ea6','0',1504506610),(77,'3e0b1448-7562-48cc-f885-3986a3bee7fa','0',1504506774),(78,'3e0b1448-7562-48cc-f885-3986a3bee7fa','0',1504507146),(79,'b9d25df4-8e9e-f917-f559-4872db0b9ea6','0',1504508457),(80,'b9d25df4-8e9e-f917-f559-4872db0b9ea6','0',1504509058),(81,'3e0b1448-7562-48cc-f885-3986a3bee7fa','0',1504511068),(82,'3e0b1448-7562-48cc-f885-3986a3bee7fa','0',1504511151),(83,'b9d25df4-8e9e-f917-f559-4872db0b9ea6','0',1504511302),(84,'b9d25df4-8e9e-f917-f559-4872db0b9ea6','0',1504511366),(85,'b9d25df4-8e9e-f917-f559-4872db0b9ea6','0',1504511375),(86,'3e0b1448-7562-48cc-f885-3986a3bee7fa','0',1504513423),(87,'3e0b1448-7562-48cc-f885-3986a3bee7fa','0',1504513508),(88,'3e0b1448-7562-48cc-f885-3986a3bee7fa','0',1504513553),(89,'3e0b1448-7562-48cc-f885-3986a3bee7fa','0',1504514535),(90,'3e0b1448-7562-48cc-f885-3986a3bee7fa','0',1504583862),(91,'3e0b1448-7562-48cc-f885-3986a3bee7fa','0',1504583868),(92,'3e0b1448-7562-48cc-f885-3986a3bee7fa','0',1504584570),(93,'3e0b1448-7562-48cc-f885-3986a3bee7fa','0',1504584713),(94,'a9870c27-b006-c7b4-8d1f-f1c651b6a8fb','0',1504584952),(95,'3e0b1448-7562-48cc-f885-3986a3bee7fa','0',1504589680),(96,'3e0b1448-7562-48cc-f885-3986a3bee7fa','0',1504589716),(97,'3e0b1448-7562-48cc-f885-3986a3bee7fa','0',1504589761),(98,'3e0b1448-7562-48cc-f885-3986a3bee7fa','0',1504589854),(99,'3e0b1448-7562-48cc-f885-3986a3bee7fa','0',1504590142),(100,'3e0b1448-7562-48cc-f885-3986a3bee7fa','0',1504590225),(101,'3e0b1448-7562-48cc-f885-3986a3bee7fa','0',1504590445),(102,'3e0b1448-7562-48cc-f885-3986a3bee7fa','0',1504590484),(103,'3e0b1448-7562-48cc-f885-3986a3bee7fa','0',1504590795),(104,'3e0b1448-7562-48cc-f885-3986a3bee7fa','0',1504590949),(105,'3e0b1448-7562-48cc-f885-3986a3bee7fa','0',1504591017),(106,'3e0b1448-7562-48cc-f885-3986a3bee7fa','0',1504591096),(107,'3e0b1448-7562-48cc-f885-3986a3bee7fa','0',1504591240),(108,'b9d25df4-8e9e-f917-f559-4872db0b9ea6','0',1504591353),(109,'3e0b1448-7562-48cc-f885-3986a3bee7fa','0',1504591491),(110,'3e0b1448-7562-48cc-f885-3986a3bee7fa','0',1504591697),(111,'3e0b1448-7562-48cc-f885-3986a3bee7fa','0',1504591783),(112,'3e0b1448-7562-48cc-f885-3986a3bee7fa','0',1504592909),(113,'3e0b1448-7562-48cc-f885-3986a3bee7fa','0',1504592972),(114,'3e0b1448-7562-48cc-f885-3986a3bee7fa','0',1504593021),(115,'3e0b1448-7562-48cc-f885-3986a3bee7fa','0',1504593488),(116,'3e0b1448-7562-48cc-f885-3986a3bee7fa','0',1504593514),(117,'3e0b1448-7562-48cc-f885-3986a3bee7fa','0',1504593646),(118,'3e0b1448-7562-48cc-f885-3986a3bee7fa','0',1504593672),(119,'3e0b1448-7562-48cc-f885-3986a3bee7fa','0',1504593704),(120,'3e0b1448-7562-48cc-f885-3986a3bee7fa','0',1504593715),(121,'3e0b1448-7562-48cc-f885-3986a3bee7fa','0',1504593790),(122,'3e0b1448-7562-48cc-f885-3986a3bee7fa','0',1504593800),(123,'3e0b1448-7562-48cc-f885-3986a3bee7fa','0',1504594218),(124,'b9d25df4-8e9e-f917-f559-4872db0b9ea6','0',1504594239),(125,'3e0b1448-7562-48cc-f885-3986a3bee7fa','0',1504594241),(126,'3e0b1448-7562-48cc-f885-3986a3bee7fa','0',1504594291),(127,'b9d25df4-8e9e-f917-f559-4872db0b9ea6','0',1504594292),(128,'3e0b1448-7562-48cc-f885-3986a3bee7fa','0',1504594317),(129,'b9d25df4-8e9e-f917-f559-4872db0b9ea6','0',1504594343),(130,'3e0b1448-7562-48cc-f885-3986a3bee7fa','0',1504594373),(131,'b9d25df4-8e9e-f917-f559-4872db0b9ea6','0',1504594381),(132,'3e0b1448-7562-48cc-f885-3986a3bee7fa','0',1504594393),(133,'3e0b1448-7562-48cc-f885-3986a3bee7fa','0',1504594404),(134,'3e0b1448-7562-48cc-f885-3986a3bee7fa','0',1504594448),(135,'b9d25df4-8e9e-f917-f559-4872db0b9ea6','0',1504594460),(136,'3e0b1448-7562-48cc-f885-3986a3bee7fa','0',1504594513),(137,'b9d25df4-8e9e-f917-f559-4872db0b9ea6','0',1504594537),(138,'3e0b1448-7562-48cc-f885-3986a3bee7fa','0',1504594611),(139,'b9d25df4-8e9e-f917-f559-4872db0b9ea6','0',1504594615),(140,'3e0b1448-7562-48cc-f885-3986a3bee7fa','0',1504594631),(141,'b9d25df4-8e9e-f917-f559-4872db0b9ea6','0',1504594662),(142,'3e0b1448-7562-48cc-f885-3986a3bee7fa','0',1504594662),(143,'b9d25df4-8e9e-f917-f559-4872db0b9ea6','0',1504606887),(144,'3e0b1448-7562-48cc-f885-3986a3bee7fa','0',1504609208),(145,'3e0b1448-7562-48cc-f885-3986a3bee7fa','0',1504609252),(146,'3e0b1448-7562-48cc-f885-3986a3bee7fa','0',1504609493),(147,'3e0b1448-7562-48cc-f885-3986a3bee7fa','0',1504610074),(148,'3e0b1448-7562-48cc-f885-3986a3bee7fa','0',1504659776),(149,'3e0b1448-7562-48cc-f885-3986a3bee7fa','0',1504659882),(150,'3e0b1448-7562-48cc-f885-3986a3bee7fa','0',1504659965),(151,'b9d25df4-8e9e-f917-f559-4872db0b9ea6','0',1504660077),(152,'3e0b1448-7562-48cc-f885-3986a3bee7fa','0',1504660228),(153,'3e0b1448-7562-48cc-f885-3986a3bee7fa','0',1504660308),(154,'3e0b1448-7562-48cc-f885-3986a3bee7fa','0',1504660360),(155,'3e0b1448-7562-48cc-f885-3986a3bee7fa','0',1504660431),(156,'3e0b1448-7562-48cc-f885-3986a3bee7fa','0',1504660657),(157,'3e0b1448-7562-48cc-f885-3986a3bee7fa','0',1504660676),(158,'3e0b1448-7562-48cc-f885-3986a3bee7fa','0',1504660710),(159,'3e0b1448-7562-48cc-f885-3986a3bee7fa','0',1504660800),(160,'3e0b1448-7562-48cc-f885-3986a3bee7fa','0',1504660958),(161,'3e0b1448-7562-48cc-f885-3986a3bee7fa','0',1504661094),(162,'b9d25df4-8e9e-f917-f559-4872db0b9ea6','0',1504661417),(163,'b9d25df4-8e9e-f917-f559-4872db0b9ea6','0',1504666148),(164,'499d7c58-08b3-45e6-1a12-ab99c53f596b','0',1504666757),(165,'3e0b1448-7562-48cc-f885-3986a3bee7fa','0',1504666779),(166,'3e0b1448-7562-48cc-f885-3986a3bee7fa','0',1504669459),(167,'3e0b1448-7562-48cc-f885-3986a3bee7fa','0',1504669900),(168,'3e0b1448-7562-48cc-f885-3986a3bee7fa','0',1504670864),(169,'3e0b1448-7562-48cc-f885-3986a3bee7fa','0',1504670972),(170,'3e0b1448-7562-48cc-f885-3986a3bee7fa','0',1504671916),(171,'3e0b1448-7562-48cc-f885-3986a3bee7fa','0',1504677797),(172,'3e0b1448-7562-48cc-f885-3986a3bee7fa','0',1504677945),(173,'3e0b1448-7562-48cc-f885-3986a3bee7fa','0',1504677959),(174,'3e0b1448-7562-48cc-f885-3986a3bee7fa','0',1504677992),(175,'3e0b1448-7562-48cc-f885-3986a3bee7fa','0',1504678003),(176,'3e0b1448-7562-48cc-f885-3986a3bee7fa','0',1504678084),(177,'3e0b1448-7562-48cc-f885-3986a3bee7fa','0',1504678341),(178,'3e0b1448-7562-48cc-f885-3986a3bee7fa','0',1504679072),(179,'b9d25df4-8e9e-f917-f559-4872db0b9ea6','0',1504679921),(180,'b9d25df4-8e9e-f917-f559-4872db0b9ea6','0',1504679989),(181,'3e0b1448-7562-48cc-f885-3986a3bee7fa','0',1504680740),(182,'3e0b1448-7562-48cc-f885-3986a3bee7fa','0',1504680761),(183,'3e0b1448-7562-48cc-f885-3986a3bee7fa','0',1504680824),(184,'3e0b1448-7562-48cc-f885-3986a3bee7fa','0',1504680837),(185,'3e0b1448-7562-48cc-f885-3986a3bee7fa','0',1504680871),(186,'3e0b1448-7562-48cc-f885-3986a3bee7fa','0',1504680883),(187,'3e0b1448-7562-48cc-f885-3986a3bee7fa','0',1504680894),(188,'b9d25df4-8e9e-f917-f559-4872db0b9ea6','0',1504683298),(189,'b9d25df4-8e9e-f917-f559-4872db0b9ea6','0',1504695196),(190,'b9d25df4-8e9e-f917-f559-4872db0b9ea6','0',1504697043),(191,'b9d25df4-8e9e-f917-f559-4872db0b9ea6','0',1504746658),(192,'b9d25df4-8e9e-f917-f559-4872db0b9ea6','0',1504748000),(193,'b9d25df4-8e9e-f917-f559-4872db0b9ea6','0',1504748192),(194,'3e0b1448-7562-48cc-f885-3986a3bee7fa','0',1504750205),(195,'b9d25df4-8e9e-f917-f559-4872db0b9ea6','0',1504750249),(196,'3e0b1448-7562-48cc-f885-3986a3bee7fa','0',1504756178),(197,'b9d25df4-8e9e-f917-f559-4872db0b9ea6','0',1504756280),(198,'b9d25df4-8e9e-f917-f559-4872db0b9ea6','0',1504756358),(199,'b9d25df4-8e9e-f917-f559-4872db0b9ea6','0',1504756827),(200,'b9d25df4-8e9e-f917-f559-4872db0b9ea6','0',1504756993),(201,'b9d25df4-8e9e-f917-f559-4872db0b9ea6','0',1504757059),(202,'b9d25df4-8e9e-f917-f559-4872db0b9ea6','0',1504757188),(203,'b9d25df4-8e9e-f917-f559-4872db0b9ea6','0',1504757323),(204,'b9d25df4-8e9e-f917-f559-4872db0b9ea6','0',1504758490),(205,'16e1481c-86e7-b9a5-e707-a1b2cdf766c3','0',1504759610),(206,'b9d25df4-8e9e-f917-f559-4872db0b9ea6','0',1504763669),(207,'b9d25df4-8e9e-f917-f559-4872db0b9ea6','0',1504763704),(208,'b9d25df4-8e9e-f917-f559-4872db0b9ea6','0',1504763817),(209,'b9d25df4-8e9e-f917-f559-4872db0b9ea6','0',1504764169),(210,'b9d25df4-8e9e-f917-f559-4872db0b9ea6','0',1504764249),(211,'b9d25df4-8e9e-f917-f559-4872db0b9ea6','0',1504764407),(212,'b9d25df4-8e9e-f917-f559-4872db0b9ea6','0',1504764439),(213,'b9d25df4-8e9e-f917-f559-4872db0b9ea6','0',1504764645),(214,'b9d25df4-8e9e-f917-f559-4872db0b9ea6','0',1504767265),(215,'3e0b1448-7562-48cc-f885-3986a3bee7fa','0',1504768408),(216,'3e0b1448-7562-48cc-f885-3986a3bee7fa','0',1504774013),(217,'b9d25df4-8e9e-f917-f559-4872db0b9ea6','0',1504774083),(218,'3e0b1448-7562-48cc-f885-3986a3bee7fa','0',1504774852),(219,'3e0b1448-7562-48cc-f885-3986a3bee7fa','0',1504776023),(220,'3e0b1448-7562-48cc-f885-3986a3bee7fa','0',1504778596),(221,'3e0b1448-7562-48cc-f885-3986a3bee7fa','0',1504779226),(222,'b9d25df4-8e9e-f917-f559-4872db0b9ea6','0',1504783075),(223,'3e0b1448-7562-48cc-f885-3986a3bee7fa','0',1504785637),(224,'b9d25df4-8e9e-f917-f559-4872db0b9ea6','0',1504832621),(225,'3e0b1448-7562-48cc-f885-3986a3bee7fa','0',1504832867),(226,'3e0b1448-7562-48cc-f885-3986a3bee7fa','0',1504835133),(227,'3e0b1448-7562-48cc-f885-3986a3bee7fa','0',1504836657),(228,'3e0b1448-7562-48cc-f885-3986a3bee7fa','0',1504836673),(229,'3e0b1448-7562-48cc-f885-3986a3bee7fa','0',1504836754),(230,'3e0b1448-7562-48cc-f885-3986a3bee7fa','0',1504836795),(231,'3e0b1448-7562-48cc-f885-3986a3bee7fa','0',1504836926),(232,'b9d25df4-8e9e-f917-f559-4872db0b9ea6','0',1504837880),(233,'b9d25df4-8e9e-f917-f559-4872db0b9ea6','0',1504838301),(234,'3e0b1448-7562-48cc-f885-3986a3bee7fa','0',1504839165),(235,'b9d25df4-8e9e-f917-f559-4872db0b9ea6','0',1504843386),(236,'b9d25df4-8e9e-f917-f559-4872db0b9ea6','0',1504843465),(237,'3e0b1448-7562-48cc-f885-3986a3bee7fa','0',1504843505),(238,'b9d25df4-8e9e-f917-f559-4872db0b9ea6','0',1504843787),(239,'b9d25df4-8e9e-f917-f559-4872db0b9ea6','0',1504851775),(240,'bf670625-f384-b056-fab9-4c3f45314aa2','0',1504853402),(241,'bf670625-f384-b056-fab9-4c3f45314aa2','0',1504854033),(242,'b9d25df4-8e9e-f917-f559-4872db0b9ea6','0',1504861329),(243,'b9d25df4-8e9e-f917-f559-4872db0b9ea6','0',1504861583),(244,'3e0b1448-7562-48cc-f885-3986a3bee7fa','0',1504861603),(245,'b9d25df4-8e9e-f917-f559-4872db0b9ea6','0',1504862203),(246,'3e0b1448-7562-48cc-f885-3986a3bee7fa','0',1504863926),(247,'3e0b1448-7562-48cc-f885-3986a3bee7fa','0',1504864085),(248,'3e0b1448-7562-48cc-f885-3986a3bee7fa','0',1504864205),(249,'3e0b1448-7562-48cc-f885-3986a3bee7fa','0',1504864263),(250,'16e1481c-86e7-b9a5-e707-a1b2cdf766c3','0',1504864338),(251,'3e0b1448-7562-48cc-f885-3986a3bee7fa','0',1504864362),(252,'b9d25df4-8e9e-f917-f559-4872db0b9ea6','0',1504864420),(253,'b9d25df4-8e9e-f917-f559-4872db0b9ea6','0',1504864756),(254,'b9d25df4-8e9e-f917-f559-4872db0b9ea6','0',1504864853),(255,'b9d25df4-8e9e-f917-f559-4872db0b9ea6','0',1504865009),(256,'16e1481c-86e7-b9a5-e707-a1b2cdf766c3','0',1504865151),(257,'16e1481c-86e7-b9a5-e707-a1b2cdf766c3','0',1504865698),(258,'16e1481c-86e7-b9a5-e707-a1b2cdf766c3','0',1504869114),(259,'0a9064ba-711f-5049-9300-c0cc88e1edf7','0',1504925383),(260,'b9d25df4-8e9e-f917-f559-4872db0b9ea6','0',1505091801),(261,'b9d25df4-8e9e-f917-f559-4872db0b9ea6','0',1505092891),(262,'13225a3e-f16a-ebb0-450d-3a0a00ade5ca','0',1505109429),(263,'3e0b1448-7562-48cc-f885-3986a3bee7fa','0',1505112739),(264,'3e0b1448-7562-48cc-f885-3986a3bee7fa','0',1505112986),(265,'b9d25df4-8e9e-f917-f559-4872db0b9ea6','0',1505113182),(266,'b9d25df4-8e9e-f917-f559-4872db0b9ea6','0',1505113277),(267,'3e0b1448-7562-48cc-f885-3986a3bee7fa','0',1505113519),(268,'3e0b1448-7562-48cc-f885-3986a3bee7fa','0',1505113646),(269,'3e0b1448-7562-48cc-f885-3986a3bee7fa','0',1505113870),(270,'3e0b1448-7562-48cc-f885-3986a3bee7fa','0',1505113924),(271,'3e0b1448-7562-48cc-f885-3986a3bee7fa','0',1505114037),(272,'3e0b1448-7562-48cc-f885-3986a3bee7fa','0',1505114510),(273,'3e0b1448-7562-48cc-f885-3986a3bee7fa','0',1505114569),(274,'b9d25df4-8e9e-f917-f559-4872db0b9ea6','0',1505114695),(275,'3e0b1448-7562-48cc-f885-3986a3bee7fa','0',1505114699),(276,'b9d25df4-8e9e-f917-f559-4872db0b9ea6','0',1505114805),(277,'3e0b1448-7562-48cc-f885-3986a3bee7fa','0',1505114972),(278,'3e0b1448-7562-48cc-f885-3986a3bee7fa','0',1505115069),(279,'3e0b1448-7562-48cc-f885-3986a3bee7fa','0',1505115197),(280,'0a9064ba-711f-5049-9300-c0cc88e1edf7','0',1505115857),(281,'3e0b1448-7562-48cc-f885-3986a3bee7fa','0',1505119750),(282,'3e0b1448-7562-48cc-f885-3986a3bee7fa','0',1505123325),(283,'b9d25df4-8e9e-f917-f559-4872db0b9ea6','0',1505178518),(284,'3e0b1448-7562-48cc-f885-3986a3bee7fa','0',1505180402),(285,'3e0b1448-7562-48cc-f885-3986a3bee7fa','0',1505180632),(286,'3e0b1448-7562-48cc-f885-3986a3bee7fa','0',1505184853),(287,'3e0b1448-7562-48cc-f885-3986a3bee7fa','0',1505184951),(288,'3e0b1448-7562-48cc-f885-3986a3bee7fa','0',1505185066),(289,'3e0b1448-7562-48cc-f885-3986a3bee7fa','0',1505185163),(290,'b9d25df4-8e9e-f917-f559-4872db0b9ea6','0',1505185328),(291,'3e0b1448-7562-48cc-f885-3986a3bee7fa','0',1505186116),(292,'b9d25df4-8e9e-f917-f559-4872db0b9ea6','0',1505186189),(293,'3e0b1448-7562-48cc-f885-3986a3bee7fa','0',1505186258),(294,'3e0b1448-7562-48cc-f885-3986a3bee7fa','0',1505186918),(295,'b9d25df4-8e9e-f917-f559-4872db0b9ea6','0',1505187122),(296,'c3a9548d-832d-57f2-fdd9-18f9dc397fb5','0',1505187295),(297,'b9d25df4-8e9e-f917-f559-4872db0b9ea6','0',1505188651),(298,'b9d25df4-8e9e-f917-f559-4872db0b9ea6','0',1505188796),(299,'b9d25df4-8e9e-f917-f559-4872db0b9ea6','0',1505189031),(300,'a9870c27-b006-c7b4-8d1f-f1c651b6a8fb','0',1505191659),(301,'aab70efb-92e5-7f6c-423f-e3d4e4f5ac83','0',1505195124),(302,'3e0b1448-7562-48cc-f885-3986a3bee7fa','0',1505195814),(303,'b9d25df4-8e9e-f917-f559-4872db0b9ea6','0',1505196167),(304,'b9d25df4-8e9e-f917-f559-4872db0b9ea6','0',1505197032),(305,'b9d25df4-8e9e-f917-f559-4872db0b9ea6','0',1505198702),(306,'3e0b1448-7562-48cc-f885-3986a3bee7fa','0',1505200069),(307,'3e0b1448-7562-48cc-f885-3986a3bee7fa','0',1505200184),(308,'3e0b1448-7562-48cc-f885-3986a3bee7fa','0',1505200651),(309,'c3a9548d-832d-57f2-fdd9-18f9dc397fb5','0',1505200747),(310,'b9d25df4-8e9e-f917-f559-4872db0b9ea6','0',1505200783),(311,'b9d25df4-8e9e-f917-f559-4872db0b9ea6','0',1505201166),(312,'3e0b1448-7562-48cc-f885-3986a3bee7fa','0',1505207331),(313,'b9d25df4-8e9e-f917-f559-4872db0b9ea6','0',1505207439),(314,'b9d25df4-8e9e-f917-f559-4872db0b9ea6','0',1505207537),(315,'c3a9548d-832d-57f2-fdd9-18f9dc397fb5','0',1505208762),(316,'3e0b1448-7562-48cc-f885-3986a3bee7fa','0',1505210545),(317,'3e0b1448-7562-48cc-f885-3986a3bee7fa','0',1505211249),(318,'499d7c58-08b3-45e6-1a12-ab99c53f596b','0',1505211370),(319,'499d7c58-08b3-45e6-1a12-ab99c53f596b','0',1505211696),(320,'b9d25df4-8e9e-f917-f559-4872db0b9ea6','0',1505211776),(321,'499d7c58-08b3-45e6-1a12-ab99c53f596b','0',1505211990),(322,'499d7c58-08b3-45e6-1a12-ab99c53f596b','0',1505212318),(323,'c3a9548d-832d-57f2-fdd9-18f9dc397fb5','0',1505212653),(324,'3e0b1448-7562-48cc-f885-3986a3bee7fa','0',1505212724),(325,'3e0b1448-7562-48cc-f885-3986a3bee7fa','0',1505212758),(326,'c3a9548d-832d-57f2-fdd9-18f9dc397fb5','0',1505212856),(327,'499d7c58-08b3-45e6-1a12-ab99c53f596b','0',1505213546),(328,'b9d25df4-8e9e-f917-f559-4872db0b9ea6','0',1505213616),(329,'b9d25df4-8e9e-f917-f559-4872db0b9ea6','0',1505214127),(330,'c3a9548d-832d-57f2-fdd9-18f9dc397fb5','0',1505214195),(331,'3e0b1448-7562-48cc-f885-3986a3bee7fa','0',1505214281),(332,'3e0b1448-7562-48cc-f885-3986a3bee7fa','0',1505214308),(333,'c3a9548d-832d-57f2-fdd9-18f9dc397fb5','0',1505214355),(334,'3e0b1448-7562-48cc-f885-3986a3bee7fa','0',1505215232),(335,'c3a9548d-832d-57f2-fdd9-18f9dc397fb5','0',1505215320),(336,'b9d25df4-8e9e-f917-f559-4872db0b9ea6','0',1505215557),(337,'c3a9548d-832d-57f2-fdd9-18f9dc397fb5','0',1505215655),(338,'3e0b1448-7562-48cc-f885-3986a3bee7fa','0',1505215856),(339,'3e0b1448-7562-48cc-f885-3986a3bee7fa','0',1505216409),(340,'b9d25df4-8e9e-f917-f559-4872db0b9ea6','0',1505264811),(341,'b9d25df4-8e9e-f917-f559-4872db0b9ea6','0',1505264822),(342,'3e0b1448-7562-48cc-f885-3986a3bee7fa','0',1505268343),(343,'16e1481c-86e7-b9a5-e707-a1b2cdf766c3','0',1505276550),(344,'b9d25df4-8e9e-f917-f559-4872db0b9ea6','0',1505281499),(345,'b9d25df4-8e9e-f917-f559-4872db0b9ea6','0',1505281740),(346,'c3a9548d-832d-57f2-fdd9-18f9dc397fb5','0',1505282110),(347,'3e0b1448-7562-48cc-f885-3986a3bee7fa','0',1505282213),(348,'b9d25df4-8e9e-f917-f559-4872db0b9ea6','0',1505282278),(349,'b9d25df4-8e9e-f917-f559-4872db0b9ea6','0',1505282422),(350,'3e0b1448-7562-48cc-f885-3986a3bee7fa','0',1505283028),(351,'499d7c58-08b3-45e6-1a12-ab99c53f596b','0',1505283175),(352,'b9d25df4-8e9e-f917-f559-4872db0b9ea6','0',1505283324),(353,'b9d25df4-8e9e-f917-f559-4872db0b9ea6','0',1505283545),(354,'b9d25df4-8e9e-f917-f559-4872db0b9ea6','0',1505283896),(355,'b9d25df4-8e9e-f917-f559-4872db0b9ea6','0',1505284224),(356,'501969d6-b26d-bb2d-29e3-5264a923def9','0',1505285272),(357,'3e0b1448-7562-48cc-f885-3986a3bee7fa','0',1505285342),(358,'3e0b1448-7562-48cc-f885-3986a3bee7fa','0',1505285468),(359,'b9d25df4-8e9e-f917-f559-4872db0b9ea6','0',1505286036),(360,'b9d25df4-8e9e-f917-f559-4872db0b9ea6','0',1505287318),(361,'b9d25df4-8e9e-f917-f559-4872db0b9ea6','0',1505287493),(362,'3e0b1448-7562-48cc-f885-3986a3bee7fa','0',1505298008),(363,'cb2395b7-7660-7134-85c9-612d4f4c74b5','0',1505298142),(364,'c3a9548d-832d-57f2-fdd9-18f9dc397fb5','0',1505298325),(365,'c3a9548d-832d-57f2-fdd9-18f9dc397fb5','0',1505298644),(366,'b9d25df4-8e9e-f917-f559-4872db0b9ea6','0',1505299211),(367,'3e0b1448-7562-48cc-f885-3986a3bee7fa','0',1505299666),(368,'3e0b1448-7562-48cc-f885-3986a3bee7fa','0',1505300243),(369,'b9d25df4-8e9e-f917-f559-4872db0b9ea6','0',1505300361),(370,'3e0b1448-7562-48cc-f885-3986a3bee7fa','0',1505350826),(371,'b9d25df4-8e9e-f917-f559-4872db0b9ea6','0',1505351484),(372,'c3a9548d-832d-57f2-fdd9-18f9dc397fb5','0',1505354048),(373,'c3a9548d-832d-57f2-fdd9-18f9dc397fb5','0',1505354159),(374,'b9d25df4-8e9e-f917-f559-4872db0b9ea6','0',1505355866),(375,'c3a9548d-832d-57f2-fdd9-18f9dc397fb5','0',1505356047),(376,'3e0b1448-7562-48cc-f885-3986a3bee7fa','0',1505356440),(377,'c3a9548d-832d-57f2-fdd9-18f9dc397fb5','0',1505356866),(378,'c3a9548d-832d-57f2-fdd9-18f9dc397fb5','0',1505357219),(379,'3e0b1448-7562-48cc-f885-3986a3bee7fa','0',1505357844),(380,'b9d25df4-8e9e-f917-f559-4872db0b9ea6','0',1505358059),(381,'c3a9548d-832d-57f2-fdd9-18f9dc397fb5','0',1505359494),(382,'b9d25df4-8e9e-f917-f559-4872db0b9ea6','0',1505359704),(383,'c3a9548d-832d-57f2-fdd9-18f9dc397fb5','0',1505360449),(384,'b9d25df4-8e9e-f917-f559-4872db0b9ea6','0',1505368979),(385,'b9d25df4-8e9e-f917-f559-4872db0b9ea6','0',1505369005),(386,'0f584f9c-befb-a17e-b205-765cd7efde33','0',1505369075),(387,'3e0b1448-7562-48cc-f885-3986a3bee7fa','0',1505369426),(388,'3e0b1448-7562-48cc-f885-3986a3bee7fa','0',1505370559),(389,'c3a9548d-832d-57f2-fdd9-18f9dc397fb5','0',1505373118),(390,'3e0b1448-7562-48cc-f885-3986a3bee7fa','0',1505373619),(391,'c3a9548d-832d-57f2-fdd9-18f9dc397fb5','0',1505374025),(392,'b9d25df4-8e9e-f917-f559-4872db0b9ea6','0',1505374595),(393,'3e0b1448-7562-48cc-f885-3986a3bee7fa','0',1505376592),(394,'c3a9548d-832d-57f2-fdd9-18f9dc397fb5','0',1505377230),(395,'c3a9548d-832d-57f2-fdd9-18f9dc397fb5','0',1505377425),(396,'b9d25df4-8e9e-f917-f559-4872db0b9ea6','0',1505378192),(397,'a4e6de38-15c9-9199-f139-68f8d3571899','0',1505379783),(398,'b9d25df4-8e9e-f917-f559-4872db0b9ea6','0',1505380096),(399,'b9d25df4-8e9e-f917-f559-4872db0b9ea6','0',1505386168),(400,'b9d25df4-8e9e-f917-f559-4872db0b9ea6','0',1505437510),(401,'c3a9548d-832d-57f2-fdd9-18f9dc397fb5','0',1505442348),(402,'3e0b1448-7562-48cc-f885-3986a3bee7fa','0',1505443602),(403,'3e0b1448-7562-48cc-f885-3986a3bee7fa','0',1505444379),(404,'c3a9548d-832d-57f2-fdd9-18f9dc397fb5','0',1505444667),(405,'3e0b1448-7562-48cc-f885-3986a3bee7fa','0',1505450214),(406,'3e0b1448-7562-48cc-f885-3986a3bee7fa','0',1505460979),(407,'c3a9548d-832d-57f2-fdd9-18f9dc397fb5','0',1505461326),(408,'3e0b1448-7562-48cc-f885-3986a3bee7fa','0',1505464028),(409,'3e0b1448-7562-48cc-f885-3986a3bee7fa','0',1505464190),(410,'c3a9548d-832d-57f2-fdd9-18f9dc397fb5','0',1505468821),(411,'b9d25df4-8e9e-f917-f559-4872db0b9ea6','0',1505470048),(412,'b9d25df4-8e9e-f917-f559-4872db0b9ea6','0',1505470388),(413,'b9d25df4-8e9e-f917-f559-4872db0b9ea6','0',1505470660),(414,'b9d25df4-8e9e-f917-f559-4872db0b9ea6','0',1505470950),(415,'b9d25df4-8e9e-f917-f559-4872db0b9ea6','0',1505471263),(416,'b9d25df4-8e9e-f917-f559-4872db0b9ea6','0',1505471356),(417,'b9d25df4-8e9e-f917-f559-4872db0b9ea6','0',1505472086),(418,'b9d25df4-8e9e-f917-f559-4872db0b9ea6','0',1505472486),(419,'b9d25df4-8e9e-f917-f559-4872db0b9ea6','0',1505472637),(420,'b9d25df4-8e9e-f917-f559-4872db0b9ea6','0',1505472729),(421,'b9d25df4-8e9e-f917-f559-4872db0b9ea6','0',1505472815),(422,'b9d25df4-8e9e-f917-f559-4872db0b9ea6','0',1505695996),(423,'b9d25df4-8e9e-f917-f559-4872db0b9ea6','0',1505697098),(424,'b9d25df4-8e9e-f917-f559-4872db0b9ea6','0',1505697173),(425,'b9d25df4-8e9e-f917-f559-4872db0b9ea6','0',1505699468),(426,'c3a9548d-832d-57f2-fdd9-18f9dc397fb5','0',1505699971),(427,'b9d25df4-8e9e-f917-f559-4872db0b9ea6','0',1505700786),(428,'b9d25df4-8e9e-f917-f559-4872db0b9ea6','0',1505700977),(429,'b9d25df4-8e9e-f917-f559-4872db0b9ea6','0',1505701054),(430,'b9d25df4-8e9e-f917-f559-4872db0b9ea6','0',1505701209),(431,'b9d25df4-8e9e-f917-f559-4872db0b9ea6','0',1505701269),(432,'b9d25df4-8e9e-f917-f559-4872db0b9ea6','0',1505701453),(433,'b9d25df4-8e9e-f917-f559-4872db0b9ea6','0',1505701641),(434,'b9d25df4-8e9e-f917-f559-4872db0b9ea6','0',1505701705),(435,'b9d25df4-8e9e-f917-f559-4872db0b9ea6','0',1505701791),(436,'b9d25df4-8e9e-f917-f559-4872db0b9ea6','0',1505701851),(437,'b9d25df4-8e9e-f917-f559-4872db0b9ea6','0',1505702274),(438,'b9d25df4-8e9e-f917-f559-4872db0b9ea6','0',1505702430),(439,'b9d25df4-8e9e-f917-f559-4872db0b9ea6','0',1505703006),(440,'b9d25df4-8e9e-f917-f559-4872db0b9ea6','0',1505703210),(441,'b9d25df4-8e9e-f917-f559-4872db0b9ea6','0',1505703308),(442,'b9d25df4-8e9e-f917-f559-4872db0b9ea6','0',1505703432),(443,'b9d25df4-8e9e-f917-f559-4872db0b9ea6','0',1505703648),(444,'b9d25df4-8e9e-f917-f559-4872db0b9ea6','0',1505704121),(445,'b9d25df4-8e9e-f917-f559-4872db0b9ea6','0',1505704352),(446,'b9d25df4-8e9e-f917-f559-4872db0b9ea6','0',1505707660),(447,'b9d25df4-8e9e-f917-f559-4872db0b9ea6','0',1505712898),(448,'b9d25df4-8e9e-f917-f559-4872db0b9ea6','0',1505713064),(449,'3e0b1448-7562-48cc-f885-3986a3bee7fa','0',1505713170),(450,'b9d25df4-8e9e-f917-f559-4872db0b9ea6','0',1505713949),(451,'c3a9548d-832d-57f2-fdd9-18f9dc397fb5','0',1505714409),(452,'b9d25df4-8e9e-f917-f559-4872db0b9ea6','0',1505714492),(453,'b9d25df4-8e9e-f917-f559-4872db0b9ea6','0',1505715804),(454,'b9d25df4-8e9e-f917-f559-4872db0b9ea6','0',1505715881),(455,'b9d25df4-8e9e-f917-f559-4872db0b9ea6','0',1505716665),(456,'b9d25df4-8e9e-f917-f559-4872db0b9ea6','0',1505717330),(457,'b9d25df4-8e9e-f917-f559-4872db0b9ea6','0',1505717458),(458,'b9d25df4-8e9e-f917-f559-4872db0b9ea6','0',1505717542),(459,'b9d25df4-8e9e-f917-f559-4872db0b9ea6','0',1505718591),(460,'b9d25df4-8e9e-f917-f559-4872db0b9ea6','0',1505720064),(461,'b9d25df4-8e9e-f917-f559-4872db0b9ea6','0',1505720255),(462,'b9d25df4-8e9e-f917-f559-4872db0b9ea6','0',1505720489),(463,'c3a9548d-832d-57f2-fdd9-18f9dc397fb5','0',1505720605),(464,'b9d25df4-8e9e-f917-f559-4872db0b9ea6','0',1505720725),(465,'b9d25df4-8e9e-f917-f559-4872db0b9ea6','0',1505720866),(466,'b9d25df4-8e9e-f917-f559-4872db0b9ea6','0',1505721144),(467,'b9d25df4-8e9e-f917-f559-4872db0b9ea6','0',1505721606),(468,'499d7c58-08b3-45e6-1a12-ab99c53f596b','0',1505722052),(469,'499d7c58-08b3-45e6-1a12-ab99c53f596b','0',1505722258),(470,'b9d25df4-8e9e-f917-f559-4872db0b9ea6','0',1505722880),(471,'b9d25df4-8e9e-f917-f559-4872db0b9ea6','0',1505722956),(472,'b9d25df4-8e9e-f917-f559-4872db0b9ea6','0',1505724462),(473,'b9d25df4-8e9e-f917-f559-4872db0b9ea6','0',1505725806),(474,'499d7c58-08b3-45e6-1a12-ab99c53f596b','0',1505727779),(475,'499d7c58-08b3-45e6-1a12-ab99c53f596b','0',1505728371),(476,'3e0b1448-7562-48cc-f885-3986a3bee7fa','0',1505729664),(477,'b9d25df4-8e9e-f917-f559-4872db0b9ea6','0',1505784818),(478,'b9d25df4-8e9e-f917-f559-4872db0b9ea6','0',1505785139),(479,'b9d25df4-8e9e-f917-f559-4872db0b9ea6','0',1505785575),(480,'c3a9548d-832d-57f2-fdd9-18f9dc397fb5','0',1505786053),(481,'3e0b1448-7562-48cc-f885-3986a3bee7fa','0',1505788195),(482,'b9d25df4-8e9e-f917-f559-4872db0b9ea6','0',1505792381),(483,'b9d25df4-8e9e-f917-f559-4872db0b9ea6','0',1505792961),(484,'b9d25df4-8e9e-f917-f559-4872db0b9ea6','0',1505800039),(485,'b9d25df4-8e9e-f917-f559-4872db0b9ea6','0',1505800351),(486,'b9d25df4-8e9e-f917-f559-4872db0b9ea6','0',1505800551),(487,'b9d25df4-8e9e-f917-f559-4872db0b9ea6','0',1505800702),(488,'b9d25df4-8e9e-f917-f559-4872db0b9ea6','0',1505801836),(489,'b9d25df4-8e9e-f917-f559-4872db0b9ea6','0',1505802185),(490,'b9d25df4-8e9e-f917-f559-4872db0b9ea6','0',1505802327),(491,'b9d25df4-8e9e-f917-f559-4872db0b9ea6','0',1505802805),(492,'c3a9548d-832d-57f2-fdd9-18f9dc397fb5','0',1505803589),(493,'b9d25df4-8e9e-f917-f559-4872db0b9ea6','0',1505804331),(494,'b9d25df4-8e9e-f917-f559-4872db0b9ea6','0',1505805449),(495,'b9d25df4-8e9e-f917-f559-4872db0b9ea6','0',1505807799),(496,'b9d25df4-8e9e-f917-f559-4872db0b9ea6','0',1505807982),(497,'b9d25df4-8e9e-f917-f559-4872db0b9ea6','0',1505808248),(498,'b9d25df4-8e9e-f917-f559-4872db0b9ea6','0',1505808843),(499,'b9d25df4-8e9e-f917-f559-4872db0b9ea6','0',1505810871),(500,'b9d25df4-8e9e-f917-f559-4872db0b9ea6','0',1505811520),(501,'b9d25df4-8e9e-f917-f559-4872db0b9ea6','0',1505813233),(502,'b9d25df4-8e9e-f917-f559-4872db0b9ea6','0',1505813816),(503,'b9d25df4-8e9e-f917-f559-4872db0b9ea6','0',1505814225),(504,'b9d25df4-8e9e-f917-f559-4872db0b9ea6','0',1505814299),(505,'b9d25df4-8e9e-f917-f559-4872db0b9ea6','0',1505816731),(506,'b9d25df4-8e9e-f917-f559-4872db0b9ea6','0',1505816780),(507,'b9d25df4-8e9e-f917-f559-4872db0b9ea6','0',1505817778),(508,'b9d25df4-8e9e-f917-f559-4872db0b9ea6','0',1505887069),(509,'b9d25df4-8e9e-f917-f559-4872db0b9ea6','0',1505887101),(510,'b9d25df4-8e9e-f917-f559-4872db0b9ea6','0',1505888618),(511,'c3a9548d-832d-57f2-fdd9-18f9dc397fb5','0',1505891119),(512,'b9d25df4-8e9e-f917-f559-4872db0b9ea6','0',1505891121),(513,'b9d25df4-8e9e-f917-f559-4872db0b9ea6','0',1505892036),(514,'c3a9548d-832d-57f2-fdd9-18f9dc397fb5','0',1505902243),(515,'b9d25df4-8e9e-f917-f559-4872db0b9ea6','0',1505902724),(516,'b9d25df4-8e9e-f917-f559-4872db0b9ea6','0',1505955919),(517,'b9d25df4-8e9e-f917-f559-4872db0b9ea6','0',1505960533),(518,'b9d25df4-8e9e-f917-f559-4872db0b9ea6','0',1505960757),(519,'b9d25df4-8e9e-f917-f559-4872db0b9ea6','0',1505960876),(520,'c3a9548d-832d-57f2-fdd9-18f9dc397fb5','0',1505965399),(521,'3e0b1448-7562-48cc-f885-3986a3bee7fa','0',1505966427),(522,'c3a9548d-832d-57f2-fdd9-18f9dc397fb5','0',1505974046),(523,'3e0b1448-7562-48cc-f885-3986a3bee7fa','0',1505974149),(524,'3e0b1448-7562-48cc-f885-3986a3bee7fa','0',1505974279),(525,'3e0b1448-7562-48cc-f885-3986a3bee7fa','0',1505974829),(526,'3e0b1448-7562-48cc-f885-3986a3bee7fa','0',1505976001),(527,'b9d25df4-8e9e-f917-f559-4872db0b9ea6','0',1505987329),(528,'3e0b1448-7562-48cc-f885-3986a3bee7fa','0',1505989841),(529,'c3a9548d-832d-57f2-fdd9-18f9dc397fb5','0',1505989952),(530,'b9d25df4-8e9e-f917-f559-4872db0b9ea6','0',1506042080),(531,'3e0b1448-7562-48cc-f885-3986a3bee7fa','0',1506043247),(532,'b9d25df4-8e9e-f917-f559-4872db0b9ea6','0',1506046690),(533,'9175a40c-31f2-bbec-2134-27935378cf65','0',1506049639),(534,'b9d25df4-8e9e-f917-f559-4872db0b9ea6','0',1506049663),(535,'16e1481c-86e7-b9a5-e707-a1b2cdf766c3','0',1506049920),(536,'16e1481c-86e7-b9a5-e707-a1b2cdf766c3','0',1506050346),(537,'b9d25df4-8e9e-f917-f559-4872db0b9ea6','0',1506051017),(538,'c3a9548d-832d-57f2-fdd9-18f9dc397fb5','0',1506051482),(539,'b9d25df4-8e9e-f917-f559-4872db0b9ea6','0',1506052357),(540,'3e0b1448-7562-48cc-f885-3986a3bee7fa','0',1506061200),(541,'c3a9548d-832d-57f2-fdd9-18f9dc397fb5','0',1506062547),(542,'b9d25df4-8e9e-f917-f559-4872db0b9ea6','0',1506065603),(543,'b9d25df4-8e9e-f917-f559-4872db0b9ea6','0',1506068139),(544,'0f584f9c-befb-a17e-b205-765cd7efde33','0',1506068442),(545,'b9d25df4-8e9e-f917-f559-4872db0b9ea6','0',1506068517),(546,'3e0b1448-7562-48cc-f885-3986a3bee7fa','0',1506069081),(547,'b9d25df4-8e9e-f917-f559-4872db0b9ea6','0',1506069554),(548,'b9d25df4-8e9e-f917-f559-4872db0b9ea6','0',1506069670),(549,'b9d25df4-8e9e-f917-f559-4872db0b9ea6','0',1506070100),(550,'b9d25df4-8e9e-f917-f559-4872db0b9ea6','0',1506072538),(551,'b9d25df4-8e9e-f917-f559-4872db0b9ea6','0',1506072809),(552,'b9d25df4-8e9e-f917-f559-4872db0b9ea6','0',1506072823),(553,'b9d25df4-8e9e-f917-f559-4872db0b9ea6','0',1506072847),(554,'b9d25df4-8e9e-f917-f559-4872db0b9ea6','0',1506076429),(555,'b9d25df4-8e9e-f917-f559-4872db0b9ea6','0',1506077289),(556,'b9d25df4-8e9e-f917-f559-4872db0b9ea6','0',1506158612),(557,'b49431dc-5f76-2813-547d-198ff2e6e3a8','0',1506178625),(558,'3ca03517-fc7f-d67c-45c3-5ce84f58d92d','0',1506228363),(559,'b9d25df4-8e9e-f917-f559-4872db0b9ea6','0',1506301790),(560,'16e1481c-86e7-b9a5-e707-a1b2cdf766c3','0',1506303133),(561,'16e1481c-86e7-b9a5-e707-a1b2cdf766c3','0',1506305726),(562,'3e0b1448-7562-48cc-f885-3986a3bee7fa','0',1506310807),(563,'3e0b1448-7562-48cc-f885-3986a3bee7fa','0',1506311246),(564,'c3a9548d-832d-57f2-fdd9-18f9dc397fb5','0',1506311525),(565,'c3a9548d-832d-57f2-fdd9-18f9dc397fb5','0',1506311525),(566,'c3a9548d-832d-57f2-fdd9-18f9dc397fb5','0',1506317713),(567,'b9d25df4-8e9e-f917-f559-4872db0b9ea6','0',1506317986),(568,'b9d25df4-8e9e-f917-f559-4872db0b9ea6','0',1506319104),(569,'723885d5-28ac-a37f-45cb-938ae707208a','0',1506320046),(570,'b9d25df4-8e9e-f917-f559-4872db0b9ea6','0',1506322705),(571,'b9d25df4-8e9e-f917-f559-4872db0b9ea6','0',1506322856),(572,'b9d25df4-8e9e-f917-f559-4872db0b9ea6','0',1506322950),(573,'c3a9548d-832d-57f2-fdd9-18f9dc397fb5','0',1506323205),(574,'b9d25df4-8e9e-f917-f559-4872db0b9ea6','0',1506324971),(575,'b9d25df4-8e9e-f917-f559-4872db0b9ea6','0',1506327699),(576,'b9d25df4-8e9e-f917-f559-4872db0b9ea6','0',1506329504),(577,'c3a9548d-832d-57f2-fdd9-18f9dc397fb5','0',1506334685),(578,'3e0b1448-7562-48cc-f885-3986a3bee7fa','0',1506387872),(579,'3e0b1448-7562-48cc-f885-3986a3bee7fa','0',1506388570),(580,'b9d25df4-8e9e-f917-f559-4872db0b9ea6','0',1506389000),(581,'16e1481c-86e7-b9a5-e707-a1b2cdf766c3','0',1506390116),(582,'3e0b1448-7562-48cc-f885-3986a3bee7fa','0',1506391914),(583,'c3a9548d-832d-57f2-fdd9-18f9dc397fb5','0',1506393170),(584,'16e1481c-86e7-b9a5-e707-a1b2cdf766c3','0',1506395629),(585,'16e1481c-86e7-b9a5-e707-a1b2cdf766c3','0',1506395718),(586,'3e0b1448-7562-48cc-f885-3986a3bee7fa','0',1506396781),(587,'16e1481c-86e7-b9a5-e707-a1b2cdf766c3','0',1506397080),(588,'16e1481c-86e7-b9a5-e707-a1b2cdf766c3','0',1506397275),(589,'c3a9548d-832d-57f2-fdd9-18f9dc397fb5','0',1506397424),(590,'16e1481c-86e7-b9a5-e707-a1b2cdf766c3','0',1506398154),(591,'b9d25df4-8e9e-f917-f559-4872db0b9ea6','0',1506398162),(592,'16e1481c-86e7-b9a5-e707-a1b2cdf766c3','0',1506398231),(593,'16e1481c-86e7-b9a5-e707-a1b2cdf766c3','0',1506398585),(594,'16e1481c-86e7-b9a5-e707-a1b2cdf766c3','0',1506398629),(595,'16e1481c-86e7-b9a5-e707-a1b2cdf766c3','0',1506408553),(596,'16e1481c-86e7-b9a5-e707-a1b2cdf766c3','0',1506411954),(597,'16e1481c-86e7-b9a5-e707-a1b2cdf766c3','0',1506415402),(598,'16e1481c-86e7-b9a5-e707-a1b2cdf766c3','0',1506420301),(599,'16e1481c-86e7-b9a5-e707-a1b2cdf766c3','0',1506420496),(600,'16e1481c-86e7-b9a5-e707-a1b2cdf766c3','0',1506420628),(601,'16e1481c-86e7-b9a5-e707-a1b2cdf766c3','0',1506420670),(602,'16e1481c-86e7-b9a5-e707-a1b2cdf766c3','0',1506420717),(603,'16e1481c-86e7-b9a5-e707-a1b2cdf766c3','0',1506420819),(604,'16e1481c-86e7-b9a5-e707-a1b2cdf766c3','0',1506420866),(605,'16e1481c-86e7-b9a5-e707-a1b2cdf766c3','0',1506468175),(606,'16e1481c-86e7-b9a5-e707-a1b2cdf766c3','0',1506474318),(607,'3e0b1448-7562-48cc-f885-3986a3bee7fa','0',1506474555),(608,'3e0b1448-7562-48cc-f885-3986a3bee7fa','0',1506474566),(609,'3e0b1448-7562-48cc-f885-3986a3bee7fa','0',1506474588),(610,'3e0b1448-7562-48cc-f885-3986a3bee7fa','0',1506474657),(611,'3e0b1448-7562-48cc-f885-3986a3bee7fa','0',1506474687),(612,'3e0b1448-7562-48cc-f885-3986a3bee7fa','0',1506474703),(613,'3e0b1448-7562-48cc-f885-3986a3bee7fa','0',1506474752),(614,'b9d25df4-8e9e-f917-f559-4872db0b9ea6','0',1506474812),(615,'3e0b1448-7562-48cc-f885-3986a3bee7fa','0',1506474815),(616,'b9d25df4-8e9e-f917-f559-4872db0b9ea6','0',1506474953),(617,'16e1481c-86e7-b9a5-e707-a1b2cdf766c3','0',1506475264),(618,'3e0b1448-7562-48cc-f885-3986a3bee7fa','0',1506475485),(619,'b9d25df4-8e9e-f917-f559-4872db0b9ea6','0',1506475563),(620,'b9d25df4-8e9e-f917-f559-4872db0b9ea6','0',1506475734),(621,'b9d25df4-8e9e-f917-f559-4872db0b9ea6','0',1506475753),(622,'b9d25df4-8e9e-f917-f559-4872db0b9ea6','0',1506476134),(623,'b9d25df4-8e9e-f917-f559-4872db0b9ea6','0',1506476223),(624,'b9d25df4-8e9e-f917-f559-4872db0b9ea6','0',1506476235),(625,'b9d25df4-8e9e-f917-f559-4872db0b9ea6','0',1506476338),(626,'b9d25df4-8e9e-f917-f559-4872db0b9ea6','0',1506476349),(627,'b9d25df4-8e9e-f917-f559-4872db0b9ea6','0',1506476366),(628,'b9d25df4-8e9e-f917-f559-4872db0b9ea6','0',1506476414),(629,'b9d25df4-8e9e-f917-f559-4872db0b9ea6','0',1506476428),(630,'16e1481c-86e7-b9a5-e707-a1b2cdf766c3','0',1506476549),(631,'16e1481c-86e7-b9a5-e707-a1b2cdf766c3','0',1506476573),(632,'b9d25df4-8e9e-f917-f559-4872db0b9ea6','0',1506476603),(633,'16e1481c-86e7-b9a5-e707-a1b2cdf766c3','0',1506476609),(634,'16e1481c-86e7-b9a5-e707-a1b2cdf766c3','0',1506476644),(635,'16e1481c-86e7-b9a5-e707-a1b2cdf766c3','0',1506476806),(636,'16e1481c-86e7-b9a5-e707-a1b2cdf766c3','0',1506476822),(637,'16e1481c-86e7-b9a5-e707-a1b2cdf766c3','0',1506477141),(638,'16e1481c-86e7-b9a5-e707-a1b2cdf766c3','0',1506477574),(639,'b9d25df4-8e9e-f917-f559-4872db0b9ea6','0',1506480390),(640,'3e0b1448-7562-48cc-f885-3986a3bee7fa','0',1506480402),(641,'c3a9548d-832d-57f2-fdd9-18f9dc397fb5','0',1506494942),(642,'3e0b1448-7562-48cc-f885-3986a3bee7fa','0',1506495400),(643,'b9d25df4-8e9e-f917-f559-4872db0b9ea6','0',1506495585),(644,'0a9064ba-711f-5049-9300-c0cc88e1edf7','0',1506498506),(645,'c22311b4-4651-d39e-3c7c-22a69261310d','0',1506525699),(646,'c22311b4-4651-d39e-3c7c-22a69261310d','0',1506525707),(647,'b9d25df4-8e9e-f917-f559-4872db0b9ea6','0',1506560693),(648,'3e0b1448-7562-48cc-f885-3986a3bee7fa','0',1506562094),(649,'3e0b1448-7562-48cc-f885-3986a3bee7fa','0',1506563200),(650,'c3a9548d-832d-57f2-fdd9-18f9dc397fb5','0',1506563253),(651,'b9d25df4-8e9e-f917-f559-4872db0b9ea6','0',1506567142),(652,'b9d25df4-8e9e-f917-f559-4872db0b9ea6','0',1506567340),(653,'b9d25df4-8e9e-f917-f559-4872db0b9ea6','0',1506567520),(654,'16e1481c-86e7-b9a5-e707-a1b2cdf766c3','0',1506569889),(655,'b9d25df4-8e9e-f917-f559-4872db0b9ea6','0',1506579854),(656,'b9d25df4-8e9e-f917-f559-4872db0b9ea6','0',1506580502),(657,'0a9064ba-711f-5049-9300-c0cc88e1edf7','0',1506581376),(658,'0a9064ba-711f-5049-9300-c0cc88e1edf7','0',1506581377),(659,'0a9064ba-711f-5049-9300-c0cc88e1edf7','0',1506581438),(660,'c3a9548d-832d-57f2-fdd9-18f9dc397fb5','0',1506583994),(661,'7ec7e7e8-bd19-b84d-c352-884c434e9452','0',1506585342),(662,'16e1481c-86e7-b9a5-e707-a1b2cdf766c3','0',1506588212),(663,'3e0b1448-7562-48cc-f885-3986a3bee7fa','0',1506592320),(664,'3e0b1448-7562-48cc-f885-3986a3bee7fa','0',1506592423),(665,'3e0b1448-7562-48cc-f885-3986a3bee7fa','0',1506592554),(666,'3e0b1448-7562-48cc-f885-3986a3bee7fa','0',1506593088),(667,'3e0b1448-7562-48cc-f885-3986a3bee7fa','0',1506593195),(668,'3e0b1448-7562-48cc-f885-3986a3bee7fa','0',1506593249),(669,'b9d25df4-8e9e-f917-f559-4872db0b9ea6','0',1506593358),(670,'3e0b1448-7562-48cc-f885-3986a3bee7fa','0',1506593410),(671,'3e0b1448-7562-48cc-f885-3986a3bee7fa','0',1506593527),(672,'3e0b1448-7562-48cc-f885-3986a3bee7fa','0',1506593618),(673,'3e0b1448-7562-48cc-f885-3986a3bee7fa','0',1506593754),(674,'3e0b1448-7562-48cc-f885-3986a3bee7fa','0',1506593814),(675,'3e0b1448-7562-48cc-f885-3986a3bee7fa','0',1506593838),(676,'3e0b1448-7562-48cc-f885-3986a3bee7fa','0',1506594005),(677,'3e0b1448-7562-48cc-f885-3986a3bee7fa','0',1506594082),(678,'b9d25df4-8e9e-f917-f559-4872db0b9ea6','0',1506594133),(679,'0f584f9c-befb-a17e-b205-765cd7efde33','0',1506594174),(680,'3e0b1448-7562-48cc-f885-3986a3bee7fa','0',1506594407),(681,'b9d25df4-8e9e-f917-f559-4872db0b9ea6','0',1506594784),(682,'0f584f9c-befb-a17e-b205-765cd7efde33','0',1506596270),(683,'0f584f9c-befb-a17e-b205-765cd7efde33','0',1506596296),(684,'0f584f9c-befb-a17e-b205-765cd7efde33','0',1506596320),(685,'a9870c27-b006-c7b4-8d1f-f1c651b6a8fb','0',1506597469),(686,'764901cb-a00b-78a2-4a67-523552c88a5f','0',1506604287),(687,'16e1481c-86e7-b9a5-e707-a1b2cdf766c3','0',1506607846),(688,'16e1481c-86e7-b9a5-e707-a1b2cdf766c3','0',1506608010),(689,'8b172a9d-bcc6-002d-024f-f7842f3d4b87','0',1506608546),(690,'16e1481c-86e7-b9a5-e707-a1b2cdf766c3','0',1506610316),(691,'501969d6-b26d-bb2d-29e3-5264a923def9','0',1506610349),(692,'501969d6-b26d-bb2d-29e3-5264a923def9','0',1506610357),(693,'b9d25df4-8e9e-f917-f559-4872db0b9ea6','0',1506613164),(694,'b9d25df4-8e9e-f917-f559-4872db0b9ea6','0',1506613279),(695,'b9d25df4-8e9e-f917-f559-4872db0b9ea6','0',1506613329),(696,'b9d25df4-8e9e-f917-f559-4872db0b9ea6','0',1506647274),(697,'b9d25df4-8e9e-f917-f559-4872db0b9ea6','0',1506647325),(698,'b9d25df4-8e9e-f917-f559-4872db0b9ea6','0',1506647362),(699,'b9d25df4-8e9e-f917-f559-4872db0b9ea6','0',1506647431),(700,'3e0b1448-7562-48cc-f885-3986a3bee7fa','0',1506647728),(701,'3e0b1448-7562-48cc-f885-3986a3bee7fa','0',1506647771),(702,'b9d25df4-8e9e-f917-f559-4872db0b9ea6','0',1506647961),(703,'3e0b1448-7562-48cc-f885-3986a3bee7fa','0',1506648162),(704,'3e0b1448-7562-48cc-f885-3986a3bee7fa','0',1506648285),(705,'3e0b1448-7562-48cc-f885-3986a3bee7fa','0',1506648391),(706,'3e0b1448-7562-48cc-f885-3986a3bee7fa','0',1506649010),(707,'3e0b1448-7562-48cc-f885-3986a3bee7fa','0',1506649151),(708,'3e0b1448-7562-48cc-f885-3986a3bee7fa','0',1506649302),(709,'3e0b1448-7562-48cc-f885-3986a3bee7fa','0',1506650025),(710,'3e0b1448-7562-48cc-f885-3986a3bee7fa','0',1506650042),(711,'3e0b1448-7562-48cc-f885-3986a3bee7fa','0',1506650191),(712,'3e0b1448-7562-48cc-f885-3986a3bee7fa','0',1506650203),(713,'3e0b1448-7562-48cc-f885-3986a3bee7fa','0',1506650297),(714,'3e0b1448-7562-48cc-f885-3986a3bee7fa','0',1506650444),(715,'3e0b1448-7562-48cc-f885-3986a3bee7fa','0',1506650671),(716,'3e0b1448-7562-48cc-f885-3986a3bee7fa','0',1506650865),(717,'3e0b1448-7562-48cc-f885-3986a3bee7fa','0',1506651102),(718,'3e0b1448-7562-48cc-f885-3986a3bee7fa','0',1506651503),(719,'3e0b1448-7562-48cc-f885-3986a3bee7fa','0',1506651716),(720,'3e0b1448-7562-48cc-f885-3986a3bee7fa','0',1506651857),(721,'3e0b1448-7562-48cc-f885-3986a3bee7fa','0',1506651976),(722,'3e0b1448-7562-48cc-f885-3986a3bee7fa','0',1506652597),(723,'3e0b1448-7562-48cc-f885-3986a3bee7fa','0',1506652647),(724,'3e0b1448-7562-48cc-f885-3986a3bee7fa','0',1506653106),(725,'3e0b1448-7562-48cc-f885-3986a3bee7fa','0',1506653149),(726,'3e0b1448-7562-48cc-f885-3986a3bee7fa','0',1506653393),(727,'3e0b1448-7562-48cc-f885-3986a3bee7fa','0',1506653532),(728,'3e0b1448-7562-48cc-f885-3986a3bee7fa','0',1506656764),(729,'3e0b1448-7562-48cc-f885-3986a3bee7fa','0',1506656796),(730,'b9d25df4-8e9e-f917-f559-4872db0b9ea6','0',1506656968),(731,'b9d25df4-8e9e-f917-f559-4872db0b9ea6','0',1506656998),(732,'b9d25df4-8e9e-f917-f559-4872db0b9ea6','0',1506657025),(733,'b9d25df4-8e9e-f917-f559-4872db0b9ea6','0',1506657080),(734,'b9d25df4-8e9e-f917-f559-4872db0b9ea6','0',1506657124),(735,'b9d25df4-8e9e-f917-f559-4872db0b9ea6','0',1506657186),(736,'b9d25df4-8e9e-f917-f559-4872db0b9ea6','0',1506657348),(737,'3e0b1448-7562-48cc-f885-3986a3bee7fa','0',1506657368),(738,'b9d25df4-8e9e-f917-f559-4872db0b9ea6','0',1506657368),(739,'b9d25df4-8e9e-f917-f559-4872db0b9ea6','0',1506657406),(740,'3e0b1448-7562-48cc-f885-3986a3bee7fa','0',1506657852),(741,'0f584f9c-befb-a17e-b205-765cd7efde33','0',1506657899),(742,'0f584f9c-befb-a17e-b205-765cd7efde33','0',1506657918),(743,'3e0b1448-7562-48cc-f885-3986a3bee7fa','0',1506657997),(744,'3e0b1448-7562-48cc-f885-3986a3bee7fa','0',1506660409),(745,'3e0b1448-7562-48cc-f885-3986a3bee7fa','0',1506660751),(746,'3e0b1448-7562-48cc-f885-3986a3bee7fa','0',1506660803),(747,'3e0b1448-7562-48cc-f885-3986a3bee7fa','0',1506660966),(748,'3e0b1448-7562-48cc-f885-3986a3bee7fa','0',1506661302),(749,'3e0b1448-7562-48cc-f885-3986a3bee7fa','0',1506661402),(750,'3e0b1448-7562-48cc-f885-3986a3bee7fa','0',1506661449),(751,'3e0b1448-7562-48cc-f885-3986a3bee7fa','0',1506661513),(752,'3e0b1448-7562-48cc-f885-3986a3bee7fa','0',1506661587),(753,'bf670625-f384-b056-fab9-4c3f45314aa2','0',1506662361),(754,'b9d25df4-8e9e-f917-f559-4872db0b9ea6','0',1506662362),(755,'b9d25df4-8e9e-f917-f559-4872db0b9ea6','0',1506662441),(756,'b9d25df4-8e9e-f917-f559-4872db0b9ea6','0',1506662505),(757,'3e0b1448-7562-48cc-f885-3986a3bee7fa','0',1506662508),(758,'3e0b1448-7562-48cc-f885-3986a3bee7fa','0',1506662708),(759,'0f584f9c-befb-a17e-b205-765cd7efde33','0',1506662729),(760,'3e0b1448-7562-48cc-f885-3986a3bee7fa','0',1506662838),(761,'3e0b1448-7562-48cc-f885-3986a3bee7fa','0',1506662866),(762,'3e0b1448-7562-48cc-f885-3986a3bee7fa','0',1506662920),(763,'b9d25df4-8e9e-f917-f559-4872db0b9ea6','0',1506662940),(764,'0f584f9c-befb-a17e-b205-765cd7efde33','0',1506662975),(765,'0f584f9c-befb-a17e-b205-765cd7efde33','0',1506662993),(766,'0f584f9c-befb-a17e-b205-765cd7efde33','0',1506663060),(767,'0f584f9c-befb-a17e-b205-765cd7efde33','0',1506663078),(768,'0f584f9c-befb-a17e-b205-765cd7efde33','0',1506663108),(769,'3e0b1448-7562-48cc-f885-3986a3bee7fa','0',1506663169),(770,'0f584f9c-befb-a17e-b205-765cd7efde33','0',1506663176),(771,'b9d25df4-8e9e-f917-f559-4872db0b9ea6','0',1506663245),(772,'0a9064ba-711f-5049-9300-c0cc88e1edf7','0',1506663628),(773,'0a9064ba-711f-5049-9300-c0cc88e1edf7','0',1506663644),(774,'0a9064ba-711f-5049-9300-c0cc88e1edf7','0',1506663733),(775,'a9870c27-b006-c7b4-8d1f-f1c651b6a8fb','0',1506679729),(776,'026d27a6-eb7e-2688-a6e4-2f3199fce4ef','0',1507025701),(777,'16e1481c-86e7-b9a5-e707-a1b2cdf766c3','0',1507025727),(778,'b9d25df4-8e9e-f917-f559-4872db0b9ea6','0',1507176830),(779,'b9d25df4-8e9e-f917-f559-4872db0b9ea6','0',1507511571),(780,'16e1481c-86e7-b9a5-e707-a1b2cdf766c3','0',1507513461),(781,'c3a9548d-832d-57f2-fdd9-18f9dc397fb5','0',1507514015),(782,'16e1481c-86e7-b9a5-e707-a1b2cdf766c3','0',1507519550),(783,'16e1481c-86e7-b9a5-e707-a1b2cdf766c3','0',1507521371),(784,'c3a9548d-832d-57f2-fdd9-18f9dc397fb5','0',1507527868),(785,'b9d25df4-8e9e-f917-f559-4872db0b9ea6','0',1507535387),(786,'b9d25df4-8e9e-f917-f559-4872db0b9ea6','0',1507537676),(787,'b9d25df4-8e9e-f917-f559-4872db0b9ea6','0',1507537723),(788,'b9d25df4-8e9e-f917-f559-4872db0b9ea6','0',1507537846),(789,'b9d25df4-8e9e-f917-f559-4872db0b9ea6','0',1507537901),(790,'b9d25df4-8e9e-f917-f559-4872db0b9ea6','0',1507597338),(791,'b9d25df4-8e9e-f917-f559-4872db0b9ea6','0',1507599094),(792,'b9d25df4-8e9e-f917-f559-4872db0b9ea6','0',1507600043),(793,'16e1481c-86e7-b9a5-e707-a1b2cdf766c3','0',1507600928),(794,'b9d25df4-8e9e-f917-f559-4872db0b9ea6','0',1507606587),(795,'b9d25df4-8e9e-f917-f559-4872db0b9ea6','0',1507606982),(796,'b9d25df4-8e9e-f917-f559-4872db0b9ea6','0',1507616379),(797,'c3a9548d-832d-57f2-fdd9-18f9dc397fb5','0',1507619845),(798,'16e1481c-86e7-b9a5-e707-a1b2cdf766c3','0',1507621312),(799,'16e1481c-86e7-b9a5-e707-a1b2cdf766c3','0',1507621429),(800,'16e1481c-86e7-b9a5-e707-a1b2cdf766c3','0',1507621575),(801,'b9d25df4-8e9e-f917-f559-4872db0b9ea6','0',1507621592),(802,'b9d25df4-8e9e-f917-f559-4872db0b9ea6','0',1507621710),(803,'b9d25df4-8e9e-f917-f559-4872db0b9ea6','0',1507622724),(804,'0f584f9c-befb-a17e-b205-765cd7efde33','0',1507627798),(805,'0f584f9c-befb-a17e-b205-765cd7efde33','0',1507633279),(806,'c3a9548d-832d-57f2-fdd9-18f9dc397fb5','0',1507641005),(807,'499d7c58-08b3-45e6-1a12-ab99c53f596b','0',1507641246),(808,'c3a9548d-832d-57f2-fdd9-18f9dc397fb5','0',1507641592),(809,'3e0b1448-7562-48cc-f885-3986a3bee7fa','0',1507641658),(810,'3e0b1448-7562-48cc-f885-3986a3bee7fa','0',1507642444),(811,'3e0b1448-7562-48cc-f885-3986a3bee7fa','0',1507683941),(812,'b9d25df4-8e9e-f917-f559-4872db0b9ea6','0',1507684350),(813,'b9d25df4-8e9e-f917-f559-4872db0b9ea6','0',1507689973),(814,'c3a9548d-832d-57f2-fdd9-18f9dc397fb5','0',1507690164),(815,'c3a9548d-832d-57f2-fdd9-18f9dc397fb5','0',1507690655),(816,'0f584f9c-befb-a17e-b205-765cd7efde33','0',1507702296),(817,'b9d25df4-8e9e-f917-f559-4872db0b9ea6','0',1507702510),(818,'b9d25df4-8e9e-f917-f559-4872db0b9ea6','0',1507702715),(819,'b9d25df4-8e9e-f917-f559-4872db0b9ea6','0',1507702796),(820,'b9d25df4-8e9e-f917-f559-4872db0b9ea6','0',1507702985),(821,'b9d25df4-8e9e-f917-f559-4872db0b9ea6','0',1507706868),(822,'b9d25df4-8e9e-f917-f559-4872db0b9ea6','0',1507707784),(823,'16e1481c-86e7-b9a5-e707-a1b2cdf766c3','0',1507708100),(824,'16e1481c-86e7-b9a5-e707-a1b2cdf766c3','0',1507710368),(825,'16e1481c-86e7-b9a5-e707-a1b2cdf766c3','0',1507711551),(826,'3e0b1448-7562-48cc-f885-3986a3bee7fa','0',1507718471),(827,'c3a9548d-832d-57f2-fdd9-18f9dc397fb5','0',1507718602),(828,'b9d25df4-8e9e-f917-f559-4872db0b9ea6','0',1507770656),(829,'b9d25df4-8e9e-f917-f559-4872db0b9ea6','0',1507771782),(830,'16e1481c-86e7-b9a5-e707-a1b2cdf766c3','0',1507772631),(831,'16e1481c-86e7-b9a5-e707-a1b2cdf766c3','0',1507795596),(832,'c3a9548d-832d-57f2-fdd9-18f9dc397fb5','0',1507796480),(833,'16e1481c-86e7-b9a5-e707-a1b2cdf766c3','0',1507796623),(834,'16e1481c-86e7-b9a5-e707-a1b2cdf766c3','0',1507816392),(835,'b9d25df4-8e9e-f917-f559-4872db0b9ea6','0',1507856919),(836,'3e0b1448-7562-48cc-f885-3986a3bee7fa','0',1507862128),(837,'16e1481c-86e7-b9a5-e707-a1b2cdf766c3','0',1507867767),(838,'c3a9548d-832d-57f2-fdd9-18f9dc397fb5','0',1507876233),(839,'0f584f9c-befb-a17e-b205-765cd7efde33','0',1507876254),(840,'0f584f9c-befb-a17e-b205-765cd7efde33','0',1507876273),(841,'0f584f9c-befb-a17e-b205-765cd7efde33','0',1507876286),(842,'16e1481c-86e7-b9a5-e707-a1b2cdf766c3','0',1507881713),(843,'16e1481c-86e7-b9a5-e707-a1b2cdf766c3','0',1507883754),(844,'16e1481c-86e7-b9a5-e707-a1b2cdf766c3','0',1507883826),(845,'c3a9548d-832d-57f2-fdd9-18f9dc397fb5','0',1507888051),(846,'3e0b1448-7562-48cc-f885-3986a3bee7fa','0',1507958214),(847,'b9d25df4-8e9e-f917-f559-4872db0b9ea6','0',1507966893),(848,'b9d25df4-8e9e-f917-f559-4872db0b9ea6','0',1508116244),(849,'3e0b1448-7562-48cc-f885-3986a3bee7fa','0',1508116434),(850,'16e1481c-86e7-b9a5-e707-a1b2cdf766c3','0',1508116545),(851,'c3a9548d-832d-57f2-fdd9-18f9dc397fb5','0',1508117288),(852,'3e0b1448-7562-48cc-f885-3986a3bee7fa','0',1508123037),(853,'3e0b1448-7562-48cc-f885-3986a3bee7fa','0',1508123350),(854,'c3a9548d-832d-57f2-fdd9-18f9dc397fb5','0',1508132804),(855,'0f584f9c-befb-a17e-b205-765cd7efde33','0',1508133567),(856,'16e1481c-86e7-b9a5-e707-a1b2cdf766c3','0',1508134192),(857,'bf670625-f384-b056-fab9-4c3f45314aa2','0',1508159515),(858,'bf670625-f384-b056-fab9-4c3f45314aa2','0',1508159563),(859,'b9d25df4-8e9e-f917-f559-4872db0b9ea6','0',1508202667),(860,'16e1481c-86e7-b9a5-e707-a1b2cdf766c3','0',1508209528),(861,'16e1481c-86e7-b9a5-e707-a1b2cdf766c3','0',1508210032),(862,'3e0b1448-7562-48cc-f885-3986a3bee7fa','0',1508210222),(863,'16e1481c-86e7-b9a5-e707-a1b2cdf766c3','0',1508210507),(864,'16e1481c-86e7-b9a5-e707-a1b2cdf766c3','0',1508210753),(865,'b9d25df4-8e9e-f917-f559-4872db0b9ea6','0',1508211094),(866,'b9d25df4-8e9e-f917-f559-4872db0b9ea6','0',1508212338),(867,'b9d25df4-8e9e-f917-f559-4872db0b9ea6','0',1508212741),(868,'3e0b1448-7562-48cc-f885-3986a3bee7fa','0',1508212885),(869,'c3a9548d-832d-57f2-fdd9-18f9dc397fb5','0',1508212960),(870,'2f16d4fb-5378-6749-b27d-e802bd689bfb','0',1508218890),(871,'3e0b1448-7562-48cc-f885-3986a3bee7fa','0',1508220683),(872,'16e1481c-86e7-b9a5-e707-a1b2cdf766c3','0',1508223169),(873,'b9d25df4-8e9e-f917-f559-4872db0b9ea6','0',1508223951),(874,'c3a9548d-832d-57f2-fdd9-18f9dc397fb5','0',1508224083),(875,'b9d25df4-8e9e-f917-f559-4872db0b9ea6','0',1508224107),(876,'16e1481c-86e7-b9a5-e707-a1b2cdf766c3','0',1508224631),(877,'c3a9548d-832d-57f2-fdd9-18f9dc397fb5','0',1508224699),(878,'3e0b1448-7562-48cc-f885-3986a3bee7fa','0',1508224972),(879,'16e1481c-86e7-b9a5-e707-a1b2cdf766c3','0',1508224976),(880,'3e0b1448-7562-48cc-f885-3986a3bee7fa','0',1508225244),(881,'3e0b1448-7562-48cc-f885-3986a3bee7fa','0',1508225247),(882,'16e1481c-86e7-b9a5-e707-a1b2cdf766c3','0',1508225418),(883,'16e1481c-86e7-b9a5-e707-a1b2cdf766c3','0',1508225946),(884,'3e0b1448-7562-48cc-f885-3986a3bee7fa','0',1508226660),(885,'c3a9548d-832d-57f2-fdd9-18f9dc397fb5','0',1508226709),(886,'c3a9548d-832d-57f2-fdd9-18f9dc397fb5','0',1508227864),(887,'b9d25df4-8e9e-f917-f559-4872db0b9ea6','0',1508288951),(888,'3e0b1448-7562-48cc-f885-3986a3bee7fa','0',1508289209),(889,'3e0b1448-7562-48cc-f885-3986a3bee7fa','0',1508289749),(890,'0f584f9c-befb-a17e-b205-765cd7efde33','0',1508290414),(891,'0f584f9c-befb-a17e-b205-765cd7efde33','0',1508290725),(892,'c3a9548d-832d-57f2-fdd9-18f9dc397fb5','0',1508291485),(893,'c3a9548d-832d-57f2-fdd9-18f9dc397fb5','0',1508291629),(894,'b9d25df4-8e9e-f917-f559-4872db0b9ea6','0',1508292198),(895,'b9d25df4-8e9e-f917-f559-4872db0b9ea6','0',1508292397),(896,'b9d25df4-8e9e-f917-f559-4872db0b9ea6','0',1508292678),(897,'b9d25df4-8e9e-f917-f559-4872db0b9ea6','0',1508293109),(898,'16e1481c-86e7-b9a5-e707-a1b2cdf766c3','0',1508294250),(899,'16e1481c-86e7-b9a5-e707-a1b2cdf766c3','0',1508297889),(900,'16e1481c-86e7-b9a5-e707-a1b2cdf766c3','0',1508298021),(901,'c3a9548d-832d-57f2-fdd9-18f9dc397fb5','0',1508307385),(902,'0a9064ba-711f-5049-9300-c0cc88e1edf7','0',1508307458),(903,'0a9064ba-711f-5049-9300-c0cc88e1edf7','0',1508307510),(904,'16e1481c-86e7-b9a5-e707-a1b2cdf766c3','0',1508310052),(905,'b9d25df4-8e9e-f917-f559-4872db0b9ea6','0',1508310848),(906,'16e1481c-86e7-b9a5-e707-a1b2cdf766c3','0',1508312226),(907,'16e1481c-86e7-b9a5-e707-a1b2cdf766c3','0',1508312396),(908,'16e1481c-86e7-b9a5-e707-a1b2cdf766c3','0',1508312414),(909,'16e1481c-86e7-b9a5-e707-a1b2cdf766c3','0',1508312543),(910,'16e1481c-86e7-b9a5-e707-a1b2cdf766c3','0',1508318609),(911,'b9d25df4-8e9e-f917-f559-4872db0b9ea6','0',1508375233),(912,'b9d25df4-8e9e-f917-f559-4872db0b9ea6','0',1508376549),(913,'c3a9548d-832d-57f2-fdd9-18f9dc397fb5','0',1508376619),(914,'b9d25df4-8e9e-f917-f559-4872db0b9ea6','0',1508378834),(915,'b9d25df4-8e9e-f917-f559-4872db0b9ea6','0',1508378853),(916,'b9d25df4-8e9e-f917-f559-4872db0b9ea6','0',1508378856),(917,'16e1481c-86e7-b9a5-e707-a1b2cdf766c3','0',1508385634),(918,'16e1481c-86e7-b9a5-e707-a1b2cdf766c3','0',1508385724),(919,'c3a9548d-832d-57f2-fdd9-18f9dc397fb5','0',1508393394),(920,'b9d25df4-8e9e-f917-f559-4872db0b9ea6','0',1508402232),(921,'b9d25df4-8e9e-f917-f559-4872db0b9ea6','0',1508402659),(922,'b9d25df4-8e9e-f917-f559-4872db0b9ea6','0',1508402973),(923,'b9d25df4-8e9e-f917-f559-4872db0b9ea6','0',1508403012),(924,'b9d25df4-8e9e-f917-f559-4872db0b9ea6','0',1508403571),(925,'b9d25df4-8e9e-f917-f559-4872db0b9ea6','0',1508403624),(926,'b9d25df4-8e9e-f917-f559-4872db0b9ea6','0',1508463212),(927,'b9d25df4-8e9e-f917-f559-4872db0b9ea6','0',1508464417),(928,'b9d25df4-8e9e-f917-f559-4872db0b9ea6','0',1508464865),(929,'c3a9548d-832d-57f2-fdd9-18f9dc397fb5','0',1508469622),(930,'b9d25df4-8e9e-f917-f559-4872db0b9ea6','0',1508484436),(931,'b9d25df4-8e9e-f917-f559-4872db0b9ea6','0',1508485769),(932,'16e1481c-86e7-b9a5-e707-a1b2cdf766c3','0',1508486538),(933,'16e1481c-86e7-b9a5-e707-a1b2cdf766c3','0',1508487729),(934,'b9d25df4-8e9e-f917-f559-4872db0b9ea6','0',1508487964),(935,'b9d25df4-8e9e-f917-f559-4872db0b9ea6','0',1508488626),(936,'16e1481c-86e7-b9a5-e707-a1b2cdf766c3','0',1508488902),(937,'c3a9548d-832d-57f2-fdd9-18f9dc397fb5','0',1508491433),(938,'16e1481c-86e7-b9a5-e707-a1b2cdf766c3','0',1508492744),(939,'b9d25df4-8e9e-f917-f559-4872db0b9ea6','0',1508493348),(940,'16e1481c-86e7-b9a5-e707-a1b2cdf766c3','0',1508496082),(941,'16e1481c-86e7-b9a5-e707-a1b2cdf766c3','0',1508550238),(942,'0f584f9c-befb-a17e-b205-765cd7efde33','0',1508639594),(943,'16e1481c-86e7-b9a5-e707-a1b2cdf766c3','0',1508715543),(944,'4f1f968b-5fe1-82bc-4867-b55bd669ed20','0',1508720342),(945,'b9d25df4-8e9e-f917-f559-4872db0b9ea6','0',1508721070),(946,'0f584f9c-befb-a17e-b205-765cd7efde33','0',1508721920),(947,'16e1481c-86e7-b9a5-e707-a1b2cdf766c3','0',1508723219),(948,'16e1481c-86e7-b9a5-e707-a1b2cdf766c3','0',1508728333),(949,'501969d6-b26d-bb2d-29e3-5264a923def9','0',1508739377),(950,'0f584f9c-befb-a17e-b205-765cd7efde33','0',1508745048),(951,'0f584f9c-befb-a17e-b205-765cd7efde33','0',1508745082),(952,'0f584f9c-befb-a17e-b205-765cd7efde33','0',1508745297),(953,'c3a9548d-832d-57f2-fdd9-18f9dc397fb5','0',1508745640),(954,'16e1481c-86e7-b9a5-e707-a1b2cdf766c3','0',1508748691),(955,'2f16d4fb-5378-6749-b27d-e802bd689bfb','0',1508751978),(956,'b9d25df4-8e9e-f917-f559-4872db0b9ea6','0',1508808719),(957,'0f584f9c-befb-a17e-b205-765cd7efde33','0',1508809439),(958,'c3a9548d-832d-57f2-fdd9-18f9dc397fb5','0',1508811088),(959,'c3a9548d-832d-57f2-fdd9-18f9dc397fb5','0',1508811095),(960,'0a9064ba-711f-5049-9300-c0cc88e1edf7','0',1508812371),(961,'b9d25df4-8e9e-f917-f559-4872db0b9ea6','0',1508813042),(962,'c3a9548d-832d-57f2-fdd9-18f9dc397fb5','0',1508825126),(963,'16e1481c-86e7-b9a5-e707-a1b2cdf766c3','0',1508831788),(964,'b9d25df4-8e9e-f917-f559-4872db0b9ea6','0',1508832596),(965,'b9d25df4-8e9e-f917-f559-4872db0b9ea6','0',1508832946),(966,'ed59c117-8a4c-9d88-adcf-840a97de634a','0',1508833044),(967,'ed59c117-8a4c-9d88-adcf-840a97de634a','0',1508833089),(968,'16e1481c-86e7-b9a5-e707-a1b2cdf766c3','0',1508838191),(969,'b9d25df4-8e9e-f917-f559-4872db0b9ea6','0',1508839801),(970,'b9d25df4-8e9e-f917-f559-4872db0b9ea6','0',1508839994),(971,'b9d25df4-8e9e-f917-f559-4872db0b9ea6','0',1508840062),(972,'b9d25df4-8e9e-f917-f559-4872db0b9ea6','0',1508840534),(973,'b9d25df4-8e9e-f917-f559-4872db0b9ea6','0',1508841736);

#
# Structure for table "xds_message"
#

DROP TABLE IF EXISTS `xds_message`;
CREATE TABLE `xds_message` (
  `id` int(11) NOT NULL AUTO_INCREMENT,
  `user_id` char(36) NOT NULL DEFAULT '',
  `to_user_id` char(36) NOT NULL DEFAULT '',
  `content` varchar(255) NOT NULL DEFAULT '' COMMENT '私信内容',
  `create_time` int(11) NOT NULL DEFAULT '0',
  `update_time` int(11) NOT NULL DEFAULT '0',
  `delete_time` int(11) NOT NULL DEFAULT '0',
  `type` enum('0','1') NOT NULL DEFAULT '0' COMMENT '0 回复 1 被回复',
  PRIMARY KEY (`id`),
  KEY `user_id` (`user_id`,`to_user_id`,`type`)
) ENGINE=InnoDB AUTO_INCREMENT=11 DEFAULT CHARSET=utf8 COMMENT='私信列表';

#
# Data for table "xds_message"
#

INSERT INTO `xds_message` VALUES (1,'0a9064ba-711f-5049-9300-c0cc88e1edf7','026d27a6-eb7e-2688-a6e4-2f3199fce4ef','private message',1508828085,1508842315,1508842315,'0'),(2,'0a9064ba-711f-5049-9300-c0cc88e1edf7','026d27a6-eb7e-2688-a6e4-2f3199fce4ef','private message2',1508828086,1508842315,1508842315,'0'),(3,'026d27a6-eb7e-2688-a6e4-2f3199fce4ef','0a9064ba-711f-5049-9300-c0cc88e1edf7','私信',1508828087,1508828087,0,'0'),(4,'0a9064ba-711f-5049-9300-c0cc88e1edf7','026d27a6-eb7e-2688-a6e4-2f3199fce4ef','私信2',1508828088,1508842315,1508842315,'0'),(5,'0a9064ba-711f-5049-9300-c0cc88e1edf7','026d27a6-eb7e-2688-a6e4-2f3199fce4ef','私信哈哈哈',1508831020,1508842315,1508842315,'0'),(6,'0a9064ba-711f-5049-9300-c0cc88e1edf7','026d27a6-eb7e-2688-a6e4-2f3199fce4ef','私信哈哈哈略略',1508834505,1508842315,1508842315,'0'),(7,'026d27a6-eb7e-2688-a6e4-2f3199fce4ef','0a9064ba-711f-5049-9300-c0cc88e1edf7','私信哈哈哈略略',1508834506,1508834506,0,'1'),(8,'0a9064ba-711f-5049-9300-c0cc88e1edf7','026d27a6-eb7e-2688-a6e4-2f3199fce4ef','我回复你喽',1508834507,1508842315,1508842315,'1'),(9,'0a9064ba-711f-5049-9300-c0cc88e1edf7','7ec7e7e8-bd19-b84d-c352-884c434e9452','白兰鸽迅游记',1508834517,1508834517,0,'0'),(10,'0a9064ba-711f-5049-9300-c0cc88e1edf7','7ec7e7e8-bd19-b84d-c352-884c434e9452','晚安',1508834518,1508834518,0,'0');

#
# Structure for table "xds_notice"
#

DROP TABLE IF EXISTS `xds_notice`;
CREATE TABLE `xds_notice` (
  `id` char(36) NOT NULL DEFAULT '',
  `to_user_id` char(36) NOT NULL DEFAULT '0' COMMENT '通知所属用户主键ID',
  `from_user_id` char(36) NOT NULL DEFAULT '0' COMMENT '通知来源作者主键ID(关联头像时使用)',
  `type` enum('0','1') NOT NULL DEFAULT '0' COMMENT '0 被@ 1 点赞',
  `look` enum('0','1') NOT NULL DEFAULT '0' COMMENT '0 未读 1 已读',
  `communication_id` char(36) NOT NULL DEFAULT '' COMMENT '条目ID',
  `create_time` int(10) unsigned NOT NULL DEFAULT '0' COMMENT '通知时间',
  `update_time` int(11) unsigned NOT NULL DEFAULT '0',
  `delete_time` int(11) unsigned NOT NULL DEFAULT '0',
  PRIMARY KEY (`id`),
  KEY `to_user_id` (`to_user_id`,`from_user_id`,`type`,`communication_id`)
) ENGINE=InnoDB DEFAULT CHARSET=utf8 ROW_FORMAT=DYNAMIC COMMENT='消息表';

#
# Data for table "xds_notice"
#

INSERT INTO `xds_notice` VALUES ('0037f5c0-284f-fcd1-12ac-e35ce52b2ba8','3e0b1448-7562-48cc-f885-3986a3bee7fa','3e0b1448-7562-48cc-f885-3986a3bee7fa','1','1','616f2e72-224d-39e8-a626-4c5d0602513f',1506589679,1508725248,0),('007b9ca8-84eb-9537-15c7-234e3be7f988','c3a9548d-832d-57f2-fdd9-18f9dc397fb5','3e0b1448-7562-48cc-f885-3986a3bee7fa','1','1','338ec863-e311-bfc1-f412-8e2f2d175ff8',1507601187,1508294440,0),('00c725cd-f2b1-c0e0-bb10-3152ed9b2025','0a9064ba-711f-5049-9300-c0cc88e1edf7','3e0b1448-7562-48cc-f885-3986a3bee7fa','1','1','3bd1c61d-8445-3cb0-ce94-22446f2ff0b3',1506583735,1508812378,0),('0109ce2e-3ec7-27ff-9a24-c0c88f8efae0','c3a9548d-832d-57f2-fdd9-18f9dc397fb5','3e0b1448-7562-48cc-f885-3986a3bee7fa','1','1','43c0a46e-096d-4907-d5a4-d7390031b035',1508135661,1508294440,0),('024ae3bd-8ba9-ed2f-f7f3-c0caceb069f2','9175a40c-31f2-bbec-2134-27935378cf65','9175a40c-31f2-bbec-2134-27935378cf65','1','0','5107f5b2-20a4-c51e-3795-2b8c896d27d4',1508639329,1508639329,0),('02a0b651-9560-35cc-1730-f9e433713951','0a9064ba-711f-5049-9300-c0cc88e1edf7','0a9064ba-711f-5049-9300-c0cc88e1edf7','1','1','3bd1c61d-8445-3cb0-ce94-22446f2ff0b3',1506581906,1508812378,0),('0345651b-d1ae-a09e-fc70-283171067854','3e0b1448-7562-48cc-f885-3986a3bee7fa','0f584f9c-befb-a17e-b205-765cd7efde33','1','1','308ee629-4dd7-a2e9-c257-437fb01c2b8c',1507774755,1508725248,0),('0545e0b7-f802-0895-4b1d-b60af15195c3','b9d25df4-8e9e-f917-f559-4872db0b9ea6','b9d25df4-8e9e-f917-f559-4872db0b9ea6','1','1','dde2d439-8409-f7db-13ed-503a54e8a33c',1508481191,1508485296,0),('0678a7dd-e734-8607-e851-d1d37ae4b311','c3a9548d-832d-57f2-fdd9-18f9dc397fb5','3e0b1448-7562-48cc-f885-3986a3bee7fa','1','1','3e979abd-a5e0-c999-6a62-61e593e292ff',1506562222,1508294440,1506563459),('08deb74e-e2a9-fbd5-08b8-ada6125c8ca8','3e0b1448-7562-48cc-f885-3986a3bee7fa','3e0b1448-7562-48cc-f885-3986a3bee7fa','1','1','6b06d05e-f26f-3fd5-1673-f8e005676c52',1508294627,1508725248,1508486381),('0bb2070a-dead-329b-8a47-fb844f64b9ee','0a9064ba-711f-5049-9300-c0cc88e1edf7','0a9064ba-711f-5049-9300-c0cc88e1edf7','1','1','08d24c5e-f07b-7aa0-59e6-840e89752fe5',1506076886,1508812378,1506076903),('0d74304e-326d-6c3d-b00c-3730c09903fe','0a9064ba-711f-5049-9300-c0cc88e1edf7','0a9064ba-711f-5049-9300-c0cc88e1edf7','1','1','08d24c5e-f07b-7aa0-59e6-840e89752fe5',1506076389,1508812378,1506076903),('0f1268d3-71eb-b24f-b369-13cf06b66790','c3a9548d-832d-57f2-fdd9-18f9dc397fb5','3e0b1448-7562-48cc-f885-3986a3bee7fa','1','1','338ec863-e311-bfc1-f412-8e2f2d175ff8',1507597610,1508294440,1507601186),('0f18abfa-46ce-9609-bb60-c78b5c0f7c58','c3a9548d-832d-57f2-fdd9-18f9dc397fb5','3e0b1448-7562-48cc-f885-3986a3bee7fa','1','0','9837f7ed-fe25-7dda-d729-d007b18b92c6',1508314645,1508377091,1508377090),('0f5522eb-946e-dcab-c845-bc47545db902','3e0b1448-7562-48cc-f885-3986a3bee7fa','c3a9548d-832d-57f2-fdd9-18f9dc397fb5','1','1','89805f40-e9ad-5521-5f0f-17c3596b1140',1508402845,1508725248,1508486381),('101ba5ca-1cfb-f9c8-f2cf-79f640b21d12','0f584f9c-befb-a17e-b205-765cd7efde33','3e0b1448-7562-48cc-f885-3986a3bee7fa','1','1','565052a5-304c-02e2-5c00-3df05bedd2e8',1507707408,1508745920,0),('103fe66c-b1dc-8a46-f052-fdec32e6fa0d','0a9064ba-711f-5049-9300-c0cc88e1edf7','b9d25df4-8e9e-f917-f559-4872db0b9ea6','1','1','3bd1c61d-8445-3cb0-ce94-22446f2ff0b3',1507513836,1508812378,0),('14a51586-852a-c495-e8b9-64035939f188','0a9064ba-711f-5049-9300-c0cc88e1edf7','0a9064ba-711f-5049-9300-c0cc88e1edf7','0','1','b8497cc0-d857-5d5e-c040-a93ee12fd7c7',1505812315,1508812378,0),('1691afe2-5b14-4695-db98-d567546fae81','3e0b1448-7562-48cc-f885-3986a3bee7fa','3e0b1448-7562-48cc-f885-3986a3bee7fa','1','1','04342153-cd9c-728b-caba-657e45a17a31',1506582216,1508725248,1506588750),('18f83475-a285-e9fe-c82e-da5246f511ca','c3a9548d-832d-57f2-fdd9-18f9dc397fb5','3e0b1448-7562-48cc-f885-3986a3bee7fa','1','1','e11a2176-b513-2739-9ac4-cd070f31a9ba',1506562742,1508294440,1506562786),('19ae604c-cf6d-103c-58a2-fe19f6b2c462','3e0b1448-7562-48cc-f885-3986a3bee7fa','c3a9548d-832d-57f2-fdd9-18f9dc397fb5','1','1','04342153-cd9c-728b-caba-657e45a17a31',1506564350,1508725248,0),('207963b2-354c-00f4-69ca-535103b25434','b9d25df4-8e9e-f917-f559-4872db0b9ea6','b9d25df4-8e9e-f917-f559-4872db0b9ea6','1','1','4648861d-22c2-3cb2-1c63-cdb4175ef9ba',1508402788,1508485296,0),('20efb625-ba15-448e-ecf9-71d066ea24dd','0f584f9c-befb-a17e-b205-765cd7efde33','0f584f9c-befb-a17e-b205-765cd7efde33','1','1','e37d8284-8cd3-e716-d110-07b6e414c5b4',1508133667,1508745920,0),('246e56af-276f-90b9-a2b6-560f0f966f47','3e0b1448-7562-48cc-f885-3986a3bee7fa','0f584f9c-befb-a17e-b205-765cd7efde33','1','1','8b06b3e0-ec9d-afdf-daaf-f43b1a6c93cb',1507774826,1508725248,0),('2537e897-2aae-10f1-75a7-c37fa40181d0','3e0b1448-7562-48cc-f885-3986a3bee7fa','3e0b1448-7562-48cc-f885-3986a3bee7fa','1','1','6b06d05e-f26f-3fd5-1673-f8e005676c52',1508482001,1508725248,1508486381),('264cb448-830f-fa14-c858-ec8341be2c1a','16e1481c-86e7-b9a5-e707-a1b2cdf766c3','16e1481c-86e7-b9a5-e707-a1b2cdf766c3','1','1','d0a2a01b-189a-3eba-d78e-c8a577a501b4',1506609687,1508715476,0),('28737125-d3c6-1da4-be88-b56362cbce15','3e0b1448-7562-48cc-f885-3986a3bee7fa','3e0b1448-7562-48cc-f885-3986a3bee7fa','1','1','0164737b-832a-9b0c-20e4-f5b5582df1ae',1508294630,1508725248,1508486381),('296ef48d-e877-999f-eaec-97ed89ccb942','0a9064ba-711f-5049-9300-c0cc88e1edf7','c3a9548d-832d-57f2-fdd9-18f9dc397fb5','1','1','3bd1c61d-8445-3cb0-ce94-22446f2ff0b3',1506584010,1508812378,1506584014),('2a683270-9302-2ac4-9242-4d1057ab5a36','0f584f9c-befb-a17e-b205-765cd7efde33','3e0b1448-7562-48cc-f885-3986a3bee7fa','1','1','a7a0c05a-accd-5168-f9bb-4d66fd4cac2f',1507692277,1508745920,1507692280),('2adcd137-fee7-9e1b-2f28-6a88d94f0c8a','3e0b1448-7562-48cc-f885-3986a3bee7fa','3e0b1448-7562-48cc-f885-3986a3bee7fa','1','1','504e2916-900b-cfd2-8f61-ad504258130c',1508294628,1508725248,1508486381),('2bbacf96-dee8-9e07-e10a-82669e5e3fe5','3e0b1448-7562-48cc-f885-3986a3bee7fa','3e0b1448-7562-48cc-f885-3986a3bee7fa','1','1','04342153-cd9c-728b-caba-657e45a17a31',1506582085,1508725248,1506588750),('2be62b0e-4800-f032-41a2-72dc66f6d2b8','9175a40c-31f2-bbec-2134-27935378cf65','0a9064ba-711f-5049-9300-c0cc88e1edf7','1','0','5107f5b2-20a4-c51e-3795-2b8c896d27d4',1508813530,1508813546,1508813546),('2bf09698-ecd8-37eb-f415-10b49596c368','501969d6-b26d-bb2d-29e3-5264a923def0','0a9064ba-711f-5049-9300-c0cc88e1edf7','0','0','b8497cc0-d857-5d5e-c040-a93ee12fd7c7',1506067915,1506067915,0),('2c1bf358-3b1e-7495-50f9-f742f6ecc4a4','3e0b1448-7562-48cc-f885-3986a3bee7fa','3e0b1448-7562-48cc-f885-3986a3bee7fa','1','1','04342153-cd9c-728b-caba-657e45a17a31',1506582217,1508725248,1506588750),('2e0ed652-c235-91c8-4f28-d889cac8cf18','b9d25df4-8e9e-f917-f559-4872db0b9ea6','c3a9548d-832d-57f2-fdd9-18f9dc397fb5','1','1','358af815-4941-14ac-0452-f1a8fba8275c',1508403562,1508485296,0),('2ebca424-03c3-0000-0e02-9743dd4cfe4b','c3a9548d-832d-57f2-fdd9-18f9dc397fb5','3e0b1448-7562-48cc-f885-3986a3bee7fa','1','0','6762c128-32d1-1927-d207-b10afe424a83',1508314647,1508377089,1508377089),('2fccd09e-e1fb-a84e-0887-e4a11bdc559a','0a9064ba-711f-5049-9300-c0cc88e1edf7','0a9064ba-711f-5049-9300-c0cc88e1edf7','1','1','b3c7d689-096b-db19-30f4-1a99b572a7e9',1508395713,1508812378,1508396347),('31cc451b-ac5d-623b-34b0-01cddb20388c','3e0b1448-7562-48cc-f885-3986a3bee7fa','0a9064ba-711f-5049-9300-c0cc88e1edf7','1','1','5b12a713-93a1-7c68-f141-ad3989bdb2be',1506581471,1508725248,0),('33f39cbf-802b-2e93-9bfd-936813cfd01d','3e0b1448-7562-48cc-f885-3986a3bee7fa','3e0b1448-7562-48cc-f885-3986a3bee7fa','1','1','04342153-cd9c-728b-caba-657e45a17a31',1506582217,1508725248,1506588750),('351edef5-aae2-515b-bf98-ca02600f713a','0f584f9c-befb-a17e-b205-765cd7efde33','0a9064ba-711f-5049-9300-c0cc88e1edf7','1','1','2a2820a4-b1a3-56d4-633c-9eb49d2b11c4',1506581294,1508745920,0),('35f3f5da-3cc6-0251-96f2-d59cc758705f','c3a9548d-832d-57f2-fdd9-18f9dc397fb5','c3a9548d-832d-57f2-fdd9-18f9dc397fb5','1','1','2af2196f-1932-8cbb-e8ba-85220fb4d8f7',1507706276,1508294440,0),('35faa38e-163b-914e-1739-76158521e2f2','0a9064ba-711f-5049-9300-c0cc88e1edf7','0a9064ba-711f-5049-9300-c0cc88e1edf7','1','1','08d24c5e-f07b-7aa0-59e6-840e89752fe5',1506076832,1508812378,1506076903),('36bbb855-b559-549d-cfa2-64b59dd7ef36','c3a9548d-832d-57f2-fdd9-18f9dc397fb5','c3a9548d-832d-57f2-fdd9-18f9dc397fb5','1','1','3e979abd-a5e0-c999-6a62-61e593e292ff',1506563299,1508294440,0),('3728f481-7402-b1fd-d6fd-78b1f5e3f1a7','3e0b1448-7562-48cc-f885-3986a3bee7fa','3e0b1448-7562-48cc-f885-3986a3bee7fa','1','1','5b12a713-93a1-7c68-f141-ad3989bdb2be',1506583113,1508725248,1506583127),('3879cb9e-4ecb-53d8-19a5-145cc5747325','b9d25df4-8e9e-f917-f559-4872db0b9ea6','c3a9548d-832d-57f2-fdd9-18f9dc397fb5','1','1','32c48360-8c4a-c734-3a88-ece21859370a',1508403612,1508485296,1508403633),('390d7b90-26bf-b028-f9a9-d233ac822920','3e0b1448-7562-48cc-f885-3986a3bee7fa','3e0b1448-7562-48cc-f885-3986a3bee7fa','1','1','04342153-cd9c-728b-caba-657e45a17a31',1506582216,1508725248,1506588750),('39621cdc-c480-dd4c-7a02-dc4d136707a0','c3a9548d-832d-57f2-fdd9-18f9dc397fb5','c3a9548d-832d-57f2-fdd9-18f9dc397fb5','1','1','3ccf0d58-b206-a96e-1518-3a769b7e3339',1507690694,1508294440,0),('3b8a11c2-002b-4ecb-1128-91256da074c9','3e0b1448-7562-48cc-f885-3986a3bee7fa','3e0b1448-7562-48cc-f885-3986a3bee7fa','1','1','04342153-cd9c-728b-caba-657e45a17a31',1506582086,1508725248,1506588750),('3c802a9c-f4bc-9fac-6746-f422e95c4cda','bf670625-f384-b056-fab9-4c3f45314aa2','16e1481c-86e7-b9a5-e707-a1b2cdf766c3','1','1','5610b872-977b-c4d1-8837-47e78e96b57d',1506610215,1508573176,0),('3cb9cc5c-9040-33f5-c38f-ba30eb5c915f','3e0b1448-7562-48cc-f885-3986a3bee7fa','3e0b1448-7562-48cc-f885-3986a3bee7fa','1','1','3cb4b0cc-5783-07ac-8718-b3f7f560801f',1508483129,1508725248,1508486381),('40f5cd7a-0113-87cc-a81f-9643f768c1d6','c3a9548d-832d-57f2-fdd9-18f9dc397fb5','3e0b1448-7562-48cc-f885-3986a3bee7fa','1','1','3e979abd-a5e0-c999-6a62-61e593e292ff',1506562201,1508294440,1506563459),('41197510-e8a6-84f8-9427-629748b81a6f','c3a9548d-832d-57f2-fdd9-18f9dc397fb5','c3a9548d-832d-57f2-fdd9-18f9dc397fb5','1','0','9ac1fc7d-83a7-64f0-f16e-31a0633f41d3',1508401305,1508401305,0),('42bfc1b0-f8e0-b8f1-4354-af62310cea70','b9d25df4-8e9e-f917-f559-4872db0b9ea6','3e0b1448-7562-48cc-f885-3986a3bee7fa','0','1','9769a491-cac1-0843-1ddb-dcb1d31d7e39',1506414508,1508485296,0),('4322126f-890d-e204-ec75-6d8c2927e119','3e0b1448-7562-48cc-f885-3986a3bee7fa','3e0b1448-7562-48cc-f885-3986a3bee7fa','1','1','9df90f8a-c610-69a8-fbc2-041fd51637b4',1508294629,1508725248,1508486381),('4459f33b-1b28-ae93-4495-cd9119d32d0c','0f584f9c-befb-a17e-b205-765cd7efde33','0f584f9c-befb-a17e-b205-765cd7efde33','1','1','5eeddcdd-26e7-c877-fcf0-86b141db58c1',1508745909,1508745920,0),('45250082-2ca5-6819-eefe-8998a0e0caeb','c3a9548d-832d-57f2-fdd9-18f9dc397fb5','3e0b1448-7562-48cc-f885-3986a3bee7fa','1','1','f0dc0d69-7749-c6c6-3f33-63a914590a37',1507705840,1508294440,1507705969),('47569876-435f-24b0-6403-60efd68ed106','c3a9548d-832d-57f2-fdd9-18f9dc397fb5','3e0b1448-7562-48cc-f885-3986a3bee7fa','1','0','25e74ad0-a72e-e114-37bf-33dddbb8000f',1508314645,1508314645,0),('4a61425b-eb6e-0a93-6b97-b7113604e8ff','3e0b1448-7562-48cc-f885-3986a3bee7fa','0f584f9c-befb-a17e-b205-765cd7efde33','1','1','c5b09c3a-62f6-e847-b9f2-e9e6a4990f6f',1507772294,1508725248,0),('4ae2cd6a-cc35-93cd-8b5d-1c3961c62a5e','3e0b1448-7562-48cc-f885-3986a3bee7fa','3e0b1448-7562-48cc-f885-3986a3bee7fa','1','1','3cb4b0cc-5783-07ac-8718-b3f7f560801f',1508483128,1508725248,1508486381),('4b05efc6-d1da-f685-62ae-3126feac24bc','3e0b1448-7562-48cc-f885-3986a3bee7fa','c3a9548d-832d-57f2-fdd9-18f9dc397fb5','1','1','504e2916-900b-cfd2-8f61-ad504258130c',1508294458,1508725248,1508486381),('4b0cd83d-1c09-b104-ca7e-4924813232cb','3e0b1448-7562-48cc-f885-3986a3bee7fa','c3a9548d-832d-57f2-fdd9-18f9dc397fb5','1','1','89805f40-e9ad-5521-5f0f-17c3596b1140',1508402455,1508725248,1508486381),('4b254d5c-116c-932e-a9c2-3f12fc9e9999','b9d25df4-8e9e-f917-f559-4872db0b9ea6','b9d25df4-8e9e-f917-f559-4872db0b9ea6','1','1','358af815-4941-14ac-0452-f1a8fba8275c',1508394524,1508485296,0),('4e589bf7-8905-5569-0d0a-bbba4a5f3b7e','0a9064ba-711f-5049-9300-c0cc88e1edf7','3e0b1448-7562-48cc-f885-3986a3bee7fa','0','1','d41e5a2c-6891-fb5d-e30b-58ce9627f661',1506415016,1508812378,0),('4ed2c393-48c8-58bf-a95f-1cd03a834037','c3a9548d-832d-57f2-fdd9-18f9dc397fb5','3e0b1448-7562-48cc-f885-3986a3bee7fa','1','1','e11a2176-b513-2739-9ac4-cd070f31a9ba',1506562765,1508294440,1506562786),('5095a31f-de1f-1e52-bd13-344cf5823d1d','13225a3e-f16a-ebb0-450d-3a0a00ade5ca','3e0b1448-7562-48cc-f885-3986a3bee7fa','1','0','3b8ecbfa-0159-1846-dba0-7a7a99f8ece5',1506583813,1506583813,0),('52cecd96-3230-991c-ee12-b0ea6beb3253','3e0b1448-7562-48cc-f885-3986a3bee7fa','3e0b1448-7562-48cc-f885-3986a3bee7fa','1','1','4cfadde4-d0b9-6290-1cae-695c61530216',1506510960,1508725248,1506511579),('5574e1d3-c903-ac12-0a32-7ca48e28b291','3e0b1448-7562-48cc-f885-3986a3bee7fa','0f584f9c-befb-a17e-b205-765cd7efde33','1','1','2fae6eaa-1f5d-f545-ba39-b0e1cf164de4',1507772293,1508725248,0),('55ca32f8-86c6-07a9-7003-bc8a81b1571c','3e0b1448-7562-48cc-f885-3986a3bee7fa','3e0b1448-7562-48cc-f885-3986a3bee7fa','1','1','04342153-cd9c-728b-caba-657e45a17a31',1506582214,1508725248,1506588750),('56d15721-8ddb-b69d-9a51-124c1d8433fc','3e0b1448-7562-48cc-f885-3986a3bee7fa','3e0b1448-7562-48cc-f885-3986a3bee7fa','1','1','ce7c95c2-a1c3-2995-b0b8-78f041dc9428',1506562818,1508725248,1506562866),('5c75bded-9191-bd00-cee4-2ac28270e53b','c3a9548d-832d-57f2-fdd9-18f9dc397fb5','b9d25df4-8e9e-f917-f559-4872db0b9ea6','1','1','3e979abd-a5e0-c999-6a62-61e593e292ff',1506563399,1508294440,0),('5ed019a4-0c55-215f-05a7-951aa3ebf063','16e1481c-86e7-b9a5-e707-a1b2cdf766c3','16e1481c-86e7-b9a5-e707-a1b2cdf766c3','1','1','8884cca8-c547-0400-5b08-d7356c46d947',1508298100,1508715476,0),('5ed09c15-af33-5fe3-664d-92905884bef4','501969d6-b26d-bb2d-29e3-5264a923def9','3e0b1448-7562-48cc-f885-3986a3bee7fa','0','1','d41e5a2c-6891-fb5d-e30b-58ce9627f661',1506415016,1508587552,0),('6396de72-beb4-3538-bf3e-e44098dda3d9','c3a9548d-832d-57f2-fdd9-18f9dc397fb5','3e0b1448-7562-48cc-f885-3986a3bee7fa','1','1','e11a2176-b513-2739-9ac4-cd070f31a9ba',1506562783,1508294440,1506562786),('651c2a98-bac0-8700-9e07-8a9bc81bd7a6','c3a9548d-832d-57f2-fdd9-18f9dc397fb5','3e0b1448-7562-48cc-f885-3986a3bee7fa','1','1','e5b38229-d217-90ef-3229-39459b7e90e0',1507772169,1508294440,0),('652b5827-50e9-6d89-9754-928b18bee165','c3a9548d-832d-57f2-fdd9-18f9dc397fb5','3e0b1448-7562-48cc-f885-3986a3bee7fa','1','1','e11a2176-b513-2739-9ac4-cd070f31a9ba',1506562644,1508294440,1506562786),('693c99e4-f424-8fc6-e132-7c7bddd61fbb','0f584f9c-befb-a17e-b205-765cd7efde33','3e0b1448-7562-48cc-f885-3986a3bee7fa','1','1','2a2820a4-b1a3-56d4-633c-9eb49d2b11c4',1506583830,1508745920,0),('6a96b909-4891-2d4b-28e9-42db2866c313','3e0b1448-7562-48cc-f885-3986a3bee7fa','3e0b1448-7562-48cc-f885-3986a3bee7fa','1','1','308ee629-4dd7-a2e9-c257-437fb01c2b8c',1507719609,1508725248,0),('6ab8f48b-7515-a3b5-8702-3308cff0897f','c3a9548d-832d-57f2-fdd9-18f9dc397fb5','c3a9548d-832d-57f2-fdd9-18f9dc397fb5','1','0','37a1e2f6-aa23-f217-dcaa-add0dc1b9f37',1508401307,1508401307,0),('6e2ad77e-9d6d-2e2d-f94f-133db4f91041','0f584f9c-befb-a17e-b205-765cd7efde33','3e0b1448-7562-48cc-f885-3986a3bee7fa','1','1','a7a0c05a-accd-5168-f9bb-4d66fd4cac2f',1507692281,1508745920,0),('6fbdcf1e-a1a7-33aa-a1ad-9b33ce9858ab','9175a40c-31f2-bbec-2134-27935378cf65','0a9064ba-711f-5049-9300-c0cc88e1edf7','1','0','5107f5b2-20a4-c51e-3795-2b8c896d27d4',1508813505,1508813546,1508813546),('7237225c-5cbc-0e09-0312-e775168ab8aa','13225a3e-f16a-ebb0-450d-3a0a00ade5ca','3e0b1448-7562-48cc-f885-3986a3bee7fa','1','0','3b8ecbfa-0159-1846-dba0-7a7a99f8ece5',1506583796,1506583797,1506583797),('735e1605-e488-b8b2-2019-23be36342109','3e0b1448-7562-48cc-f885-3986a3bee7fa','3e0b1448-7562-48cc-f885-3986a3bee7fa','1','1','84c8da98-eb41-4492-5e9f-44cc54320ecd',1508481131,1508725248,1508486381),('777afe4e-3466-c99c-2c92-b8bd53a70dff','0a9064ba-711f-5049-9300-c0cc88e1edf7','0a9064ba-711f-5049-9300-c0cc88e1edf7','1','1','08d24c5e-f07b-7aa0-59e6-840e89752fe5',1506076359,1508812378,1506076903),('7817eb11-6a41-52fd-3931-61c597262f55','c3a9548d-832d-57f2-fdd9-18f9dc397fb5','c3a9548d-832d-57f2-fdd9-18f9dc397fb5','1','0','3a47812a-558d-c7c1-8448-3ee0c38daecb',1508401304,1508401304,0),('78c4c9e3-db7f-d412-6c40-0757a6fa45d1','0f584f9c-befb-a17e-b205-765cd7efde33','3e0b1448-7562-48cc-f885-3986a3bee7fa','1','1','218e90e3-b90d-0f44-228e-df0a9dbd3e7f',1507625078,1508745920,0),('7ab9c40b-a848-69ba-5b75-22a8c230c652','0a9064ba-711f-5049-9300-c0cc88e1edf7','0a9064ba-711f-5049-9300-c0cc88e1edf7','1','1','d5f3ccb0-5b26-adcb-1a62-54194b479cc5',1508770152,1508812378,1508770850),('7b1dbd33-8372-e53f-a2a6-0a973745a3f2','b9d25df4-8e9e-f917-f559-4872db0b9ea6','3e0b1448-7562-48cc-f885-3986a3bee7fa','0','1','33e4eec4-c074-5355-3754-8dae77a1d5f0',1506415109,1508485296,0),('7c63388a-3692-011a-e40c-598a76ce3d87','3e0b1448-7562-48cc-f885-3986a3bee7fa','3e0b1448-7562-48cc-f885-3986a3bee7fa','1','1','04342153-cd9c-728b-caba-657e45a17a31',1506582217,1508725248,1506588750),('7d3c1cfa-44a0-e89e-de1a-7a6336678491','c3a9548d-832d-57f2-fdd9-18f9dc397fb5','c3a9548d-832d-57f2-fdd9-18f9dc397fb5','1','0','f3fbb206-a3b6-f7c7-fd83-6f6d913b2500',1508401301,1508401308,1508401308),('7da8ffe3-2629-12d6-db50-5efa0762be06','c3a9548d-832d-57f2-fdd9-18f9dc397fb5','3e0b1448-7562-48cc-f885-3986a3bee7fa','1','0','7ccd467f-01a1-9f00-80e2-fa570fbbd2ff',1508314643,1508314643,0),('7dcca5ba-80b2-5a26-a6a8-df154fe2b95c','3e0b1448-7562-48cc-f885-3986a3bee7fa','3e0b1448-7562-48cc-f885-3986a3bee7fa','1','1','4cfadde4-d0b9-6290-1cae-695c61530216',1506511585,1508725248,0),('835861e8-50ea-1b43-784b-f9188fa5e150','b9d25df4-8e9e-f917-f559-4872db0b9ea6','b9d25df4-8e9e-f917-f559-4872db0b9ea6','1','1','03003c74-f434-a87a-d48b-7240a2dee97d',1508399554,1508485296,0),('855ee826-4a49-2c42-99c6-d5506103d111','b9d25df4-8e9e-f917-f559-4872db0b9ea6','3e0b1448-7562-48cc-f885-3986a3bee7fa','0','1','0905e064-d56c-bdd3-e8b0-485d5be7cdec',1506414708,1508485296,0),('87259651-10b7-afd7-4a1d-0daed0edded9','3e0b1448-7562-48cc-f885-3986a3bee7fa','0f584f9c-befb-a17e-b205-765cd7efde33','1','1','8e2cfb96-0e42-4942-16a0-475e506d98b4',1508151139,1508725248,0),('8911d27a-8214-779a-8963-e8284dee11f8','0a9064ba-711f-5049-9300-c0cc88e1edf7','0a9064ba-711f-5049-9300-c0cc88e1edf7','1','1','2d5b7298-f1c8-92d1-52b0-d38019ff7b47',1508391875,1508812378,1508396347),('8d2e4bdd-ac7c-5f19-48aa-b33ca40ec67c','0a9064ba-711f-5049-9300-c0cc88e1edf7','0a9064ba-711f-5049-9300-c0cc88e1edf7','0','1','5f114da3-b998-68b9-78c1-5602a308bd76',1506067885,1508812378,0),('8dda29d1-14f2-8a92-2df9-8bca6a7f83c1','0f584f9c-befb-a17e-b205-765cd7efde33','0a9064ba-711f-5049-9300-c0cc88e1edf7','1','1','baf0d7a4-0539-e612-db63-d7f9fda76b20',1506581479,1508745920,0),('8e207090-8792-ca5f-1f20-5266682934bd','c3a9548d-832d-57f2-fdd9-18f9dc397fb5','3e0b1448-7562-48cc-f885-3986a3bee7fa','1','1','338ec863-e311-bfc1-f412-8e2f2d175ff8',1507597607,1508294440,1507601186),('903ae3a7-4d68-66f0-77ad-5111fe2f300e','3e0b1448-7562-48cc-f885-3986a3bee7fa','3e0b1448-7562-48cc-f885-3986a3bee7fa','1','1','04342153-cd9c-728b-caba-657e45a17a31',1506582215,1508725248,1506588750),('9146244b-acce-b521-5bec-80fd8531a76c','16e1481c-86e7-b9a5-e707-a1b2cdf766c3','16e1481c-86e7-b9a5-e707-a1b2cdf766c3','1','1','4d9309db-b6a3-0715-de50-3618262a420b',1506609599,1508715476,0),('94ee436f-0f7d-cbf3-d412-6d7b9c282c79','3e0b1448-7562-48cc-f885-3986a3bee7fa','0f584f9c-befb-a17e-b205-765cd7efde33','1','1','5b12a713-93a1-7c68-f141-ad3989bdb2be',1506580344,1508725248,0),('9514b10f-a005-c11c-8e09-10b1d8598e19','b9d25df4-8e9e-f917-f559-4872db0b9ea6','b9d25df4-8e9e-f917-f559-4872db0b9ea6','1','1','e5e42162-ee2f-3982-ae69-71333e21f7a2',1508485093,1508485296,0),('96a17f7b-f51a-2d5b-b239-e1bd73961621','3e0b1448-7562-48cc-f885-3986a3bee7fa','0f584f9c-befb-a17e-b205-765cd7efde33','1','1','9537498d-58a8-d79d-fae6-fcf47d074954',1507772238,1508725248,0),('981a869f-4f71-ff3e-bfc7-62e125553e12','3e0b1448-7562-48cc-f885-3986a3bee7fa','3e0b1448-7562-48cc-f885-3986a3bee7fa','1','1','4cfadde4-d0b9-6290-1cae-695c61530216',1506510910,1508725248,1506511579),('99a9396f-71bf-f9e9-8bb7-2e561cbca797','3e0b1448-7562-48cc-f885-3986a3bee7fa','c3a9548d-832d-57f2-fdd9-18f9dc397fb5','1','1','0164737b-832a-9b0c-20e4-f5b5582df1ae',1508294457,1508725248,1508486381),('9ac19e25-3f80-1360-7de1-57a6b7f4a9ad','16e1481c-86e7-b9a5-e707-a1b2cdf766c3','16e1481c-86e7-b9a5-e707-a1b2cdf766c3','1','1','ee606678-a5d0-2a6f-2293-225ad3f9b55a',1508209962,1508715476,1508298041),('9b715c7f-7c2b-4c01-442e-86c8a756d8fb','3e0b1448-7562-48cc-f885-3986a3bee7fa','3e0b1448-7562-48cc-f885-3986a3bee7fa','1','1','04342153-cd9c-728b-caba-657e45a17a31',1506582086,1508725248,1506588750),('9d3eddae-dea7-44a2-55b7-5979c9f4fbce','16e1481c-86e7-b9a5-e707-a1b2cdf766c3','16e1481c-86e7-b9a5-e707-a1b2cdf766c3','1','1','151b5941-f671-6400-df3c-8080e4a4e998',1506610211,1508715476,0),('a37f854d-34df-84cf-2a15-97bc509587ad','16e1481c-86e7-b9a5-e707-a1b2cdf766c3','16e1481c-86e7-b9a5-e707-a1b2cdf766c3','1','1','6d016893-bd69-77d5-9196-1148836374b0',1506610216,1508715476,0),('a519f55c-b206-0b18-9276-63be45e14266','3e0b1448-7562-48cc-f885-3986a3bee7fa','3e0b1448-7562-48cc-f885-3986a3bee7fa','1','1','ce7c95c2-a1c3-2995-b0b8-78f041dc9428',1506562825,1508725248,1506562866),('a9448821-4fd7-3eb7-1236-7b2e59fbbe41','3e0b1448-7562-48cc-f885-3986a3bee7fa','3e0b1448-7562-48cc-f885-3986a3bee7fa','1','1','5b12a713-93a1-7c68-f141-ad3989bdb2be',1506583122,1508725248,1506583127),('a99234ab-0162-d574-e4b3-35505e1d50b7','13225a3e-f16a-ebb0-450d-3a0a00ade5ca','3e0b1448-7562-48cc-f885-3986a3bee7fa','1','0','3b8ecbfa-0159-1846-dba0-7a7a99f8ece5',1506583776,1506583797,1506583797),('aca4399c-84b5-4025-b7f0-36c8e05effc6','0a9064ba-711f-5049-9300-c0cc88e1edf7','0a9064ba-711f-5049-9300-c0cc88e1edf7','1','1','08d24c5e-f07b-7aa0-59e6-840e89752fe5',1506076782,1508812378,1506076903),('ad1a9bb2-ab3b-671a-9ab2-4267871f315c','3e0b1448-7562-48cc-f885-3986a3bee7fa','c3a9548d-832d-57f2-fdd9-18f9dc397fb5','1','1','9537498d-58a8-d79d-fae6-fcf47d074954',1507718611,1508725248,0),('ade20187-fb80-e29c-ae2d-7d2bb34d2e31','b9d25df4-8e9e-f917-f559-4872db0b9ea6','3e0b1448-7562-48cc-f885-3986a3bee7fa','0','1','624d23bd-61b5-2be5-4935-a4a3eab96c8c',1506414456,1508485296,0),('af6020e4-578e-9c1d-fb1b-1434e260732a','3e0b1448-7562-48cc-f885-3986a3bee7fa','3e0b1448-7562-48cc-f885-3986a3bee7fa','1','1','84c8da98-eb41-4492-5e9f-44cc54320ecd',1508481124,1508725248,1508486381),('af7b5956-4aee-9e5c-d407-66239ea524dc','501969d6-b26d-bb2d-29e3-5264a923def0','0a9064ba-711f-5049-9300-c0cc88e1edf7','0','0','707a6f6c-01f8-a174-80d4-29ca291be878',1506067688,1506067688,0),('afada12d-0a70-bbba-23c2-2d8b8addcd55','0f584f9c-befb-a17e-b205-765cd7efde33','13225a3e-f16a-ebb0-450d-3a0a00ade5ca','1','1','2a2820a4-b1a3-56d4-633c-9eb49d2b11c4',1506581474,1508745920,0),('b4d85024-666c-f9a4-8672-d138625dd4f3','9175a40c-31f2-bbec-2134-27935378cf65','0a9064ba-711f-5049-9300-c0cc88e1edf7','1','0','5107f5b2-20a4-c51e-3795-2b8c896d27d4',1508813521,1508813546,1508813546),('b826f676-7fb6-72fe-5fd3-8a58fe74b0f5','3e0b1448-7562-48cc-f885-3986a3bee7fa','0f584f9c-befb-a17e-b205-765cd7efde33','1','1','6b06d05e-f26f-3fd5-1673-f8e005676c52',1508485452,1508725248,1508486381),('bd7f3993-4109-1c78-31ea-838a325fff0f','3e0b1448-7562-48cc-f885-3986a3bee7fa','c3a9548d-832d-57f2-fdd9-18f9dc397fb5','1','1','308ee629-4dd7-a2e9-c257-437fb01c2b8c',1507718611,1508725248,0),('c09fd803-496f-444c-6b49-023918ac41b7','0a9064ba-711f-5049-9300-c0cc88e1edf7','c3a9548d-832d-57f2-fdd9-18f9dc397fb5','1','1','3bd1c61d-8445-3cb0-ce94-22446f2ff0b3',1506584013,1508812378,1506584014),('c0f75e1d-f87c-cc70-9168-6f195d1ce816','bf670625-f384-b056-fab9-4c3f45314aa2','bf670625-f384-b056-fab9-4c3f45314aa2','1','1','5610b872-977b-c4d1-8837-47e78e96b57d',1506610067,1508573176,0),('c1cbafbf-215e-8b22-1111-1783ef82634d','3e0b1448-7562-48cc-f885-3986a3bee7fa','c3a9548d-832d-57f2-fdd9-18f9dc397fb5','1','1','9df90f8a-c610-69a8-fbc2-041fd51637b4',1508294459,1508725248,1508486381),('c6aaf9aa-296c-2716-52b2-ac3c5c08411f','16e1481c-86e7-b9a5-e707-a1b2cdf766c3','bf670625-f384-b056-fab9-4c3f45314aa2','1','1','151b5941-f671-6400-df3c-8080e4a4e998',1506610068,1508715476,0),('c88ad79c-c0d4-fc8a-09de-15b4759c58ed','3e0b1448-7562-48cc-f885-3986a3bee7fa','3e0b1448-7562-48cc-f885-3986a3bee7fa','1','1','ce7c95c2-a1c3-2995-b0b8-78f041dc9428',1506562738,1508725248,1506562866),('ca2355b5-6d48-7dcb-a515-dac07f8a9217','0f584f9c-befb-a17e-b205-765cd7efde33','16e1481c-86e7-b9a5-e707-a1b2cdf766c3','1','1','dd75e47f-a83d-2841-8afb-6da0e6047b41',1508134246,1508745920,0),('cbf9e51f-27bf-b33a-2f45-61887c04f981','0a9064ba-711f-5049-9300-c0cc88e1edf7','0a9064ba-711f-5049-9300-c0cc88e1edf7','1','1','08d24c5e-f07b-7aa0-59e6-840e89752fe5',1506075806,1508812378,1506076903),('cc3f7050-d1ce-cc99-c70f-4798b2634735','3e0b1448-7562-48cc-f885-3986a3bee7fa','3e0b1448-7562-48cc-f885-3986a3bee7fa','1','1','3cb4b0cc-5783-07ac-8718-b3f7f560801f',1508483129,1508725248,1508486381),('cf745502-fef6-1158-3af7-758f2aa06bbe','b9d25df4-8e9e-f917-f559-4872db0b9ea6','c3a9548d-832d-57f2-fdd9-18f9dc397fb5','1','1','32c48360-8c4a-c734-3a88-ece21859370a',1508403394,1508485296,1508403633),('cf809d27-4a92-fc1b-efa7-1f3fbec4d34a','16e1481c-86e7-b9a5-e707-a1b2cdf766c3','3e0b1448-7562-48cc-f885-3986a3bee7fa','1','1','8884cca8-c547-0400-5b08-d7356c46d947',1508225626,1508715476,0),('d07a76cb-b8db-c61c-a50e-455e8f1d4ba6','c3a9548d-832d-57f2-fdd9-18f9dc397fb5','b9d25df4-8e9e-f917-f559-4872db0b9ea6','1','1','3e979abd-a5e0-c999-6a62-61e593e292ff',1506563389,1508294440,1506563397),('d1ce4eef-fec1-3026-dc82-da76f0c659ac','b9d25df4-8e9e-f917-f559-4872db0b9ea6','c3a9548d-832d-57f2-fdd9-18f9dc397fb5','1','1','32c48360-8c4a-c734-3a88-ece21859370a',1508403645,1508485296,0),('d205012d-6a89-76aa-373b-eddf9a4e2fbf','16e1481c-86e7-b9a5-e707-a1b2cdf766c3','bf670625-f384-b056-fab9-4c3f45314aa2','1','1','6d016893-bd69-77d5-9196-1148836374b0',1506611479,1508715476,0),('d261669a-329a-2096-3ab7-4c054c533239','3e0b1448-7562-48cc-f885-3986a3bee7fa','3e0b1448-7562-48cc-f885-3986a3bee7fa','1','1','04342153-cd9c-728b-caba-657e45a17a31',1506582083,1508725248,1506588750),('d7659f63-6c06-4ca8-14e7-a2e221de10bf','3e0b1448-7562-48cc-f885-3986a3bee7fa','3e0b1448-7562-48cc-f885-3986a3bee7fa','1','1','3cb4b0cc-5783-07ac-8718-b3f7f560801f',1508483130,1508725248,1508486381),('de624ded-8b89-df49-d16d-b87d5ac84ea3','c3a9548d-832d-57f2-fdd9-18f9dc397fb5','3e0b1448-7562-48cc-f885-3986a3bee7fa','1','0','0a294b7f-8057-bdf4-58ef-079f8ebe027d',1508314648,1508314648,0),('de78bb9a-c601-7186-9694-cfebcb427af8','3e0b1448-7562-48cc-f885-3986a3bee7fa','3e0b1448-7562-48cc-f885-3986a3bee7fa','1','1','ce7c95c2-a1c3-2995-b0b8-78f041dc9428',1506562254,1508725248,1506562866),('deade5b6-b1d2-8ab3-ed7d-5b72a9720668','0f584f9c-befb-a17e-b205-765cd7efde33','3e0b1448-7562-48cc-f885-3986a3bee7fa','1','1','caf48562-c68b-3cf1-450d-d4d23fd55c33',1507603825,1508745920,0),('dee87039-9ece-4369-571e-02de34f67154','13225a3e-f16a-ebb0-450d-3a0a00ade5ca','3e0b1448-7562-48cc-f885-3986a3bee7fa','1','0','3b8ecbfa-0159-1846-dba0-7a7a99f8ece5',1506583755,1506583797,1506583797),('df7a3f73-df47-763a-2f55-894414f945de','16e1481c-86e7-b9a5-e707-a1b2cdf766c3','16e1481c-86e7-b9a5-e707-a1b2cdf766c3','1','1','3648d598-8bfa-e158-02c8-262650972c87',1508227848,1508715476,0),('df7dba2d-808b-7358-eb93-ac9f1e721009','0a9064ba-711f-5049-9300-c0cc88e1edf7','0a9064ba-711f-5049-9300-c0cc88e1edf7','1','1','2031f797-ba51-cb25-db01-16473279d822',1508482794,1508813334,1508813334),('e3280aa7-547f-0c32-d692-0bf2fa3cd923','0a9064ba-711f-5049-9300-c0cc88e1edf7','0a9064ba-711f-5049-9300-c0cc88e1edf7','1','1','d27b16c0-6e58-5871-697a-5493e2339798',1508770467,1508812378,1508770850),('e856514e-5e5b-f0b8-e26f-75c6240eb861','3e0b1448-7562-48cc-f885-3986a3bee7fa','3e0b1448-7562-48cc-f885-3986a3bee7fa','1','1','04342153-cd9c-728b-caba-657e45a17a31',1506582218,1508725248,1506588750),('ea42a60f-5b31-40c8-9541-e3df8e219b6c','16e1481c-86e7-b9a5-e707-a1b2cdf766c3','16e1481c-86e7-b9a5-e707-a1b2cdf766c3','1','1','151b5941-f671-6400-df3c-8080e4a4e998',1506610208,1508715476,1506610210),('ea4ce6fd-7353-68d9-32a8-eec97d73731a','3e0b1448-7562-48cc-f885-3986a3bee7fa','0f584f9c-befb-a17e-b205-765cd7efde33','1','1','04342153-cd9c-728b-caba-657e45a17a31',1506572764,1508725248,0),('f193d87c-4e08-630b-302e-7813a3484bad','501969d6-b26d-bb2d-29e3-5264a923def9','0a9064ba-711f-5049-9300-c0cc88e1edf7','0','1','5f114da3-b998-68b9-78c1-5602a308bd76',1506067885,1508587552,0),('f1fd23a4-a561-4a0f-8434-19654baff405','13225a3e-f16a-ebb0-450d-3a0a00ade5ca','3e0b1448-7562-48cc-f885-3986a3bee7fa','1','0','3b8ecbfa-0159-1846-dba0-7a7a99f8ece5',1506583769,1506583797,1506583797),('f271eb0d-71fb-cacb-e520-a51a76902bda','3e0b1448-7562-48cc-f885-3986a3bee7fa','3e0b1448-7562-48cc-f885-3986a3bee7fa','1','1','3cb4b0cc-5783-07ac-8718-b3f7f560801f',1508483128,1508725248,1508486381),('f2b25391-04f7-8765-dbad-30a66c636734','3e0b1448-7562-48cc-f885-3986a3bee7fa','3e0b1448-7562-48cc-f885-3986a3bee7fa','1','1','ce7c95c2-a1c3-2995-b0b8-78f041dc9428',1506562862,1508725248,1506562866),('f2e3a949-6d71-b7a9-6c0c-987b0b6c686e','b9d25df4-8e9e-f917-f559-4872db0b9ea6','3e0b1448-7562-48cc-f885-3986a3bee7fa','0','1','12ee1cce-adce-d245-7c2e-a90711fc00a9',1506414740,1508485296,0),('f680ebc9-92e0-4ba1-f460-c9061fa71c22','0f584f9c-befb-a17e-b205-765cd7efde33','0f584f9c-befb-a17e-b205-765cd7efde33','1','1','e645267e-daf4-4e39-790e-03c0d6785b7b',1508314338,1508745920,0),('f86de16e-e099-1041-dbd1-c1eb8f19f014','501969d6-b26d-bb2d-29e3-5264a923def9','0a9064ba-711f-5049-9300-c0cc88e1edf7','0','1','707a6f6c-01f8-a174-80d4-29ca291be878',1506067688,1508587552,0),('fb731255-c8a7-633c-6b95-47e097c84f87','0a9064ba-711f-5049-9300-c0cc88e1edf7','0a9064ba-711f-5049-9300-c0cc88e1edf7','1','1','ab4f9b18-3f2a-8432-0be6-eb9450d9197c',1508205787,1508812378,1508396347),('fd93c722-b43d-5dc3-5d62-2d61e3732d57','b9d25df4-8e9e-f917-f559-4872db0b9ea6','b9d25df4-8e9e-f917-f559-4872db0b9ea6','1','1','32c48360-8c4a-c734-3a88-ece21859370a',1508403387,1508485296,0);

#
# Structure for table "xds_recharge"
#

DROP TABLE IF EXISTS `xds_recharge`;
CREATE TABLE `xds_recharge` (
  `id` int(11) NOT NULL AUTO_INCREMENT,
  `user_id` char(36) NOT NULL DEFAULT '0' COMMENT '充值用户ID',
  `total_fee` decimal(10,2) NOT NULL DEFAULT '0.00' COMMENT '充值金额',
  `out_trade_no` varchar(32) NOT NULL DEFAULT '' COMMENT '系统内部订单号，要求32个字符内，只能是数字、大小写字母_-|*@ ，且在同一个商户号下唯一。',
  `prepay_id` varchar(100) DEFAULT NULL COMMENT '订单微信支付的预订单id（用于发送模板消息）',
  `status` tinyint(3) NOT NULL DEFAULT '0' COMMENT '0：未支付  1：已支付',
  `create_time` int(11) NOT NULL DEFAULT '0' COMMENT '订单创建时间',
  `update_time` int(10) NOT NULL DEFAULT '0' COMMENT '更新订单状态时间',
  PRIMARY KEY (`id`),
  KEY `user_id` (`user_id`,`out_trade_no`,`status`)
) ENGINE=InnoDB AUTO_INCREMENT=47 DEFAULT CHARSET=utf8 COMMENT='充值表';

#
# Data for table "xds_recharge"
#

INSERT INTO `xds_recharge` VALUES (1,'0a9064ba-711f-5049-9300-c0cc88e1edf7',0.01,'A831651224789325',NULL,0,1504165122,1504165122),(2,'0a9064ba-711f-5049-9300-c0cc88e1edf7',0.01,'A831652073143610',NULL,0,1504165207,1504165207),(3,'0a9064ba-711f-5049-9300-c0cc88e1edf7',0.01,'A831652654722839',NULL,0,1504165265,1504165265),(4,'0a9064ba-711f-5049-9300-c0cc88e1edf7',0.01,'A831653176605432',NULL,0,1504165317,1504165317),(5,'0a9064ba-711f-5049-9300-c0cc88e1edf7',0.01,'A831653546833674',NULL,0,1504165354,1504165354),(6,'0a9064ba-711f-5049-9300-c0cc88e1edf7',0.01,'A831653792742874',NULL,0,1504165379,1504165379),(7,'0a9064ba-711f-5049-9300-c0cc88e1edf7',0.01,'A831654336723090',NULL,0,1504165433,1504165433),(8,'0a9064ba-711f-5049-9300-c0cc88e1edf7',0.01,'A831656081469243',NULL,0,1504165608,1504165608),(9,'0a9064ba-711f-5049-9300-c0cc88e1edf7',0.01,'A831659955432043','wx20170901114414151de0a88b0185848662',0,1504165995,1504237516),(10,'0a9064ba-711f-5049-9300-c0cc88e1edf7',0.01,'A831680489285070','wx201709011056238f318d45650355899405',0,1504168049,1504234645),(11,'0a9064ba-711f-5049-9300-c0cc88e1edf7',16.88,'A901379125965895','wx20170901115133bde858dcda0601456091',0,1504237912,1504237955),(12,'3e0b1448-7562-48cc-f885-3986a3bee7fa',2.00,'A915420576887101',NULL,0,1505442057,1505442057),(13,'3e0b1448-7562-48cc-f885-3986a3bee7fa',1.00,'A915427413135442','wx2017091510322106cd76905d0609956381',0,1505442741,1505442741),(14,'3e0b1448-7562-48cc-f885-3986a3bee7fa',1.00,'A915432140327075','wx20170915104014dc72ea1dd90767927507',0,1505443214,1505443214),(15,'3e0b1448-7562-48cc-f885-3986a3bee7fa',1.00,'A915432504367540','wx201709151040509b65db72c50850218844',0,1505443250,1505443250),(16,'3e0b1448-7562-48cc-f885-3986a3bee7fa',1.00,'A915433772411620','wx2017091510425711d969993d0012293854',0,1505443377,1505443377),(17,'3e0b1448-7562-48cc-f885-3986a3bee7fa',1.00,'A915436809648040','wx20170915104801cf30c7f87d0237422669',0,1505443680,1505443681),(18,'3e0b1448-7562-48cc-f885-3986a3bee7fa',1.00,'A915437032202036','wx20170915104823fb5526b12c0196351516',0,1505443703,1505443703),(19,'3e0b1448-7562-48cc-f885-3986a3bee7fa',1.00,'A915444634149839','wx201709151101033975281c830713625520',0,1505444463,1505444463),(20,'c3a9548d-832d-57f2-fdd9-18f9dc397fb5',1.00,'A915446948903488','wx201709151104558e3e6fcd070795889363',0,1505444694,1505444695),(21,'3e0b1448-7562-48cc-f885-3986a3bee7fa',1.00,'A915449972266720','wx20170915110957b15b08a9a20901606308',0,1505444997,1505444997),(22,'c3a9548d-832d-57f2-fdd9-18f9dc397fb5',1.00,'A915450172782902','wx201709151110174f12f1c29a0722429360',0,1505445017,1505445017),(23,'3e0b1448-7562-48cc-f885-3986a3bee7fa',1.00,'A915455707944399','wx20170915111931bce787205d0894006658',0,1505445570,1505445571),(24,'c3a9548d-832d-57f2-fdd9-18f9dc397fb5',0.02,'A915461635328200','wx20170915112924ec303e45160083986014',0,1505446163,1505446164),(25,'3e0b1448-7562-48cc-f885-3986a3bee7fa',0.02,'A915462055897272','wx20170915113005b696609f1a0157044256',0,1505446205,1505446206),(26,'c3a9548d-832d-57f2-fdd9-18f9dc397fb5',0.03,'A915463877773854','wx20170915113308559e786ace0986447765',0,1505446387,1505446388),(27,'c3a9548d-832d-57f2-fdd9-18f9dc397fb5',0.04,'A915464806908597','wx20170915113441e7d7710b0a0978717118',0,1505446480,1505446481),(28,'c3a9548d-832d-57f2-fdd9-18f9dc397fb5',0.04,'A915469257547897','wx201709151142064c74926dfd0596281834',0,1505446925,1505446926),(29,'c3a9548d-832d-57f2-fdd9-18f9dc397fb5',0.01,'A915472711731095','wx2017091511475115af16195e0548924637',0,1505447271,1505447271),(30,'c3a9548d-832d-57f2-fdd9-18f9dc397fb5',0.06,'A915476478649901','wx201709151154080dfa0d04240173764482',0,1505447647,1505447648),(31,'c3a9548d-832d-57f2-fdd9-18f9dc397fb5',0.01,'A915479723775104','wx201709151159326f942127b50725816138',0,1505447972,1505447972),(32,'0a9064ba-711f-5049-9300-c0cc88e1edf7',0.10,'A915481452967494','wx201709151202251238768bd50396130606',0,1505448145,1505448145),(33,'0a9064ba-711f-5049-9300-c0cc88e1edf7',0.01,'A915497386577225','wx201709151228595dee06a3360953842642',1,1505449738,1505449739),(34,'0a9064ba-711f-5049-9300-c0cc88e1edf7',0.01,'A915499781979578','wx20170915123258e2f3cb11e70344961389',1,1505449978,1505449978),(35,'c3a9548d-832d-57f2-fdd9-18f9dc397fb5',0.01,'A915614399237088','wx20170915154400d66ec233490121373770',1,1505461439,1505461440),(36,'3e0b1448-7562-48cc-f885-3986a3bee7fa',0.01,'A915640423292503','wx2017091516272224305f16900729361808',1,1505464042,1505464042),(37,'3e0b1448-7562-48cc-f885-3986a3bee7fa',0.02,'A915640662823509','wx20170915162746a15268cd030539513071',1,1505464066,1505464066),(38,'3e0b1448-7562-48cc-f885-3986a3bee7fa',0.01,'A915641370446829','wx20170915162857a7d94243d40557368144',1,1505464137,1505464137),(39,'3e0b1448-7562-48cc-f885-3986a3bee7fa',0.01,'A918297562112702','wx2017091818155644bb6b7d520104754032',0,1505729756,1505729756),(40,'c3a9548d-832d-57f2-fdd9-18f9dc397fb5',0.01,'A920947564557210','wx2017092016055685e73c6eb60359610038',1,1505894756,1505894756),(41,'b9d25df4-8e9e-f917-f559-4872db0b9ea6',99999996.00,'A921647121328116',NULL,0,1505964712,1505964712),(42,'0a9064ba-711f-5049-9300-c0cc88e1edf7',0.01,'A926152750453398','wx20170926164115645a0c70a20314248362',1,1506415275,1506415275),(43,'16e1481c-86e7-b9a5-e707-a1b2cdf766c3',0.01,'A926154233522390','wx201709261643433f37328fea0844761789',1,1506415423,1506415423),(44,'0a9064ba-711f-5049-9300-c0cc88e1edf7',0.06,'A927977336586948','wx2017092715353392e053d0a70632646916',1,1506497733,1506497734),(45,'0a9064ba-711f-5049-9300-c0cc88e1edf7',0.01,'A927977619881161','wx2017092715360213319bfcfe0102877902',1,1506497762,1506497762),(46,'0a9064ba-711f-5049-9300-c0cc88e1edf7',0.01,'A927977809842074','wx20170927153621f88c1855850377666314',1,1506497781,1506497781);

#
# Structure for table "xds_report"
#

DROP TABLE IF EXISTS `xds_report`;
CREATE TABLE `xds_report` (
  `Id` int(11) NOT NULL AUTO_INCREMENT,
  `content` varchar(255) NOT NULL DEFAULT '' COMMENT '投诉内容',
  `images` varchar(512) NOT NULL DEFAULT '' COMMENT '图片json数组',
  `user_id` char(36) NOT NULL DEFAULT '' COMMENT '投诉人ID',
  `community_id` char(36) NOT NULL DEFAULT '' COMMENT '行动社ID',
  `create_time` int(10) unsigned NOT NULL DEFAULT '0' COMMENT '投诉时间',
  PRIMARY KEY (`Id`),
  KEY `user_id` (`user_id`,`community_id`)
) ENGINE=InnoDB AUTO_INCREMENT=32 DEFAULT CHARSET=utf8 COMMENT='投诉表';

#
# Data for table "xds_report"
#

INSERT INTO `xds_report` VALUES (1,'62559261','','0a9064ba-711f-5049-9300-c0cc88e1edf7','892c80b0-750c-0742-c6a4-5c1105285bee',1503909404),(2,'62559261','','0a9064ba-711f-5049-9300-c0cc88e1edf7','892c80b0-750c-0742-c6a4-5c1105285bee',1503909421),(3,'62559261','','0a9064ba-711f-5049-9300-c0cc88e1edf7','892c80b0-750c-0742-c6a4-5c1105285bee',1503910305),(4,'62559261','','0a9064ba-711f-5049-9300-c0cc88e1edf7','892c80b0-750c-0742-c6a4-5c1105285bee',1503910458),(5,'62559261','','0a9064ba-711f-5049-9300-c0cc88e1edf7','892c80b0-750c-0742-c6a4-5c1105285bee',1503910527),(6,'投诉内容','','0a9064ba-711f-5049-9300-c0cc88e1edf7','76826caa-6894-f6b9-3ac3-de33e01879c2',1508724574),(7,'投诉内容','','0a9064ba-711f-5049-9300-c0cc88e1edf7','76826caa-6894-f6b9-3ac3-de33e01879c2',1508724674),(8,'投诉内容','','0a9064ba-711f-5049-9300-c0cc88e1edf7','76826caa-6894-f6b9-3ac3-de33e01879c2',1508726052),(9,'投诉内容','','0a9064ba-711f-5049-9300-c0cc88e1edf7','76826caa-6894-f6b9-3ac3-de33e01879c2',1508726065),(10,'投诉内容','','0a9064ba-711f-5049-9300-c0cc88e1edf7','76826caa-6894-f6b9-3ac3-de33e01879c2',1508726321),(11,'投诉内容','','0a9064ba-711f-5049-9300-c0cc88e1edf7','76826caa-6894-f6b9-3ac3-de33e01879c2',1508726341),(12,'投诉内容02','','0a9064ba-711f-5049-9300-c0cc88e1edf7','76826caa-6894-f6b9-3ac3-de33e01879c2',1508726376),(13,'投诉内容02','','0a9064ba-711f-5049-9300-c0cc88e1edf7','76826caa-6894-f6b9-3ac3-de33e01879c2',1508726446),(14,'投诉内容02','','0a9064ba-711f-5049-9300-c0cc88e1edf7','76826caa-6894-f6b9-3ac3-de33e01879c2',1508726547),(15,'投诉内容02','[\"http:\\/\\/auth.xingdongshe.com\\/sdfds\",\"http:\\/\\/auth.xingdongshe.com\\/images\\/20170817164138599556c2e26bd.jpg\"]','0a9064ba-711f-5049-9300-c0cc88e1edf7','76826caa-6894-f6b9-3ac3-de33e01879c2',1508726826),(16,'投诉内容02','[\"http:\\/\\/auth.xingdongshe.com\\/sdfds\",\"http:\\/\\/auth.xingdongshe.com\\/images\\/20170817164138599556c2e26bd.jpg\"]','0a9064ba-711f-5049-9300-c0cc88e1edf7','76826caa-6894-f6b9-3ac3-de33e01879c2',1508726925),(17,'投诉内容02','[\"http:\\/\\/auth.xingdongshe.com\\/sdfds\",\"http:\\/\\/auth.xingdongshe.com\\/images\\/20170817164138599556c2e26bd.jpg\"]','0a9064ba-711f-5049-9300-c0cc88e1edf7','76826caa-6894-f6b9-3ac3-de33e01879c2',1508727022),(18,'投诉内容02','[\"http:\\/\\/auth.xingdongshe.com\\/sdfds\",\"http:\\/\\/auth.xingdongshe.com\\/images\\/20170817164138599556c2e26bd.jpg\"]','0a9064ba-711f-5049-9300-c0cc88e1edf7','76826caa-6894-f6b9-3ac3-de33e01879c2',1508727119),(19,'111','','0f584f9c-befb-a17e-b205-765cd7efde33','67ff98d2-677b-fb18-8dad-83a39b2e8766',1508728256),(20,'111','','0f584f9c-befb-a17e-b205-765cd7efde33','67ff98d2-677b-fb18-8dad-83a39b2e8766',1508728292),(21,'%11111','','0f584f9c-befb-a17e-b205-765cd7efde33','67ff98d2-677b-fb18-8dad-83a39b2e8766',1508728304),(22,'投诉内容02','[\"http:\\/\\/auth.xingdongshe.com\\/sd-fds\",\"http:\\/\\/auth.xingdongshe.com\\/images\\/20170817164138599556c2e26bd.jpg\"]','0a9064ba-711f-5049-9300-c0cc88e1edf7','76826caa-6894-f6b9-3ac3-de33e01879c2',1508730284),(23,'投诉内容02','[\"http:\\/\\/xds-test.oss-cn-beijing.aliyuncs.com\\/user-dir\\/aasB1qQeu2EfHPvwxPJ2PP4WBFQjjHcU.png\",\"http:\\/\\/auth.xingdongshe.com\\/images\\/20170817164138599556c2e26bd.jpg\"]','0a9064ba-711f-5049-9300-c0cc88e1edf7','76826caa-6894-f6b9-3ac3-de33e01879c2',1508730645),(24,'111','[\"http:\\/\\/xds-test.oss-cn-beijing.aliyuncs.com\\/user-dir\\/aasB1qQeu2EfHPvwxPJ2PP4WBFQjjHcU.png\"]','3e0b1448-7562-48cc-f885-3986a3bee7fa','a7e3276b-95c7-806f-c6c9-a6d004011c15',1508730506),(25,'111','[\"http:\\/\\/xds-test.oss-cn-beijing.aliyuncs.com\\/user-dir\\/7SDJeu1jPrrDUpCUE8H05h3snHL9wf1f.png\"]','0f584f9c-befb-a17e-b205-765cd7efde33','892c80b0-750c-0742-c6a4-5c1105285bee',1508730665),(26,'','[\"http:\\/\\/xds-test.oss-cn-beijing.aliyuncs.com\\/user-dir\\/Uw8k4iRzsp4HvJ2iE4t3dunTcgFL0Kjt.png\"]','0f584f9c-befb-a17e-b205-765cd7efde33','892c80b0-750c-0742-c6a4-5c1105285bee',1508731135),(27,'11111','','0f584f9c-befb-a17e-b205-765cd7efde33','892c80b0-750c-0742-c6a4-5c1105285bee',1508731372),(28,'11111','','0f584f9c-befb-a17e-b205-765cd7efde33','892c80b0-750c-0742-c6a4-5c1105285bee',1508731491),(29,'哦耶','[\"http:\\/\\/xds-test.oss-cn-beijing.aliyuncs.com\\/user-dir\\/aLQWWwer6FG9LeGePrpaTwQJK3ecnqPY.png\"]','0a9064ba-711f-5049-9300-c0cc88e1edf7','ec685e49-3456-6a37-8220-be6bb35868ae',1508770576),(30,'1111','','3e0b1448-7562-48cc-f885-3986a3bee7fa','58d153d9-1702-e225-7cbc-59a453386bca',1508826600),(31,'11111','[\"http:\\/\\/xds-test.oss-cn-beijing.aliyuncs.com\\/user-dir\\/F7vQBTfSL43nTUpXXtiTJRvmKxr8DCtL.png\",\"http:\\/\\/xds-test.oss-cn-beijing.aliyuncs.com\\/user-dir\\/Xe2KbC8fFpGX2jCzYwX9tcuwg24viqLb.png\",\"http:\\/\\/xds-test.oss-cn-beijing.aliyuncs.com\\/user-dir\\/teEckpkJundefinedTgc54c2fKg5b99undefinedujLgn5cF.png\"]','c3a9548d-832d-57f2-fdd9-18f9dc397fb5','a39fb9d1-42fb-96e6-9a4a-4e38e85237f6',1508835197);

#
# Structure for table "xds_route"
#

DROP TABLE IF EXISTS `xds_route`;
CREATE TABLE `xds_route` (
  `id` int(11) NOT NULL AUTO_INCREMENT COMMENT '路由ID',
  `full_url` varchar(255) NOT NULL DEFAULT '' COMMENT '完整url',
  `url` varchar(255) NOT NULL DEFAULT '' COMMENT '实际显示的url',
  PRIMARY KEY (`id`)
) ENGINE=InnoDB DEFAULT CHARSET=utf8 COMMENT='url路由表';

#
# Data for table "xds_route"
#


#
# Structure for table "xds_task"
#

DROP TABLE IF EXISTS `xds_task`;
CREATE TABLE `xds_task` (
  `id` char(36) NOT NULL DEFAULT '',
  `act_plan_id` char(36) NOT NULL DEFAULT '' COMMENT '所属行动计划ID',
  `name` varchar(100) NOT NULL DEFAULT '' COMMENT '任务标题',
  `requirement` varchar(255) NOT NULL DEFAULT '' COMMENT '任务要求',
  `content` text COMMENT '文章内容',
  `reference_time` int(11) unsigned NOT NULL DEFAULT '0' COMMENT '参考时间',
  `release` enum('0','1') NOT NULL DEFAULT '1' COMMENT '0 未发布 1 发布',
  `order` tinyint(3) NOT NULL DEFAULT '0' COMMENT '排序',
  `create_time` int(10) unsigned NOT NULL DEFAULT '0' COMMENT '创建时间',
  `update_time` int(10) unsigned NOT NULL DEFAULT '0' COMMENT '更新时间',
  `delete_time` int(10) unsigned NOT NULL DEFAULT '0' COMMENT '删除时间',
  PRIMARY KEY (`id`),
  KEY `post_date` (`create_time`) USING BTREE,
  KEY `type_status_date` (`create_time`,`id`),
  KEY `act_plan_id` (`act_plan_id`,`release`,`order`)
) ENGINE=InnoDB DEFAULT CHARSET=utf8 ROW_FORMAT=COMPACT COMMENT='任务表';

#
# Data for table "xds_task"
#

INSERT INTO `xds_task` VALUES ('013b34fc-b394-0ffe-0227-7ec54c5478d5','728162a2-06b2-0053-7c30-d0a7e1350d7c','2222','啊啊啊啊啊','啊啊啊啊',7200,'1',0,1508117738,1508117738,0),('09e2c2af-710d-8f61-d777-26c77bfa5d87','a88b4fc0-0652-d590-a162-4574de7b903d','这是第一个行动计划的任务=\'No.6\'=','这是要求','这里是富文本',3600,'1',0,1505440518,1505440518,0),('0a302ff0-3640-57cf-0f45-1f028d4a1602','503025f3-04d9-2d41-3d57-e18a662b443a','有毒の行动社里面的第一个任务','这个要求很随意','这个内容也很随意',5040,'1',0,1508139990,1508139990,0),('118f7269-0bc0-924d-655b-433734a3859b','d5d1eb94-bebd-1f2f-bf31-23e1616f935e','阿什顿发','阿什顿发','手动阀',90060,'1',0,1507531347,1507531347,0),('14043c7f-ae32-3ab6-fb63-d3498b681e94','9b047d08-5096-6a4e-2603-7629673c3bf2','二二二','啊啊啊啊啊','去去去去去',1800,'1',0,1508117510,1508117510,0),('17954399-c74e-383a-9aec-e94c0091f6b6','728162a2-06b2-0053-7c30-d0a7e1350d7c','3','333','啊啊啊啊',3000,'1',0,1508117751,1508117751,0),('1b618d9c-9627-081b-15b5-0a07a5325c80','80e0efd0-7232-cd54-72fd-57b6811cb81f','这是任务标题','这是任务要求','这里是任务内容这里是任务内容这里是任务内容这里是任务内容这里是任务内容这里是任务内容这里是任务内容这里是任务内容这里是任务内容这里是任务内容这里是任务内容这里是任务内容这里是任务内容这里是任务内容这里是任务内容这里是任务内容这里是任务内容这里是任务内容这里是任务内容这里是任务内容这里是任务内容这里是任务内容这里是任务内容这里是任务内容这里是任务内容这里是任务内容这里是任务内容这里是任务内容这里是任务内容这里是任务内容这里是任务内容这里是任务内容这里是任务内容这里是任务内容这里是任务内容这里是任务内容这里是任务内容这里是任务内容这里是任务内容',90060,'1',0,1507601065,1508223287,0),('1e2686f7-03f0-0f7e-5a78-2622479d527b','503025f3-04d9-2d41-3d57-e18a662b443a','第二个有毒の任务','要求随意','内容也随意',1200,'1',0,1508140232,1508140232,0),('1ff69d65-69e5-a17b-573e-a7803be0c4d0','80e0efd0-7232-cd54-72fd-57b6811cb81f','这是任务标题2','这是任务要求2','这是任务内容2这是任务内容2这是任务内容2这是任务内容2这是任务内容2这是任务内容2这是任务内容2这是任务内容2这是任务内容2这是任务内容2这是任务内容2这是任务内容2这是任务内容2这是任务内容2这是任务内容2这是任务内容2这是任务内容2这是任务内容2这是任务内容2这是任务内容2这是任务内容2这是任务内容2这是任务内容2这是任务内容2这是任务内容2这是任务内容2这是任务内容2',3660,'1',0,1507601163,1508210541,0),('27d86532-42f9-3d5c-9281-acbfd72645e9','6a7a3466-99be-d490-393b-862199fff6a4','普通模式任务二','啊啊啊啊啊','啊啊啊啊啊',3660,'1',0,1508117428,1508117685,0),('28950890-b846-b9a8-d865-d1eaea5b2028','194d762c-b1c4-1a41-94cb-249da58a1378','1111','1111','111',3600,'1',0,1508138653,1508138653,0),('29dd9f08-f196-29f6-774d-fcf315fc9984','7683c426-100a-8ba0-aec7-6377c0d997fc','挑战者模式的任务','如题就是挑战者模式的任务','这是内容....还是个富文本',86580,'1',0,1507627933,1508219899,0),('2b4fe32f-3f42-501a-b6ee-aa8726c6b6c5','b9819e90-164e-4728-1729-0a2683d27359','1111','1111','去无为让人\n\n<img class=\"cont-li\" src=\"http://xds-test.oss-cn-beijing.aliyuncs.com/user-dir/Jf04g5EsBE8xGfuS3ss32r0fj3QVsv35.png\">\n<img class=\"cont-li\" src=\"http://xds-test.oss-cn-beijing.aliyuncs.com/user-dir/v9vea2BQJKVLmCHR8XSH6nxGms7xb48t.png\">\n333',10800,'1',0,1508825194,1508825194,0),('2b6bf72c-8ec7-c31b-0bbc-2159ecd48d57','6d68daf3-4f26-5b4c-229b-9907453a8781','有毒の普通任务','要求普通','普通的内容',900,'1',0,1508140290,1508140290,0),('302a8246-5094-4c9f-2dc5-eb47a36a6e75','e71e2036-6d73-5aa4-471f-df9c2d1d1bcf','挑战者模式2小时','随意','随意',7200,'1',0,1508482012,1508482012,0),('3158d469-b897-15fc-4f75-8c55d746087b','6898ecc5-cb5b-c7cd-0cfc-79706b8a5473','孔明年吧唧唧复唧唧','踢我怒气冲天火车了吗','孔明灯木耳机了吧台词藻类植物',7320,'1',0,1507703826,1507703826,0),('3cb98cf2-c72e-af54-dc22-ecef111300db','8e53a120-c0cc-dde6-9cfe-e52ec40723b4','咯呃','苦力','来找我骂我一顿酒喝了酒啊啊啊',2940,'1',0,1507704068,1507704068,0),('3d035606-710a-ebfe-8d09-4029ba4914dc','4ca6236d-d2e9-dd27-24b2-6f02459cbbe8','父爱发热不饿了','else阿瑟侧踏','鹅解决的',120,'1',0,1507790861,1507790861,0),('3ddc3170-8166-d78e-2a48-bbc32fbc4dd5','0f6f6fba-c7ab-a432-d47a-0ff04b75a972','行动计划002','002简介','1',1,'1',0,1504766152,1505270742,0),('49bf4c81-63a1-e06a-1074-8908cc0b1c42','185b6957-3732-3ca0-3b96-8fd9a7295363','行动01','要求01','内容',123,'1',0,1504694707,1504694707,0),('5583ed7c-0e88-920c-915f-30fbefb00246','c8b749ba-86bf-deaa-82a4-59dc7db14975','搜的噶a打的费','噶','连接口连接',91260,'1',0,1507541471,1508219933,0),('58ffae94-60b3-17ab-c02a-6a9d89c55e97','d400d687-795f-e3eb-caa4-e3401f4bc348','是啊我们在乎了……','这么晚餐饭店铺地址第一天啊','这种族风光秀丽挺拔着一个人电脑课本书记述着的感觉，是从什么时候开始喜欢',300,'1',0,1507702905,1507702905,0),('5df33d44-89fe-881e-5365-858f0c1b1e2f','b9819e90-164e-4728-1729-0a2683d27359','2222','2222','啊啊啊啊啊',3600,'1',0,1508826204,1508826204,0),('60975bc2-94cc-0444-d70e-05e43da39506','728162a2-06b2-0053-7c30-d0a7e1350d7c','111','222','啊啊啊啊',5400,'1',0,1508117723,1508117723,0),('633b6005-6e2d-75ea-c823-d96ca3fe5745','185b6957-3732-3ca0-3b96-8fd9a7295363','行动任务001','001要求','asdfg',123,'1',0,1503988088,1503990071,0),('64f9cfc6-e48d-9591-46fb-0fc94fdd1df2','88e7a1f0-40d1-deb5-95a5-0d878f177e2a','来了','狼来了','哈哈哈',4620,'1',0,1508392174,1508392174,0),('6514a394-7ea8-d382-f590-eb5581a5e2e1','0f6f6fba-c7ab-a432-d47a-0ff04b75a972','行动任务003','http://api.xingdongshe.com/images/nx-xds-logo.jpg','内容003',10,'1',0,1504765247,1504765247,0),('73712a59-9576-ca4e-e74d-c73d55690694','a88b4fc0-0652-d590-a162-4574de7b903d','这是第一个行动计划的任务=\'No.8\'=','这是要求','这里是富文本',3600,'1',0,1505440529,1505440529,0),('746cabe0-e8b0-28ed-6dae-8ccfc46ed786','48e7eb69-8b48-3ca2-e575-836db28c5256','一切成一','是啊你是','是因为一个人电脑课外读物资格局局长被动吸烟有害物质对象征性地走以一个个喜爱情片子了偌大一个人打算盘珠子都市女性主义与其说得到了很大声音乐会员了。我的人都有一点点小事就可以理解能力',480,'1',0,1508832835,1508832835,0),('7ec15eea-4006-7bc0-5c7b-fff9db542380','9b047d08-5096-6a4e-2603-7629673c3bf2','sisisisi','哈哈哈哈','啦啦啦啦啦',3600,'1',0,1508117554,1508117554,0),('8b47815b-0f9c-0811-3a6a-accc9e4acdbd','6a7a3466-99be-d490-393b-862199fff6a4','333','444','啊啊啊',5400,'1',0,1508117676,1508117676,0),('8ed0eb3d-f5f8-c5d3-b99e-e5a545df1333','9b047d08-5096-6a4e-2603-7629673c3bf2','55555','囡囡囡囡囡囡囡囡','急急急急急急急急',5400,'1',0,1508117573,1508117573,0),('928bdd96-4660-9978-42af-df214e337973','4ca6236d-d2e9-dd27-24b2-6f02459cbbe8','阿莫西林路','乱伦大杂烩','咯门族兔兔我太漂亮了激动啥呢你说的话吧我在看电影吧！',300,'1',0,1507703157,1507703157,0),('953d295c-70f1-b3ad-1754-dac6b41e996c','a88b4fc0-0652-d590-a162-4574de7b903d','这是第一个行动计划的任务=\'No.2\'=','这是要求','这里是富文本',3600,'1',0,1505440016,1505440016,0),('9640b6ff-ce79-e0e1-8d29-1a1b66135e36','c8b749ba-86bf-deaa-82a4-59dc7db14975','搜的噶','噶','连接口连接',127260,'1',0,1507600816,1508210611,0),('98ae2bac-d471-e9c6-9269-8bcd37fd0734','b9819e90-164e-4728-1729-0a2683d27359','4444','444','444',14400,'1',0,1508826260,1508826260,0),('98e06976-1bcf-f0b8-e15a-40fa5608ec06','6a7a3466-99be-d490-393b-862199fff6a4','111','111','<div class=\"audioPlayer2\"><audio  preload=\"auto\" controls name=\"media\"><source src=\"http://xds-mts-output.oss-cn-beijing.aliyuncs.com/wx_download_2017102410190959eea31d6fc6d_oss.mp3\"></audio></div>\n啦啦啦啦啦啦\n<img class=\"cont-li\" src=\"http://xds-test.oss-cn-beijing.aliyuncs.com/user-dir/TVCV5CvTGVJ9e0G6hQHkE5Pc9ndc2TtT.png\">\n哈哈哈哈哈哈哈\n<img class=\"cont-li\" src=\"http://xds-test.oss-cn-beijing.aliyuncs.com/user-dir/TVCV5CvTGVJ9e0G6hQHkE5Pc9ndc2TtT.png\">\n略略略\n<img class=\"cont-li\" src=\"http://xds-test.oss-cn-beijing.aliyuncs.com/user-dir/KHqntV7P7XGqmjwG4zbTundefinedGTTeD0xu9cw.png\">\n<div class=\"audioPlayer2 mt30 mb30\"><audio  preload=\"auto\" controls name=\"media\"><source src=\"http://xds-mts-output.oss-cn-beijing.aliyuncs.com/wx_download_2017102411173659eeb0d05cf97_oss.mp3\"></audio></div>\n哈哈哈哈哈\n你说什么，你再说一遍，信不信我打你啊啊啊啊啊啊啊哈哈哈哈哈略略略',3600,'1',0,1508811600,1508815094,0),('9eb360c0-96e2-7e75-8993-0d36ea4b62d0','e71e2036-6d73-5aa4-471f-df9c2d1d1bcf','挑战者模式30分钟','随意','随意',108000,'1',0,1508481984,1508481984,0),('a2c640ce-b17d-3aba-f717-d3548e9f93bc','c8b749ba-86bf-deaa-82a4-59dc7db14975','这是创建的第三个任务','这个要求很严苛','如题',300,'1',0,1507600877,1507600877,0),('a322d304-07a1-28bd-7813-713183c02ffb','66ab003d-e034-25d1-265d-d5e61fd5536f','普通的30分钟','如题','空',108000,'1',0,1508481839,1508481839,0),('a4905edc-7437-6126-6702-6c08788d0758','0f6f6fba-c7ab-a432-d47a-0ff04b75a972','行动任务002','http://api.xingdongshe.com/images/nx-xds-logo.jpg','内容',10,'1',0,1504764979,1504764979,0),('a8df1893-914e-b953-b611-65feae4aa56d','194d762c-b1c4-1a41-94cb-249da58a1378','222','222','222',3600,'1',0,1508138665,1508138665,0),('af9fe8bf-5cfd-d26b-0a7d-adb73a2ace25','d400d687-795f-e3eb-caa4-e3401f4bc348','创建第二个任务','要求很随意','内容也很随意',7200,'1',0,1508139819,1508139819,0),('b0068dd2-5320-791b-1dee-f6ba0d6835ed','4ca6236d-d2e9-dd27-24b2-6f02459cbbe8','恶略了额吉','哦了热天','发热啊确立',300,'1',0,1507790818,1507790818,0),('b6a3f322-b8d2-f462-1eee-c348f227fd1a','b9819e90-164e-4728-1729-0a2683d27359','333','333','啊啊啊啊啊啊',3600,'1',0,1508826247,1508826247,0),('b871952c-bca8-4471-3fa5-e6c6bc0b7523','0f6f6fba-c7ab-a432-d47a-0ff04b75a972','行动任务003','http://api.xingdongshe.com/images/nx-xds-logo.jpg','内容003',10,'1',0,1504765290,1504765290,0),('bb31e2b5-57dc-e86b-f9ae-82530643ec8d','b9819e90-164e-4728-1729-0a2683d27359','6666','6666','666',3600,'1',0,1508826351,1508826351,0),('ca5cdd78-bf94-f2e7-029e-5fecd7af8d82','a88b4fc0-0652-d590-a162-4574de7b903d','这是第一个行动计划的任务=\'No.7\'=','这是要求','这里是富文本',3600,'1',0,1505440525,1505440525,0),('cbd72e5a-70b9-6f50-70dd-5106c30c69cc','6a7a3466-99be-d490-393b-862199fff6a4','333','5555','哈哈哈哈哈哈就\n<img class=\"cont-li\" src=\"http://xds-test.oss-cn-beijing.aliyuncs.com/user-dir/SrU3g4qg5nedEtSQLCdPJjfE03V5rKyD.png\">\n\n<div class=\"audioPlayer2 mt30 mb30\"><audio  preload=\"auto\" controls name=\"media\"><source src=\"http://xds-mts-output.oss-cn-beijing.aliyuncs.com/wx_download_2017102410371559eea75b7e6dd_oss.mp3\"></audio></div>\n啦啦啦啦啦啦啦\n咩咩咩咩咩咩\n咔咔咔咔咔咔咔咔咔咔',3600,'1',0,1508812671,1508812671,0),('cc8e8e8b-82c6-5456-9f61-06e9c260db2f','e71e2036-6d73-5aa4-471f-df9c2d1d1bcf','挑战者模式3分钟','随意','随意',180,'1',0,1508481953,1508481953,0),('cd3705ef-4b19-a65c-e7df-437b1e102967','9b047d08-5096-6a4e-2603-7629673c3bf2','任务三','啊啊啊啊啊','啊啊啊啊',3000,'1',0,1508117535,1508117535,0),('dca3a198-7ce1-ce66-0ca1-62398d61d881','a88b4fc0-0652-d590-a162-4574de7b903d','这是第一个行动计划的任务=\'No.5\'=','这是要求','这里是富文本',3600,'1',0,1505440033,1505440033,0),('dd1ef873-6004-ba20-817e-611f1c9cffc5','6a7a3466-99be-d490-393b-862199fff6a4','普通模式任务一','啊啊啊啊啊','内容',2400,'1',0,1508117398,1508117694,0),('df7f6b77-f32d-c6e9-493a-03604d45d675','4ca6236d-d2e9-dd27-24b2-6f02459cbbe8','车站北路口','剃明天就走了','妹子们家啊！你太坏蛋疼啊',7260,'1',0,1508226162,1508226185,0),('e2c26d1f-2db0-513b-1343-201bce4d7d64','a88b4fc0-0652-d590-a162-4574de7b903d','这是第一个行动计划的任务=\'No.1\'=','这是要求','这里是富文本',3600,'1',0,1505440007,1505440007,0),('e644ba4a-6de0-861b-6750-729dfaf71947','9b047d08-5096-6a4e-2603-7629673c3bf2','普通加挑战者任务一','啊啊啊啊','1111',10800,'1',0,1508117488,1508117488,0),('e8670851-b6d2-8e46-6eeb-82ac1fefdbf1','6898ecc5-cb5b-c7cd-0cfc-79706b8a5473','都打野生动物学','来咯五涂涂鸦天狗','不锻炼乐了？',7200,'1',0,1507790924,1507790924,0),('eb1943e0-8492-a24c-a5f3-a9bfb9effdf8','e4162903-c02c-3690-04b6-43234093607c','控制住','弄一下就简介','脱模魔性这些了九洲城',7200,'1',0,1507704017,1507704017,0),('ec02aeb2-ee15-141f-87ed-777b88060832','a88b4fc0-0652-d590-a162-4574de7b903d','这是第一个行动计划的任务=\'No.3\'=','这是要求','这里是富文本',3600,'1',0,1505440025,1505440025,0),('ec579ef9-23a9-860a-01ba-8bb5246b5ebc','4ca6236d-d2e9-dd27-24b2-6f02459cbbe8','图谋不轨哭','左右了我啥事儿童医院检查的天','侯吉哦可哦哟哟你不会有人要我的事',540,'1',0,1507703433,1507703433,0),('ecbf3ca5-1d5e-18fb-b10d-2d57eaa4ba08','a88b4fc0-0652-d590-a162-4574de7b903d','这是第一个行动计划的任务=\'No.6\'=','这是要求','这里是富文本',3600,'1',0,1505440038,1505440038,0),('f10fc0ab-1f57-33b2-1030-2de0ae440a6f','66ab003d-e034-25d1-265d-d5e61fd5536f','普通模式的任务','如题','随便吧',300,'1',0,1508481800,1508481800,0),('f231e480-77a6-737e-1ce2-ec1eb76f633d','67342c86-f436-a536-0be6-4e99b43eb66a','这里是任务标题','这里是任务简介','试试看',600,'1',0,1508211287,1508211300,0),('f31b0c5f-fb5c-9c11-fe08-cab86170f733','b9819e90-164e-4728-1729-0a2683d27359','555','555','哈哈哈哈哈',3600,'1',0,1508826338,1508826338,0),('f75d9b53-f8c3-9a65-b412-5b4e53a5be9b','185b6957-3732-3ca0-3b96-8fd9a7295363','行动','要求','内容',123,'1',0,1504682510,1504682510,0),('f9e1d587-6e0c-0614-58c1-3bac00df6655','a88b4fc0-0652-d590-a162-4574de7b903d','这是第一个行动计划的任务=\'No.9\'=','这是要求','这里是富文本',3600,'1',0,1505440534,1505440534,0),('fda89456-a12a-4155-a363-9b5a1184a185','a88b4fc0-0652-d590-a162-4574de7b903d','这是第一个行动计划的任务=\'No.4\'=','这是要求','这里是富文本',3600,'1',0,1505440029,1505440029,0),('ff91a0db-84fa-19b0-5383-e32d1eddf5e9','4ca6236d-d2e9-dd27-24b2-6f02459cbbe8','恶略可怕模具胶','打决绝拉肚欧克欧克','发热量色狼嘟噜嘟噜',240,'1',0,1507790841,1507790841,0);

#
# Structure for table "xds_task_accelerate"
#

DROP TABLE IF EXISTS `xds_task_accelerate`;
CREATE TABLE `xds_task_accelerate` (
  `id` int(11) NOT NULL AUTO_INCREMENT,
  `task_id` char(36) NOT NULL DEFAULT '' COMMENT '所属任务ID',
  `user_id` char(36) NOT NULL DEFAULT '' COMMENT '获得助力加速的用户ID',
  `from_user_id` char(36) NOT NULL DEFAULT '' COMMENT '给予助力加速的用户ID',
  `create_time` int(10) NOT NULL DEFAULT '0',
  PRIMARY KEY (`id`),
  KEY `task_id` (`task_id`,`user_id`,`from_user_id`)
) ENGINE=InnoDB AUTO_INCREMENT=6 DEFAULT CHARSET=utf8 COMMENT='任务加速表';

#
# Data for table "xds_task_accelerate"
#

INSERT INTO `xds_task_accelerate` VALUES (1,'a4905edc-7437-6126-6702-6c08788d0758','86966993-d3e4-e722-223d-bf16fc2e8421','0a9064ba-711f-5049-9300-c0cc88e1edf7',1505440844),(2,'a4905edc-7437-6126-6702-6c08788d0758','cb2395b7-7660-7134-85c9-612d4f4c74b5','0a9064ba-711f-5049-9300-c0cc88e1edf7',1505442867),(3,'a4905edc-7437-6126-6702-6c08788d0758','cb2395b7-7660-7134-85c9-612d4f4c74b5','0a9064ba-711f-5049-9300-c0cc88e1edf7',1505459827),(5,'fda89456-a12a-4155-a363-9b5a1184a185','b9d25df4-8e9e-f917-f559-4872db0b9ea6','0a9064ba-711f-5049-9300-c0cc88e1edf7',1505468132);

#
# Structure for table "xds_task_feedback"
#

DROP TABLE IF EXISTS `xds_task_feedback`;
CREATE TABLE `xds_task_feedback` (
  `id` char(36) NOT NULL DEFAULT '',
  `task_id` char(36) NOT NULL DEFAULT '0' COMMENT '所属任务ID',
  `user_id` char(36) NOT NULL DEFAULT '0' COMMENT '发起反馈的用户ID',
  `to_user_id` char(36) NOT NULL DEFAULT '0' COMMENT '审核反馈的用户ID',
  `content` varchar(255) NOT NULL DEFAULT '' COMMENT '反馈内容',
  `location` varchar(255) NOT NULL DEFAULT '' COMMENT '地理位置',
  `status` enum('0','1','2','3') NOT NULL DEFAULT '0' COMMENT '0 待审核 1 未通过审核 2 审核通过 3 失效',
  `reason` varchar(255) NOT NULL DEFAULT '' COMMENT '未通过审核原因',
  `create_time` int(10) unsigned NOT NULL DEFAULT '0' COMMENT '创建时间',
  `update_time` int(10) unsigned NOT NULL DEFAULT '0' COMMENT '更新时间',
  PRIMARY KEY (`id`),
  KEY `task_id` (`task_id`,`user_id`,`to_user_id`,`status`)
) ENGINE=InnoDB DEFAULT CHARSET=utf8 COMMENT='任务反馈表';

#
# Data for table "xds_task_feedback"
#

INSERT INTO `xds_task_feedback` VALUES ('2be44d12-5fcb-25bf-eb73-696447c0922a','928bdd96-4660-9978-42af-df214e337973','b9d25df4-8e9e-f917-f559-4872db0b9ea6','0f584f9c-befb-a17e-b205-765cd7efde33','就写这么多吧','','0','',1508221865,1508221865),('8a7701f9-8455-d5f7-366d-1c4f8dc9e587','3158d469-b897-15fc-4f75-8c55d746087b','b9d25df4-8e9e-f917-f559-4872db0b9ea6','0f584f9c-befb-a17e-b205-765cd7efde33','这是这个任务的反馈信息','','0','',1508227521,1508227521),('8df43440-514a-02bb-b31a-9d9d0271b056','ec579ef9-23a9-860a-01ba-8bb5246b5ebc','b9d25df4-8e9e-f917-f559-4872db0b9ea6','0f584f9c-befb-a17e-b205-765cd7efde33','反馈的内容有:1.....2.....3.....','','0','',1508742151,1508742151),('e5545839-621b-d9c3-8231-8c1b3c196f14','ecbf3ca5-1d5e-18fb-b10d-2d57eaa4ba08','0a9064ba-711f-5049-9300-c0cc88e1edf7','0a9064ba-711f-5049-9300-c0cc88e1edf7','反馈内容','Japan','1','审核失败原因',1505991427,1506052905),('f5545839-621b-d9c3-8231-8c1b3c196f13','a4905edc-7437-6126-6702-6c08788d0758','0a9064ba-711f-5049-9300-c0cc88e1edf7','499d7c58-08b3-45e6-1a12-ab99c53f596b','afddasjfjd;a','中国','0','1',1505721906,1505721906),('f5545839-621b-d9c3-8231-8c1b3c196f15','a4905edc-7437-6126-6702-6c08788d0758','0a9064ba-711f-5049-9300-c0cc88e1edf7','499d7c58-08b3-45e6-1a12-ab99c53f596b','反馈内容','Japan','0','审核失败原因',1505721906,1505721906);

#
# Structure for table "xds_task_feedback_users"
#

DROP TABLE IF EXISTS `xds_task_feedback_users`;
CREATE TABLE `xds_task_feedback_users` (
  `id` int(11) NOT NULL AUTO_INCREMENT,
  `community_id` char(36) NOT NULL DEFAULT '' COMMENT '行动社ID',
  `user_id` char(36) NOT NULL DEFAULT '' COMMENT '管理员或社长ID',
  `tag` int(11) unsigned NOT NULL DEFAULT '1' COMMENT '当前被分配任务次数',
  `create_time` int(11) NOT NULL DEFAULT '0',
  `update_time` int(11) unsigned NOT NULL DEFAULT '0',
  PRIMARY KEY (`id`),
  KEY `community_id` (`community_id`,`user_id`,`tag`,`create_time`)
) ENGINE=InnoDB AUTO_INCREMENT=6 DEFAULT CHARSET=utf8 COMMENT='随机反馈用户ID记录表';

#
# Data for table "xds_task_feedback_users"
#

INSERT INTO `xds_task_feedback_users` VALUES (1,'76826caa-6894-f6b9-3ac3-de33e01879c2','cb2395b7-7660-7134-85c9-612d4f4c74b5',2,1507689369,1507721021),(2,'76826caa-6894-f6b9-3ac3-de33e01879c2','13225a3e-f16a-ebb0-450d-3a0a00ade5ca',1,1507689369,1507721021),(3,'76826caa-6894-f6b9-3ac3-de33e01879c2','3e0b1448-7562-48cc-f885-3986a3bee7fa',1,1507689369,1507721021),(4,'76826caa-6894-f6b9-3ac3-de33e01879c2','86966993-d3e4-e722-223d-bf16fc2e8421',1,1507719427,1507721021),(5,'9b3c8069-acba-6686-3e35-a3dbc4872d8d','0f584f9c-befb-a17e-b205-765cd7efde33',2,1508221865,1508742208);

#
# Structure for table "xds_task_record"
#

DROP TABLE IF EXISTS `xds_task_record`;
CREATE TABLE `xds_task_record` (
  `user_id` char(36) NOT NULL DEFAULT '' COMMENT '操作人ID',
  `task_id` char(36) NOT NULL DEFAULT '' COMMENT '行动计划ID',
  `type` enum('0','1') NOT NULL DEFAULT '0' COMMENT '操作类型 0 创建 1 编辑',
  `create_time` int(11) NOT NULL DEFAULT '0' COMMENT '操作时间',
  KEY `user_id` (`user_id`,`task_id`,`type`,`create_time`)
) ENGINE=InnoDB DEFAULT CHARSET=utf8 ROW_FORMAT=COMPACT COMMENT='操作记录';

#
# Data for table "xds_task_record"
#

INSERT INTO `xds_task_record` VALUES ('0a9064ba-711f-5049-9300-c0cc88e1edf7','633b6005-6e2d-75ea-c823-d96ca3fe5745','0',1503988089),('0a9064ba-711f-5049-9300-c0cc88e1edf7','633b6005-6e2d-75ea-c823-d96ca3fe5745','1',1503990006),('0a9064ba-711f-5049-9300-c0cc88e1edf7','633b6005-6e2d-75ea-c823-d96ca3fe5745','1',1503990063),('0a9064ba-711f-5049-9300-c0cc88e1edf7','633b6005-6e2d-75ea-c823-d96ca3fe5745','1',1503990071),('0a9064ba-711f-5049-9300-c0cc88e1edf7','f75d9b53-f8c3-9a65-b412-5b4e53a5be9b','0',1504682510),('0a9064ba-711f-5049-9300-c0cc88e1edf7','49bf4c81-63a1-e06a-1074-8908cc0b1c42','0',1504694707),('0a9064ba-711f-5049-9300-c0cc88e1edf7','6514a394-7ea8-d382-f590-eb5581a5e2e1','0',1504765247),('0a9064ba-711f-5049-9300-c0cc88e1edf7','b871952c-bca8-4471-3fa5-e6c6bc0b7523','0',1504765291),('0a9064ba-711f-5049-9300-c0cc88e1edf7','3ddc3170-8166-d78e-2a48-bbc32fbc4dd5','0',1504766152),('0a9064ba-711f-5049-9300-c0cc88e1edf7','3ddc3170-8166-d78e-2a48-bbc32fbc4dd5','1',1505270456),('0a9064ba-711f-5049-9300-c0cc88e1edf7','3ddc3170-8166-d78e-2a48-bbc32fbc4dd5','1',1505270591),('0a9064ba-711f-5049-9300-c0cc88e1edf7','3ddc3170-8166-d78e-2a48-bbc32fbc4dd5','1',1505270611),('0a9064ba-711f-5049-9300-c0cc88e1edf7','3ddc3170-8166-d78e-2a48-bbc32fbc4dd5','1',1505270632),('0a9064ba-711f-5049-9300-c0cc88e1edf7','3ddc3170-8166-d78e-2a48-bbc32fbc4dd5','1',1505270743),('b9d25df4-8e9e-f917-f559-4872db0b9ea6','e2c26d1f-2db0-513b-1343-201bce4d7d64','0',1505440007),('b9d25df4-8e9e-f917-f559-4872db0b9ea6','953d295c-70f1-b3ad-1754-dac6b41e996c','0',1505440016),('b9d25df4-8e9e-f917-f559-4872db0b9ea6','ec02aeb2-ee15-141f-87ed-777b88060832','0',1505440025),('b9d25df4-8e9e-f917-f559-4872db0b9ea6','fda89456-a12a-4155-a363-9b5a1184a185','0',1505440029),('b9d25df4-8e9e-f917-f559-4872db0b9ea6','dca3a198-7ce1-ce66-0ca1-62398d61d881','0',1505440033),('b9d25df4-8e9e-f917-f559-4872db0b9ea6','ecbf3ca5-1d5e-18fb-b10d-2d57eaa4ba08','0',1505440038),('b9d25df4-8e9e-f917-f559-4872db0b9ea6','09e2c2af-710d-8f61-d777-26c77bfa5d87','0',1505440518),('b9d25df4-8e9e-f917-f559-4872db0b9ea6','ca5cdd78-bf94-f2e7-029e-5fecd7af8d82','0',1505440525),('b9d25df4-8e9e-f917-f559-4872db0b9ea6','73712a59-9576-ca4e-e74d-c73d55690694','0',1505440529),('b9d25df4-8e9e-f917-f559-4872db0b9ea6','f9e1d587-6e0c-0614-58c1-3bac00df6655','0',1505440534),('b9d25df4-8e9e-f917-f559-4872db0b9ea6','118f7269-0bc0-924d-655b-433734a3859b','0',1507531347),('b9d25df4-8e9e-f917-f559-4872db0b9ea6','5583ed7c-0e88-920c-915f-30fbefb00246','0',1507541471),('b9d25df4-8e9e-f917-f559-4872db0b9ea6','9640b6ff-ce79-e0e1-8d29-1a1b66135e36','0',1507600816),('b9d25df4-8e9e-f917-f559-4872db0b9ea6','a2c640ce-b17d-3aba-f717-d3548e9f93bc','0',1507600877),('16e1481c-86e7-b9a5-e707-a1b2cdf766c3','1b618d9c-9627-081b-15b5-0a07a5325c80','0',1507601065),('16e1481c-86e7-b9a5-e707-a1b2cdf766c3','1ff69d65-69e5-a17b-573e-a7803be0c4d0','0',1507601163),('b9d25df4-8e9e-f917-f559-4872db0b9ea6','9640b6ff-ce79-e0e1-8d29-1a1b66135e36','1',1507618982),('b9d25df4-8e9e-f917-f559-4872db0b9ea6','29dd9f08-f196-29f6-774d-fcf315fc9984','0',1507627933),('b9d25df4-8e9e-f917-f559-4872db0b9ea6','58ffae94-60b3-17ab-c02a-6a9d89c55e97','0',1507702905),('0f584f9c-befb-a17e-b205-765cd7efde33','928bdd96-4660-9978-42af-df214e337973','0',1507703157),('0f584f9c-befb-a17e-b205-765cd7efde33','ec579ef9-23a9-860a-01ba-8bb5246b5ebc','0',1507703433),('0f584f9c-befb-a17e-b205-765cd7efde33','3158d469-b897-15fc-4f75-8c55d746087b','0',1507703826),('0f584f9c-befb-a17e-b205-765cd7efde33','eb1943e0-8492-a24c-a5f3-a9bfb9effdf8','0',1507704017),('0f584f9c-befb-a17e-b205-765cd7efde33','3cb98cf2-c72e-af54-dc22-ecef111300db','0',1507704068),('0f584f9c-befb-a17e-b205-765cd7efde33','b0068dd2-5320-791b-1dee-f6ba0d6835ed','0',1507790818),('0f584f9c-befb-a17e-b205-765cd7efde33','ff91a0db-84fa-19b0-5383-e32d1eddf5e9','0',1507790841),('0f584f9c-befb-a17e-b205-765cd7efde33','3d035606-710a-ebfe-8d09-4029ba4914dc','0',1507790861),('0f584f9c-befb-a17e-b205-765cd7efde33','e8670851-b6d2-8e46-6eeb-82ac1fefdbf1','0',1507790924),('c3a9548d-832d-57f2-fdd9-18f9dc397fb5','dd1ef873-6004-ba20-817e-611f1c9cffc5','0',1508117398),('c3a9548d-832d-57f2-fdd9-18f9dc397fb5','27d86532-42f9-3d5c-9281-acbfd72645e9','0',1508117428),('c3a9548d-832d-57f2-fdd9-18f9dc397fb5','e644ba4a-6de0-861b-6750-729dfaf71947','0',1508117488),('c3a9548d-832d-57f2-fdd9-18f9dc397fb5','14043c7f-ae32-3ab6-fb63-d3498b681e94','0',1508117510),('c3a9548d-832d-57f2-fdd9-18f9dc397fb5','cd3705ef-4b19-a65c-e7df-437b1e102967','0',1508117535),('c3a9548d-832d-57f2-fdd9-18f9dc397fb5','7ec15eea-4006-7bc0-5c7b-fff9db542380','0',1508117554),('c3a9548d-832d-57f2-fdd9-18f9dc397fb5','8ed0eb3d-f5f8-c5d3-b99e-e5a545df1333','0',1508117573),('c3a9548d-832d-57f2-fdd9-18f9dc397fb5','8b47815b-0f9c-0811-3a6a-accc9e4acdbd','0',1508117676),('c3a9548d-832d-57f2-fdd9-18f9dc397fb5','27d86532-42f9-3d5c-9281-acbfd72645e9','1',1508117685),('c3a9548d-832d-57f2-fdd9-18f9dc397fb5','dd1ef873-6004-ba20-817e-611f1c9cffc5','1',1508117694),('c3a9548d-832d-57f2-fdd9-18f9dc397fb5','60975bc2-94cc-0444-d70e-05e43da39506','0',1508117723),('c3a9548d-832d-57f2-fdd9-18f9dc397fb5','013b34fc-b394-0ffe-0227-7ec54c5478d5','0',1508117738),('c3a9548d-832d-57f2-fdd9-18f9dc397fb5','17954399-c74e-383a-9aec-e94c0091f6b6','0',1508117751),('c3a9548d-832d-57f2-fdd9-18f9dc397fb5','28950890-b846-b9a8-d865-d1eaea5b2028','0',1508138653),('c3a9548d-832d-57f2-fdd9-18f9dc397fb5','a8df1893-914e-b953-b611-65feae4aa56d','0',1508138665),('b9d25df4-8e9e-f917-f559-4872db0b9ea6','af9fe8bf-5cfd-d26b-0a7d-adb73a2ace25','0',1508139819),('b9d25df4-8e9e-f917-f559-4872db0b9ea6','0a302ff0-3640-57cf-0f45-1f028d4a1602','0',1508139990),('b9d25df4-8e9e-f917-f559-4872db0b9ea6','1e2686f7-03f0-0f7e-5a78-2622479d527b','0',1508140232),('b9d25df4-8e9e-f917-f559-4872db0b9ea6','2b6bf72c-8ec7-c31b-0bbc-2159ecd48d57','0',1508140290),('b9d25df4-8e9e-f917-f559-4872db0b9ea6','5583ed7c-0e88-920c-915f-30fbefb00246','1',1508210443),('16e1481c-86e7-b9a5-e707-a1b2cdf766c3','1ff69d65-69e5-a17b-573e-a7803be0c4d0','1',1508210530),('16e1481c-86e7-b9a5-e707-a1b2cdf766c3','1ff69d65-69e5-a17b-573e-a7803be0c4d0','1',1508210541),('b9d25df4-8e9e-f917-f559-4872db0b9ea6','9640b6ff-ce79-e0e1-8d29-1a1b66135e36','1',1508210611),('b9d25df4-8e9e-f917-f559-4872db0b9ea6','5583ed7c-0e88-920c-915f-30fbefb00246','1',1508210777),('16e1481c-86e7-b9a5-e707-a1b2cdf766c3','f231e480-77a6-737e-1ce2-ec1eb76f633d','0',1508211287),('16e1481c-86e7-b9a5-e707-a1b2cdf766c3','f231e480-77a6-737e-1ce2-ec1eb76f633d','1',1508211300),('b9d25df4-8e9e-f917-f559-4872db0b9ea6','5583ed7c-0e88-920c-915f-30fbefb00246','1',1508211691),('b9d25df4-8e9e-f917-f559-4872db0b9ea6','29dd9f08-f196-29f6-774d-fcf315fc9984','1',1508219899),('b9d25df4-8e9e-f917-f559-4872db0b9ea6','5583ed7c-0e88-920c-915f-30fbefb00246','1',1508219919),('b9d25df4-8e9e-f917-f559-4872db0b9ea6','5583ed7c-0e88-920c-915f-30fbefb00246','1',1508219933),('16e1481c-86e7-b9a5-e707-a1b2cdf766c3','1b618d9c-9627-081b-15b5-0a07a5325c80','1',1508223287),('0f584f9c-befb-a17e-b205-765cd7efde33','df7f6b77-f32d-c6e9-493a-03604d45d675','0',1508226162),('0f584f9c-befb-a17e-b205-765cd7efde33','df7f6b77-f32d-c6e9-493a-03604d45d675','1',1508226185),('0a9064ba-711f-5049-9300-c0cc88e1edf7','64f9cfc6-e48d-9591-46fb-0fc94fdd1df2','0',1508392174),('0f584f9c-befb-a17e-b205-765cd7efde33','f10fc0ab-1f57-33b2-1030-2de0ae440a6f','0',1508481800),('0f584f9c-befb-a17e-b205-765cd7efde33','a322d304-07a1-28bd-7813-713183c02ffb','0',1508481839),('0f584f9c-befb-a17e-b205-765cd7efde33','cc8e8e8b-82c6-5456-9f61-06e9c260db2f','0',1508481953),('0f584f9c-befb-a17e-b205-765cd7efde33','9eb360c0-96e2-7e75-8993-0d36ea4b62d0','0',1508481984),('0f584f9c-befb-a17e-b205-765cd7efde33','302a8246-5094-4c9f-2dc5-eb47a36a6e75','0',1508482012),('c3a9548d-832d-57f2-fdd9-18f9dc397fb5','98e06976-1bcf-f0b8-e15a-40fa5608ec06','0',1508811600),('c3a9548d-832d-57f2-fdd9-18f9dc397fb5','cbd72e5a-70b9-6f50-70dd-5106c30c69cc','0',1508812671),('c3a9548d-832d-57f2-fdd9-18f9dc397fb5','98e06976-1bcf-f0b8-e15a-40fa5608ec06','1',1508815094),('c3a9548d-832d-57f2-fdd9-18f9dc397fb5','2b4fe32f-3f42-501a-b6ee-aa8726c6b6c5','0',1508825194),('c3a9548d-832d-57f2-fdd9-18f9dc397fb5','5df33d44-89fe-881e-5365-858f0c1b1e2f','0',1508826204),('c3a9548d-832d-57f2-fdd9-18f9dc397fb5','b6a3f322-b8d2-f462-1eee-c348f227fd1a','0',1508826247),('c3a9548d-832d-57f2-fdd9-18f9dc397fb5','98ae2bac-d471-e9c6-9269-8bcd37fd0734','0',1508826260),('c3a9548d-832d-57f2-fdd9-18f9dc397fb5','f31b0c5f-fb5c-9c11-fe08-cab86170f733','0',1508826338),('c3a9548d-832d-57f2-fdd9-18f9dc397fb5','bb31e2b5-57dc-e86b-f9ae-82530643ec8d','0',1508826351),('b9d25df4-8e9e-f917-f559-4872db0b9ea6','746cabe0-e8b0-28ed-6dae-8ccfc46ed786','0',1508832835);

#
# Structure for table "xds_task_user"
#

DROP TABLE IF EXISTS `xds_task_user`;
CREATE TABLE `xds_task_user` (
  `id` char(36) NOT NULL DEFAULT '',
  `task_id` char(36) NOT NULL DEFAULT '',
  `user_id` char(36) NOT NULL DEFAULT '',
  `mode` enum('0','1') NOT NULL DEFAULT '0' COMMENT '用户参加计划模式：0 普通 1 挑战',
  `act_plan_id` char(36) NOT NULL DEFAULT '' COMMENT '行动计划ID',
  `finish` enum('0','1') NOT NULL DEFAULT '0' COMMENT '0 未完成 1 已完成',
  `tag` enum('0','1') NOT NULL DEFAULT '0' COMMENT '是否按时完成任务（：挑战） 0 是 1 否',
  `deadline` int(11) NOT NULL DEFAULT '0' COMMENT '结束时间戳',
  `create_time` int(11) NOT NULL DEFAULT '0',
  `update_time` int(11) NOT NULL DEFAULT '0',
  PRIMARY KEY (`id`),
  KEY `task_id` (`task_id`,`user_id`,`mode`,`act_plan_id`,`finish`,`tag`)
) ENGINE=InnoDB DEFAULT CHARSET=utf8 COMMENT='任务用户表';

#
# Data for table "xds_task_user"
#

INSERT INTO `xds_task_user` VALUES ('','27d86532-42f9-3d5c-9281-acbfd72645e9','b9d25df4-8e9e-f917-f559-4872db0b9ea6','0','6a7a3466-99be-d490-393b-862199fff6a4','1','1',0,1508121643,1508121643),('10','ec579ef9-23a9-860a-01ba-8bb5246b5ebc','b9d25df4-8e9e-f917-f559-4872db0b9ea6','0','4ca6236d-d2e9-dd27-24b2-6f02459cbbe8','0','0',0,1507790105,1507790105),('11','b0068dd2-5320-791b-1dee-f6ba0d6835ed','b9d25df4-8e9e-f917-f559-4872db0b9ea6','0','4ca6236d-d2e9-dd27-24b2-6f02459cbbe8','0','0',0,1507791057,1507791057),('12','ff91a0db-84fa-19b0-5383-e32d1eddf5e9','b9d25df4-8e9e-f917-f559-4872db0b9ea6','0','4ca6236d-d2e9-dd27-24b2-6f02459cbbe8','0','0',0,1507791175,1507791175),('13','953d295c-70f1-b3ad-1754-dac6b41e996c','b9d25df4-8e9e-f917-f559-4872db0b9ea6','0','a88b4fc0-0652-d590-a162-4574de7b903d','0','0',0,1507791421,1507791421),('14','dca3a198-7ce1-ce66-0ca1-62398d61d881','b9d25df4-8e9e-f917-f559-4872db0b9ea6','0','a88b4fc0-0652-d590-a162-4574de7b903d','0','0',0,1507795625,1507795625),('15','1ff69d65-69e5-a17b-573e-a7803be0c4d0','0f584f9c-befb-a17e-b205-765cd7efde33','0','80e0efd0-7232-cd54-72fd-57b6811cb81f','0','0',0,1507796329,1507796329),('16','ec02aeb2-ee15-141f-87ed-777b88060832','b9d25df4-8e9e-f917-f559-4872db0b9ea6','0','a88b4fc0-0652-d590-a162-4574de7b903d','0','0',0,1507797859,1507797859),('17','118f7269-0bc0-924d-655b-433734a3859b','3e0b1448-7562-48cc-f885-3986a3bee7fa','0','d5d1eb94-bebd-1f2f-bf31-23e1616f935e','0','0',0,1507799203,1507799203),('18','ec02aeb2-ee15-141f-87ed-777b88060832','0f584f9c-befb-a17e-b205-765cd7efde33','0','a88b4fc0-0652-d590-a162-4574de7b903d','0','0',0,1507861065,1507861065),('19','09e2c2af-710d-8f61-d777-26c77bfa5d87','0f584f9c-befb-a17e-b205-765cd7efde33','0','a88b4fc0-0652-d590-a162-4574de7b903d','0','0',0,1507861090,1507861090),('19ffbdda-6612-4936-00f5-3512bfa07aea','8b47815b-0f9c-0811-3a6a-accc9e4acdbd','b9d25df4-8e9e-f917-f559-4872db0b9ea6','0','6a7a3466-99be-d490-393b-862199fff6a4','1','1',0,1508134058,1508466662),('1af56a9b-b2a2-e1af-07ee-a2ac3f79f547','cd3705ef-4b19-a65c-e7df-437b1e102967','bf670625-f384-b056-fab9-4c3f45314aa2','0','9b047d08-5096-6a4e-2603-7629673c3bf2','0','0',0,1508159713,1508159713),('1e933103-07b7-8140-f6f1-e029f1c8740e','f10fc0ab-1f57-33b2-1030-2de0ae440a6f','b9d25df4-8e9e-f917-f559-4872db0b9ea6','0','66ab003d-e034-25d1-265d-d5e61fd5536f','1','0',1508748095,1508747795,1508750767),('2','3ddc3170-8166-d78e-2a48-bbc32fbc4dd5','0a9064ba-711f-5049-9300-c0cc88e1edf7','0','a88b4fc0-0652-d590-a162-4574de7b903d','0','0',0,1505459827,0),('20','ca5cdd78-bf94-f2e7-029e-5fecd7af8d82','0f584f9c-befb-a17e-b205-765cd7efde33','0','a88b4fc0-0652-d590-a162-4574de7b903d','0','0',0,1507861115,1507861115),('21','29dd9f08-f196-29f6-774d-fcf315fc9984','3e0b1448-7562-48cc-f885-3986a3bee7fa','0','7683c426-100a-8ba0-aec7-6377c0d997fc','0','0',0,1507862356,1507862356),('22','58ffae94-60b3-17ab-c02a-6a9d89c55e97','3e0b1448-7562-48cc-f885-3986a3bee7fa','0','d400d687-795f-e3eb-caa4-e3401f4bc348','0','0',0,1507865369,1507865369),('23','eb1943e0-8492-a24c-a5f3-a9bfb9effdf8','b9d25df4-8e9e-f917-f559-4872db0b9ea6','0','e4162903-c02c-3690-04b6-43234093607c','0','0',0,1507874241,1507874241),('24','1b618d9c-9627-081b-15b5-0a07a5325c80','bf670625-f384-b056-fab9-4c3f45314aa2','0','80e0efd0-7232-cd54-72fd-57b6811cb81f','0','0',0,1507875461,1507875461),('25','1b618d9c-9627-081b-15b5-0a07a5325c80','0f584f9c-befb-a17e-b205-765cd7efde33','0','80e0efd0-7232-cd54-72fd-57b6811cb81f','0','0',0,1507875874,1507875874),('26','3cb98cf2-c72e-af54-dc22-ecef111300db','b9d25df4-8e9e-f917-f559-4872db0b9ea6','0','8e53a120-c0cc-dde6-9cfe-e52ec40723b4','0','0',0,1507889382,1507889382),('27','dd1ef873-6004-ba20-817e-611f1c9cffc5','b9d25df4-8e9e-f917-f559-4872db0b9ea6','0','6a7a3466-99be-d490-393b-862199fff6a4','0','0',0,1508119025,1508119025),('2b3d7d63-4a6b-1576-6333-5c9d5a761691','98e06976-1bcf-f0b8-e15a-40fa5608ec06','b9d25df4-8e9e-f917-f559-4872db0b9ea6','0','6a7a3466-99be-d490-393b-862199fff6a4','1','0',1508828722,1508825122,1508828722),('3','fda89456-a12a-4155-a363-9b5a1184a185','b9d25df4-8e9e-f917-f559-4872db0b9ea6','0','a88b4fc0-0652-d590-a162-4574de7b903d','0','0',0,1505468132,0),('393d91b5-39cd-df9e-3b73-4e0325398b0b','e2c26d1f-2db0-513b-1343-201bce4d7d64','0f584f9c-befb-a17e-b205-765cd7efde33','0','a88b4fc0-0652-d590-a162-4574de7b903d','0','0',0,1508133610,1508133610),('3c431048-8f05-2cd3-feca-55e4841ffbf8','60975bc2-94cc-0444-d70e-05e43da39506','b9d25df4-8e9e-f917-f559-4872db0b9ea6','0','728162a2-06b2-0053-7c30-d0a7e1350d7c','0','0',0,1508133482,1508133482),('4','fda89456-a12a-4155-a363-9b5a1184a185','0a9064ba-711f-5049-9300-c0cc88e1edf7','0','a88b4fc0-0652-d590-a162-4574de7b903d','0','0',0,1505701579,1505701579),('4984a76a-d488-bb98-7111-98c7037efcbc','1b618d9c-9627-081b-15b5-0a07a5325c80','0a9064ba-711f-5049-9300-c0cc88e1edf7','1','80e0efd0-7232-cd54-72fd-57b6811cb81f','0','0',1508860322,1508770262,1508770262),('5','a4905edc-7437-6126-6702-6c08788d0758','0a9064ba-711f-5049-9300-c0cc88e1edf7','0','0f6f6fba-c7ab-a432-d47a-0ff04b75a972','0','0',0,1505701579,1505701579),('6','5583ed7c-0e88-920c-915f-30fbefb00246','0f584f9c-befb-a17e-b205-765cd7efde33','0','c8b749ba-86bf-deaa-82a4-59dc7db14975','0','0',0,1507691295,1507691295),('6d24de20-99a7-fb1c-d88a-4cad58f6e52a','013b34fc-b394-0ffe-0227-7ec54c5478d5','b9d25df4-8e9e-f917-f559-4872db0b9ea6','1','728162a2-06b2-0053-7c30-d0a7e1350d7c','0','0',1508837637,1508830437,1508830437),('7','9640b6ff-ce79-e0e1-8d29-1a1b66135e36','0f584f9c-befb-a17e-b205-765cd7efde33','0','c8b749ba-86bf-deaa-82a4-59dc7db14975','0','0',0,1507691335,1507691335),('8','e2c26d1f-2db0-513b-1343-201bce4d7d64','b9d25df4-8e9e-f917-f559-4872db0b9ea6','0','a88b4fc0-0652-d590-a162-4574de7b903d','0','0',0,1507701376,1507701376),('9','928bdd96-4660-9978-42af-df214e337973','b9d25df4-8e9e-f917-f559-4872db0b9ea6','0','4ca6236d-d2e9-dd27-24b2-6f02459cbbe8','0','0',0,1507788944,1507788944),('9f4a9764-0b36-3c29-2d2a-19e9be25641a','3158d469-b897-15fc-4f75-8c55d746087b','b9d25df4-8e9e-f917-f559-4872db0b9ea6','0','6898ecc5-cb5b-c7cd-0cfc-79706b8a5473','0','0',0,1508143726,1508143726),('abe22e53-0d51-b779-6ea7-33e6e5e118b2','17954399-c74e-383a-9aec-e94c0091f6b6','b9d25df4-8e9e-f917-f559-4872db0b9ea6','0','728162a2-06b2-0053-7c30-d0a7e1350d7c','0','0',0,1508136596,1508136596),('ae73a9b5-95a2-5417-d00a-e77bdec4e96a','3d035606-710a-ebfe-8d09-4029ba4914dc','b9d25df4-8e9e-f917-f559-4872db0b9ea6','0','4ca6236d-d2e9-dd27-24b2-6f02459cbbe8','0','0',0,1508142281,1508142281),('fbf58e98-fb04-42a1-a5dc-ba38ace8cb4b','1ff69d65-69e5-a17b-573e-a7803be0c4d0','0a9064ba-711f-5049-9300-c0cc88e1edf7','1','80e0efd0-7232-cd54-72fd-57b6811cb81f','0','0',1508774190,1508770530,1508770530);

#
# Structure for table "xds_transactions"
#

DROP TABLE IF EXISTS `xds_transactions`;
CREATE TABLE `xds_transactions` (
  `Id` int(11) NOT NULL AUTO_INCREMENT,
  `user_id` int(11) unsigned NOT NULL DEFAULT '0' COMMENT '外键，用户ID',
  `amount` decimal(10,2) unsigned NOT NULL DEFAULT '0.00' COMMENT '交易金额',
  `type` enum('0','1') NOT NULL DEFAULT '0' COMMENT '0 支出 1 收入',
  `order_no` varchar(127) NOT NULL DEFAULT '' COMMENT '订单号',
  `remark` varchar(255) NOT NULL DEFAULT '' COMMENT '备注',
  `create_time` int(11) unsigned NOT NULL DEFAULT '0' COMMENT '交易时间',
  PRIMARY KEY (`Id`),
  KEY `user_id` (`user_id`,`type`,`order_no`)
) ENGINE=InnoDB DEFAULT CHARSET=utf8 COMMENT='交易记录表';

#
# Data for table "xds_transactions"
#


#
# Structure for table "xds_user"
#

DROP TABLE IF EXISTS `xds_user`;
CREATE TABLE `xds_user` (
  `id` char(36) NOT NULL DEFAULT '' COMMENT 'UUID',
  `number` char(8) NOT NULL DEFAULT '0' COMMENT '会员编号(外部ID)',
  `username` varchar(60) NOT NULL DEFAULT '' COMMENT '账户名',
  `password` varchar(64) NOT NULL DEFAULT '' COMMENT '登录密码;password_hash加密',
  `status` enum('0','1') NOT NULL DEFAULT '1' COMMENT '用户状态;0:禁用,1:正常',
  `reg_ip` char(15) NOT NULL DEFAULT '' COMMENT '注册IP',
  `create_time` int(11) NOT NULL DEFAULT '0' COMMENT '注册时间',
  `update_time` int(11) unsigned NOT NULL DEFAULT '0' COMMENT '更新时间',
  `last_login_ip` char(15) NOT NULL DEFAULT '' COMMENT '最后登录IP',
  `last_login_time` int(11) unsigned NOT NULL DEFAULT '0' COMMENT '最后登录时间',
  PRIMARY KEY (`id`),
  KEY `number` (`number`)
) ENGINE=InnoDB DEFAULT CHARSET=utf8 COMMENT='用户表';

#
# Data for table "xds_user"
#

INSERT INTO `xds_user` VALUES ('026d27a6-eb7e-2688-a6e4-2f3199fce4ef','64134350','','','1','223.104.24.38',1507025700,1507025701,'223.104.24.38',1507025701),('0a9064ba-711f-5049-9300-c0cc88e1edf7','68662449','','','1','127.0.0.1',1502682504,1508812371,'116.7.218.188',1508812371),('0f584f9c-befb-a17e-b205-765cd7efde33','89288325','','','1','113.108.11.52',1505369075,1508809439,'219.133.40.16',1508809439),('13225a3e-f16a-ebb0-450d-3a0a00ade5ca','10483929','','','1','116.7.219.103',1503302290,1505109429,'116.7.216.16',1505109429),('16e1481c-86e7-b9a5-e707-a1b2cdf766c3','13854363','','','1','116.7.219.103',1503302234,1508838191,'116.7.216.31',1508838191),('2f16d4fb-5378-6749-b27d-e802bd689bfb','95877916','','','1','183.16.189.10',1508218890,1508751978,'183.16.191.203',1508751978),('3ca03517-fc7f-d67c-45c3-5ce84f58d92d','83185897','','','1','117.136.79.97',1506228362,1506228363,'117.136.79.97',1506228363),('3e0b1448-7562-48cc-f885-3986a3bee7fa','48871847','','','1','14.17.37.43',1503301201,1508289749,'116.7.219.200',1508289749),('499d7c58-08b3-45e6-1a12-ab99c53f596b','84996925','','','1','124.239.138.2',1503640289,1507641246,'106.114.172.189',1507641246),('4f1f968b-5fe1-82bc-4867-b55bd669ed20','65130947','','','1','14.17.44.216',1508720342,1508720342,'14.17.44.216',1508720342),('501969d6-b26d-bb2d-29e3-5264a923def9','59121296','','','1','14.17.37.144',1505285271,1508739377,'14.17.37.69',1508739377),('723885d5-28ac-a37f-45cb-938ae707208a','86335450','','','1','14.116.36.68',1506320046,1506320046,'14.116.36.68',1506320046),('764901cb-a00b-78a2-4a67-523552c88a5f','95894790','','','1','183.61.51.179',1506604287,1506604287,'183.61.51.179',1506604287),('7ec7e7e8-bd19-b84d-c352-884c434e9452','19951626','','','1','117.136.39.83',1506585342,1506585342,'117.136.39.83',1506585342),('86966993-d3e4-e722-223d-bf16fc2e8421','53370684','','','1','127.0.0.1',1502782975,1502782975,'127.0.0.1',1502782975),('8b172a9d-bcc6-002d-024f-f7842f3d4b87','59679145','','','1','183.61.38.55',1506608545,1506608546,'183.61.38.55',1506608546),('9175a40c-31f2-bbec-2134-27935378cf65','36598853','','','1','116.7.218.207',1506049638,1506049639,'116.7.218.207',1506049639),('a4e6de38-15c9-9199-f139-68f8d3571899','19706331','','','1','113.140.110.240',1505379783,1505379783,'113.140.110.240',1505379783),('a9870c27-b006-c7b4-8d1f-f1c651b6a8fb','87148873','','','1','14.17.37.72',1504584951,1506679729,'219.133.40.15',1506679729),('aab70efb-92e5-7f6c-423f-e3d4e4f5ac83','83961921','','','1','116.7.217.232',1505195124,1505195124,'116.7.217.232',1505195124),('b49431dc-5f76-2813-547d-198ff2e6e3a8','92883173','','','1','222.35.68.197',1506178625,1506178625,'222.35.68.197',1506178625),('b9d25df4-8e9e-f917-f559-4872db0b9ea6','30075710','','','1','116.7.218.10',1504259239,1508841736,'116.7.216.31',1508841736),('bf670625-f384-b056-fab9-4c3f45314aa2','74392048','','','1','183.61.52.71',1504853401,1508159563,'183.61.51.199',1508159563),('c22311b4-4651-d39e-3c7c-22a69261310d','80797850','','','1','119.137.112.56',1506525699,1506525707,'119.137.112.56',1506525707),('c3a9548d-832d-57f2-fdd9-18f9dc397fb5','30170075','','','1','14.17.37.43',1505187294,1508825126,'183.61.51.206',1508825126),('cb2395b7-7660-7134-85c9-612d4f4c74b5','62559261','','','1','14.17.37.72',1503302250,1505298142,'14.17.37.72',1505298142),('ed59c117-8a4c-9d88-adcf-840a97de634a','61702270','','','1','112.97.54.183',1508833043,1508833089,'112.97.54.183',1508833089);

#
# Structure for table "xds_user_info"
#

DROP TABLE IF EXISTS `xds_user_info`;
CREATE TABLE `xds_user_info` (
  `id` int(11) NOT NULL AUTO_INCREMENT,
  `user_id` char(36) NOT NULL DEFAULT '0' COMMENT '外键，用户UUID',
  `sex` enum('0','1','2') NOT NULL DEFAULT '0' COMMENT '性别;0:保密,1:男,2:女',
  `nickname` varchar(50) NOT NULL DEFAULT '' COMMENT '用户昵称',
  `char_index` char(1) NOT NULL DEFAULT '' COMMENT 'nickname拼音首字母索引',
  `avatar` varchar(255) NOT NULL DEFAULT '' COMMENT '用户头像',
  `from` enum('0','1','2') NOT NULL DEFAULT '0' COMMENT '0 本地图片相对地址 1 完整图片uri  2 OSS图片',
  `signature` varchar(255) NOT NULL DEFAULT '' COMMENT '个性签名',
  `email` varchar(100) NOT NULL DEFAULT '' COMMENT '邮箱',
  `unionid` char(32) NOT NULL DEFAULT '' COMMENT '用户统一标识',
  `openid` char(32) NOT NULL DEFAULT '' COMMENT '用户的标识',
  `create_time` int(11) NOT NULL DEFAULT '0' COMMENT '创建时间',
  `update_time` int(11) NOT NULL DEFAULT '0' COMMENT '更新时间',
  PRIMARY KEY (`id`),
  KEY `user_id` (`user_id`) USING BTREE
) ENGINE=InnoDB AUTO_INCREMENT=28 DEFAULT CHARSET=utf8 ROW_FORMAT=COMPACT COMMENT='用户信息表';

#
# Data for table "xds_user_info"
#

INSERT INTO `xds_user_info` VALUES (1,'0a9064ba-711f-5049-9300-c0cc88e1edf7','1','N镕基','N','http://xds-test.oss-cn-beijing.aliyuncs.com/user-dir/SnLH3aBPWundefined50qskcWCSkQiJ2rae3kyiK.png','1','132','','o2d00xFpaFdhyl0Itf29kmvK78Jg','ow9BAw33SatfPEFsZtW5PR1Lvofw',1502682504,1505977515),(2,'86966993-d3e4-e722-223d-bf16fc2e8421','1','暖象','N','images/201708151542555992a5ff4ebd2.jpg','0','','','o2d00xH6LHyDA3r1o1ASqzoXhBC0','ow9BAw1VWoxItNT4jw9ROeiK5g6U',1502782975,1502782975),(3,'3e0b1448-7562-48cc-f885-3986a3bee7fa','2','wjasd','W','http://xds-test.oss-cn-beijing.aliyuncs.com/user-dir/H782m8fjKEqaY7Ln6PYc4uqbySx7dUwQ.png','1','1223456qweqqw134646','','o2d00xD9Yg7qj4qMeKYysRiZiIKE','o994OwnZud1Bpg6D0p8sfMOr8WbA',1503301201,1506048307),(4,'16e1481c-86e7-b9a5-e707-a1b2cdf766c3','1','悟空','W','http://xds-test.oss-cn-beijing.aliyuncs.com/user-dir/ynHundefinedSsQCmfxiLPundefined7BTH3Rjfi6mFa0m2K.png','1','呵呵哈哈哈','','o2d00xFC-IZSyOeVLqlm1n4YVV-4','o994OwpKJM2IzXE2lbnHq-3wOKlI',1503302234,1508487755),(5,'cb2395b7-7660-7134-85c9-612d4f4c74b5','1','風早君','F','http://xds-test.oss-cn-beijing.aliyuncs.com/user-dir/undefinedzrfhewKsfQD7W8LgseQK810qLW1Hutg.png','1','hsgsvx','','o2d00xK2N-EjAf9uZ3V_NFdqTWac','o994OwvGngl474czowA0NK1-W-yI',1503302250,1505298244),(6,'13225a3e-f16a-ebb0-450d-3a0a00ade5ca','2','邹烨','Z','images/20170821155810599a9292eebce.jpg','0','','','o2d00xI436iyXJ6JfaXBHWh9nYKQ','o994OwtVIxStaAbAhClbRi3Ncg40',1503302290,1503302290),(7,'499d7c58-08b3-45e6-1a12-ab99c53f596b','1','顺','S','http://xds-test.oss-cn-beijing.aliyuncs.com/user-dir/VsmrR1V948B8c2WwuybTdJundefinedsundefined3Y1rXkw.png','1','我','','o2d00xP3sn2uwzqoAq0jjHQIYEUc','o994OwiLENsn6oroA1x8Vn-AMQYw',1503640289,1505728404),(8,'b9d25df4-8e9e-f917-f559-4872db0b9ea6','1','改个名字真难','G','http://xds-test.oss-cn-beijing.aliyuncs.com/user-dir/EqutTxrRzqcPFeXsvpramRGpQcBGbbSE.png','1','大家快乐就是我想到','','o2d00xPNE_YPCeQMsL6-bd2PcZSk','o994OwsQS_TTvMaDROe18zeGxZo4',1504259239,1506046738),(9,'a9870c27-b006-c7b4-8d1f-f1c651b6a8fb','1','老张','L','images/2017090512155259ae24f809fe8.jpg','0','','','o2d00xEHkFAO9zLZAE8bW2zuP2Tg','o994Owhfp3jqN890x07a0krbe9zw',1504584951,1504584952),(10,'bf670625-f384-b056-fab9-4c3f45314aa2','1','张树超','Z','http://xds-test.oss-cn-beijing.aliyuncs.com/user-dir/JdC8qTzVHcaGe9qySy4US6b3BUF2BP6h.png','1','','','o2d00xN3uajky16K4CBxIu_hADHk','o994OwmDbOp7NOGMTkA-voY8ICtc',1504853401,1508159178),(11,'c3a9548d-832d-57f2-fdd9-18f9dc397fb5','1','神的孩子','S','http://xds-test.oss-cn-beijing.aliyuncs.com/user-dir/az9ymS1iQJ2k7XbundefinedSCuGU2FSnUEvK1Cm.png','1','这个人超懒','','o2d00xP6PdeibvdWKP5qqLsXnH3M','o994Owma2ByV6wOR0YUKwGfhA7kE',1505187294,1507516706),(12,'aab70efb-92e5-7f6c-423f-e3d4e4f5ac83','0','这是一个小号','Z','','0','','','o2d00xJzaKVn4j3Wyw9nSO1rLAlY','o994OwkSvxCJTTHMPAwWyV8h9JMc',1505195124,1505195124),(13,'501969d6-b26d-bb2d-29e3-5264a923def9','0','暖象科技行政号','N','http://xds-test.oss-cn-beijing.aliyuncs.com/user-dir/CHvn7gundefinedqt5mdSxaWDXLFKRdkcRXmVw9b.png','1','','','o2d00xESnAsx1zofrtgGJbeHDllA','o994Owujr7QIOyKivj2zvdbY94Vg',1505285271,1508587534),(14,'0f584f9c-befb-a17e-b205-765cd7efde33','0','暖象科技产品汪','N','http://xds-test.oss-cn-beijing.aliyuncs.com/user-dir/3R8GWj51gV54aXhkdtcYbiymf2TQaUsY.png','1','空军建军节66','','o2d00xPSr3fx0PY8wgds1bpPZ_Rk','o994OwnQEdgCBmCs6qEmdKZYLuZE',1505369075,1505375749),(15,'a4e6de38-15c9-9199-f139-68f8d3571899','1','小超','X','images/2017091417030359ba45c767af7.jpg','0','','','o2d00xFj59URhcqqzGdGq2AMGkvA','o994OwsdGMjyiWxAkmTdwMZznhm8',1505379783,1505379783),(16,'9175a40c-31f2-bbec-2134-27935378cf65','2','糖','T','http://auth.xingdongshe.com/images/2017092211071959c47e67298d7.jpg','1','','','o2d00xFemGtzkez6jNUfMVJLDrP0','o994OwpqRrP0JsntIoswuzMkBXyA',1506049638,1506049668),(17,'b49431dc-5f76-2813-547d-198ff2e6e3a8','1','还没想好','H','images/2017092322570559c676416998a.jpg','0','','','o2d00xB_VKaJueeKgr3uKXFSn6RU','o994OwlDaAk-TnwWkGcjBZYDRH_U',1506178625,1506178625),(18,'3ca03517-fc7f-d67c-45c3-5ce84f58d92d','1','王康','W','images/2017092412460359c7388b55608.jpg','0','','','o2d00xCoVHvFvZQI-yWV3-_ZarfU','o994OwqyTQrHQfLUk6EbwUx_9oNw',1506228362,1506228363),(19,'723885d5-28ac-a37f-45cb-938ae707208a','1','Mel','M','images/2017092514140659c89eae7516f.jpg','0','','','o2d00xBEykATgHK98jf3BnuZYXe4','o994OwpX4J0X3HrqHEsWHDSr7Z00',1506320046,1506320046),(20,'c22311b4-4651-d39e-3c7c-22a69261310d','1','巴奇牙','B','images/2017092723213959cbc203dd597.jpg','0','','','o2d00xIeBnw8QhP0-hyDlP3tmeLU','o994OwmkEOHHlPQL2smvCeqlcMFA',1506525699,1506525699),(21,'7ec7e7e8-bd19-b84d-c352-884c434e9452','1','邱洪权','Q','images/2017092815554259ccaafe820b6.jpg','0','','','o2d00xAnYsuWXER8BgiWOIcvEK3Y','o994OwreYpOP6EgyGLezAXr-fCi4',1506585342,1506585342),(22,'764901cb-a00b-78a2-4a67-523552c88a5f','1','快乐至上','K','images/2017092821112759ccf4ff733bc.jpg','0','','','o2d00xAnQR4iCrsTarSfSjPF3xlg','o994OwjH0MBTs2V_ww_LIuEZLppA',1506604287,1506604287),(23,'8b172a9d-bcc6-002d-024f-f7842f3d4b87','2','谢中','','images/2017092822222659cd05a21801b.jpg','0','','','o2d00xNSmytMbw_3f1voyA2pJ1To','o994OwkOj6xxlYeZf-fpy9CjGvuE',1506608545,1506608546),(24,'026d27a6-eb7e-2688-a6e4-2f3199fce4ef','1','Jason','J','images/2017100318150159d363253de45.jpg','0','','','o2d00xIlRIpREBhhSvnSu43C9DJw','o994OwuajPQEICpm6CwTkG8U5XQc',1507025700,1507025701),(25,'2f16d4fb-5378-6749-b27d-e802bd689bfb','1','Eric','E','images/2017101713413059e5980a6d86b.jpg','0','','','o2d00xJxpOstwJcH1dnZnN6w7N1g','o994OwgfMCT3OeLIIrMGoEGi_l7k',1508218890,1508218890),(26,'4f1f968b-5fe1-82bc-4867-b55bd669ed20','1','大脸猫君','D','images/2017102308590259ed3ed67d4a1.jpg','0','','','o2d00xLerWH9SUEUaw4XVFn3JS88','o994OwtmTMm6_c7DZKX4EKgs0V0Y',1508720342,1508720342),(27,'ed59c117-8a4c-9d88-adcf-840a97de634a','1','Ali@青峰','A','images/2017102416172459eef71431223.jpg','0','','','o2d00xAkiDESDmGXZb_H0r3FLJH8','o994OwvBNExheqpQ2B1YmgNGVjjw',1508833043,1508833044);

#
# Structure for table "xds_user_property"
#

DROP TABLE IF EXISTS `xds_user_property`;
CREATE TABLE `xds_user_property` (
  `id` int(11) NOT NULL AUTO_INCREMENT,
  `user_id` char(36) NOT NULL DEFAULT '',
  `wallet` decimal(10,2) NOT NULL DEFAULT '0.00' COMMENT '钱包',
  `execution` int(11) NOT NULL DEFAULT '0' COMMENT '行动力',
  `create_time` int(11) NOT NULL DEFAULT '0',
  `update_time` int(11) NOT NULL DEFAULT '0',
  PRIMARY KEY (`id`),
  UNIQUE KEY `user_id` (`user_id`),
  KEY `wallet` (`wallet`,`execution`,`create_time`)
) ENGINE=InnoDB AUTO_INCREMENT=30 DEFAULT CHARSET=utf8 COMMENT='用户财产资源';

#
# Data for table "xds_user_property"
#

INSERT INTO `xds_user_property` VALUES (1,'a9870c27-b006-c7b4-8d1f-f1c651b6a8fb',1000.00,10,1504771110,1504771110),(2,'499d7c58-08b3-45e6-1a12-ab99c53f596b',995.00,5,1504771110,2147483647),(3,'0a9064ba-711f-5049-9300-c0cc88e1edf7',954.00,6,1504771110,2147483647),(4,'cb2395b7-7660-7134-85c9-612d4f4c74b5',973.00,7,1504771110,2147483647),(5,'86966993-d3e4-e722-223d-bf16fc2e8421',1000.00,0,1504771110,1504771110),(6,'3e0b1448-7562-48cc-f885-3986a3bee7fa',1001.70,0,1504771110,2147483647),(7,'b9d25df4-8e9e-f917-f559-4872db0b9ea6',1136.40,18,1504771110,2147483647),(8,'16e1481c-86e7-b9a5-e707-a1b2cdf766c3',954.20,0,1504771110,2147483647),(9,'0f584f9c-befb-a17e-b205-765cd7efde33',719.50,0,1505369075,2147483647),(10,'13225a3e-f16a-ebb0-450d-3a0a00ade5ca',910.00,0,1505369075,2147483647),(11,'c3a9548d-832d-57f2-fdd9-18f9dc397fb5',1157.00,0,1505369075,2147483647),(12,'501969d6-b26d-bb2d-29e3-5264a923def9',969.00,0,1505369075,2147483647),(13,'bf670625-f384-b056-fab9-4c3f45314aa2',949.00,0,1505369075,2147483647),(14,'aab70efb-92e5-7f6c-423f-e3d4e4f5ac83',1000.00,0,1505369075,1505369075),(17,'a4e6de38-15c9-9199-f139-68f8d3571899',1000.00,0,1505379783,1505379783),(18,'9175a40c-31f2-bbec-2134-27935378cf65',1150.20,0,1506049638,2147483647),(19,'b49431dc-5f76-2813-547d-198ff2e6e3a8',1000.00,0,1506178625,1506178625),(20,'3ca03517-fc7f-d67c-45c3-5ce84f58d92d',1000.00,0,1506228363,1506228363),(21,'723885d5-28ac-a37f-45cb-938ae707208a',1000.00,0,1506320046,1506320046),(22,'c22311b4-4651-d39e-3c7c-22a69261310d',1000.00,0,1506525699,1506525699),(23,'7ec7e7e8-bd19-b84d-c352-884c434e9452',0.00,0,1506585342,1506585342),(24,'764901cb-a00b-78a2-4a67-523552c88a5f',0.00,0,1506604287,1506604287),(25,'8b172a9d-bcc6-002d-024f-f7842f3d4b87',0.00,0,1506608545,1506608545),(26,'026d27a6-eb7e-2688-a6e4-2f3199fce4ef',0.00,0,1507025700,1507025700),(27,'2f16d4fb-5378-6749-b27d-e802bd689bfb',0.00,0,1508218890,1508218890),(28,'4f1f968b-5fe1-82bc-4867-b55bd669ed20',0.00,0,1508720342,1508720342),(29,'ed59c117-8a4c-9d88-adcf-840a97de634a',0.00,0,1508833043,1508833043);
