# Host: rm-2ze125ne5236itso9o.mysql.rds.aliyuncs.com  (Version: 5.6.34)
# Date: 2017-11-09 11:55:26
# Generator: MySQL-Front 5.3  (Build 4.234)

/*!40101 SET NAMES utf8 */;

#
# Structure for table "test"
#

DROP TABLE IF EXISTS `test`;
CREATE TABLE `test` (
  `p_id` int(11) unsigned NOT NULL AUTO_INCREMENT,
  `id` int(11) NOT NULL,
  `name` varchar(255) DEFAULT NULL,
  `seconds` int(11) NOT NULL DEFAULT '0',
  `create_time` int(11) NOT NULL DEFAULT '0',
  PRIMARY KEY (`p_id`),
  UNIQUE KEY `id` (`id`)
) ENGINE=InnoDB AUTO_INCREMENT=8 DEFAULT CHARSET=utf8;

#
# Data for table "test"
#

INSERT INTO `test` VALUES (1,1,'Tony',120,1508204938),(2,2,'李晓',7200,1508204999),(3,3,'张张',30,0),(4,4,'李莉',20,0),(5,5,'啦啦',19,0),(6,6,'美美',19,0),(7,7,'红红',20,0);

#
# Structure for table "qxd_act_plan"
#

DROP TABLE IF EXISTS `qxd_act_plan`;
CREATE TABLE `qxd_act_plan` (
  `p_id` int(11) unsigned NOT NULL AUTO_INCREMENT,
  `id` char(36) NOT NULL DEFAULT '',
  `community_id` char(36) NOT NULL DEFAULT '' COMMENT '外键，关联所属社群ID',
  `name` varchar(64) NOT NULL DEFAULT '' COMMENT '行动计划名称',
  `cover_image` varchar(127) NOT NULL DEFAULT '' COMMENT '封面图片',
  `description` varchar(255) NOT NULL DEFAULT '' COMMENT '行动计划简介',
  `fee` decimal(10,2) NOT NULL DEFAULT '0.00' COMMENT '费用',
  `mode` enum('0','1') NOT NULL DEFAULT '0' COMMENT '0 普通模式 1 普通模式+挑战者模式',
  `total_participant` int(11) unsigned NOT NULL DEFAULT '99' COMMENT '累计参与人数',
  `task_num` int(11) unsigned NOT NULL DEFAULT '0' COMMENT '内含任务总数',
  `create_time` int(10) unsigned NOT NULL DEFAULT '0' COMMENT '创建时间',
  `update_time` int(11) NOT NULL DEFAULT '0',
  `delete_time` int(10) unsigned NOT NULL DEFAULT '0' COMMENT '删除时间',
  PRIMARY KEY (`p_id`),
  UNIQUE KEY `id` (`id`),
  KEY `community_id` (`community_id`,`mode`)
) ENGINE=InnoDB AUTO_INCREMENT=90 DEFAULT CHARSET=utf8 COMMENT='行动计划表';

#
# Data for table "qxd_act_plan"
#

INSERT INTO `qxd_act_plan` VALUES (1,'0b5c4926-860f-3c9c-f7dc-196937ecbced','7d081b3c-1c59-b827-d71a-561c58db5a87','为你读诗','http://qxd-test.oss-cn-beijing.aliyuncs.com/user-dir/UHzSB59u8z930tCxWuceJs9C97s1x3JC.png','诗歌是生活是美好，每日为孩子夜诵，伴随孩子进入甜蜜的梦境。',29.00,'1',100,0,1508294590,1508294590,0),(2,'0ef9462a-d1a4-4089-3025-0a053ea110e8','e20d3eea-4164-01ab-fd23-aa2e93836b09','耳机日久见是埃及卡吗','http://qxd-test.oss-cn-beijing.aliyuncs.com/user-dir/9va49YvX1TtL2L1RKCeC7dWJUR65GT9e.png','大家极大的九十斤说你什么吗',20.00,'1',99,0,1506318401,1506318401,0),(3,'0f6f6fba-c7ab-a432-d47a-0ff04b75a972','76826caa-6894-f6b9-3ac3-de33e01879c2','行动计划004','http://api.go-qxd.com/images/nx-qxd-logo.jpg','004简介',19.00,'0',101,2,1504764696,1504764696,0),(4,'0fc1011e-9baf-0360-4c27-6489c2740589','c95134b4-83d5-ce44-6e79-c3273f807e71','4','http://qxd-test.oss-cn-beijing.aliyuncs.com/user-dir/kundefinedzF7dQ3vEyH5PLEk8RnundefinedvKpTUBbWmc6.png','4',1.00,'1',101,4,1508922993,1508922993,0),(5,'185b6957-3732-3ca0-3b96-8fd9a7295363','76826caa-6894-f6b9-3ac3-de33e01879c2','行动计划001','http://api.go-qxd.com/images/nx-qxd-logo.jpg','001简介',20.00,'1',104,0,1503975099,1503977300,0),(6,'186e78c3-d884-40b0-5b4b-87991525f143','523255d2-8de8-3a03-ea11-26c4a0099866','2222','http://qxd-test.oss-cn-beijing.aliyuncs.com/user-dir/GHzTWncjzvir5FVnVh81UiLdWHVnkBBp.png','4444',2.00,'0',100,0,1506318459,1506318459,0),(7,'194d762c-b1c4-1a41-94cb-249da58a1378','a7e3276b-95c7-806f-c6c9-a6d004011c15','1016','http://qxd-test.oss-cn-beijing.aliyuncs.com/user-dir/qU21ueGDruiWyzGaYxKG3umBTyVkK0bH.png','去去去去去',1.00,'0',102,2,1508138623,1508138623,0),(8,'1c0e7e6b-ab03-6fe3-5304-594258140f0e','d4cad79d-6d01-8548-d4f2-86323314cbeb','俩3','http://qxd-test.oss-cn-beijing.aliyuncs.com/user-dir/E46YT4Gzp5wSraeRFp1W905upCEp7tm7.png','111111',1.00,'1',101,4,1508981037,1508981037,0),(9,'2b367999-f19d-fe14-6070-59cb341bc950','d4cad79d-6d01-8548-d4f2-86323314cbeb','普通1','http://qxd-test.oss-cn-beijing.aliyuncs.com/user-dir/9XcJL1gGq502s3KEWifTmqh35iQb9LLC.png','111',1.00,'1',104,4,1508980867,1508980867,0),(10,'2eab278c-a0fd-b21f-3cbb-262a928ce51f','892c80b0-750c-0742-c6a4-5c1105285bee','这是第四个行动计划','http://weixin.go-qxd.com/static/img/user/img4.png','这是行动计划的简介',45.00,'0',100,0,1505383596,1505383596,0),(11,'323c8ea3-1955-566d-d8a8-e17839bf61e0','c95134b4-83d5-ce44-6e79-c3273f807e71','3','http://qxd-test.oss-cn-beijing.aliyuncs.com/user-dir/1g48WifKC7cKmxQx1THfzKm8KSyB1Giq.png','3',1.00,'1',102,4,1508922946,1508922946,0),(12,'391a0083-88e0-00cb-d570-e14735980bac','7d081b3c-1c59-b827-d71a-561c58db5a87','和孩子一起动手玩游戏，体会学乐无穷','http://qxd-test.oss-cn-beijing.aliyuncs.com/user-dir/4wShckkuDXT1LrX3D8ufq7Th4hX5akVG.png','60个精心筛选的知识性小游戏，简单易操作，却蕴含着丰富的科学知识，能够让孩子在不知不觉中进入开发思维的最佳状态。不等了，现在就来试试吧！',49.00,'1',99,0,1508295726,1508295726,0),(13,'47804edb-3cd8-d788-6234-bb4b7ef83482','d4cad79d-6d01-8548-d4f2-86323314cbeb','普通2','http://qxd-test.oss-cn-beijing.aliyuncs.com/user-dir/tYcUwGtDGFGcuSf8dFdpWY5mdVnsUb6m.png','111111',1.00,'0',102,3,1508980944,1508980944,0),(14,'48e7eb69-8b48-3ca2-e575-836db28c5256','a39fb9d1-42fb-96e6-9a4a-4e38e85237f6','计划一','http://qxd-test.oss-cn-beijing.aliyuncs.com/user-dir/RUUxP9rY5Fk6XePvWy1undefinedsXGU1rDvwJmK.png','你的生活会是怎样',1.00,'0',101,1,1508832707,1508832707,0),(15,'4ca6236d-d2e9-dd27-24b2-6f02459cbbe8','9b3c8069-acba-6686-3e35-a3dbc4872d8d','界面剂','http://qxd-test.oss-cn-beijing.aliyuncs.com/user-dir/Kupfxiwt4RS5SLwsLRnT9wRyGDGQjcU9.png','许昊了',1.00,'1',100,6,1507703092,1507703092,0),(16,'4cca7506-c80d-8311-281f-158a3fe74346','dc632f78-d7e8-18e6-1e37-d2e759329e7c','222','http://qxd-test.oss-cn-beijing.aliyuncs.com/user-dir/SGssj87W3w40qvU2Yd1CWFvFPRUbEB8j.png','222',20.00,'1',100,0,1506653636,1506653636,0),(17,'4db41cdd-ee87-54a9-9864-4c0efb4237e2','76826caa-6894-f6b9-3ac3-de33e01879c2','行动计划003','http://api.go-qxd.com/images/nx-qxd-logo.jpg','003简介',19.00,'0',101,0,1504763790,1504763790,0),(18,'4e7f6f47-9b3e-b9c1-a5a7-bc8879f7ab4b','892c80b0-750c-0742-c6a4-5c1105285bee','这是第九个行动计划','http://weixin.go-qxd.com/static/img/user/img4.png','这是行动计划的简介',45.00,'0',99,0,1505383653,1505383653,0),(19,'503025f3-04d9-2d41-3d57-e18a662b443a','5e539f48-231e-7eb5-145c-646da24ae942','竖着耳朵的兔子','http://qxd-test.oss-cn-beijing.aliyuncs.com/user-dir/BKrkPuj7kDQsn3cSB1QvgyFtQxGusGGi.png','这种下我说要求学院子大码女装店主银耳边防守望月城里孩子就算错',45.00,'1',102,2,1506069512,1506404101,0),(20,'5294c02e-6f7c-de8d-6b83-754809954c7e','8321ad0b-7e93-2cc4-9db0-4032432e170d','三个月轻松玩转儿童简笔画','http://qxd-test.oss-cn-beijing.aliyuncs.com/user-dir/HPKus2t4aUE9YsmEPDJJ0zVwW9DxdiyF.png','画里有童真，画里有你的全世界。',49.00,'1',100,0,1508297542,1508297542,0),(21,'57818010-8294-465f-7c52-1778ad775f24','d4cad79d-6d01-8548-d4f2-86323314cbeb','俩1','http://qxd-test.oss-cn-beijing.aliyuncs.com/user-dir/6RDundefined4r73dTeL90PriXuC4eFezvrKtk1D.png','111111',1.00,'1',103,4,1508980973,1508980973,0),(22,'6232b1b0-24ae-15f7-5794-becb7edfc372','7d081b3c-1c59-b827-d71a-561c58db5a87','三个月轻松玩转简笔画','http://qxd-test.oss-cn-beijing.aliyuncs.com/user-dir/gJundefinedBX74x0EwrGsundefinedjHG4zUcf3DuUnLUzj.png','图画是孩童的交流工具，让他们在绘画中表达对外界的认知、生活经验、情感、兴趣和愿望。与孩子一起画画，记录并反映他们的成长。',49.00,'0',99,0,1508293104,1508293104,0),(23,'627066d0-b85e-b929-369d-767e5e99d45c','dc632f78-d7e8-18e6-1e37-d2e759329e7c','333','http://qxd-test.oss-cn-beijing.aliyuncs.com/user-dir/YDVD8xH30eRHTGuCKWsVqHj6uhiBaVF9.png','333',33.00,'1',100,0,1506653673,1506653673,0),(24,'66ab003d-e034-25d1-265d-d5e61fd5536f','1f83549c-7fb7-4c2a-27e0-0b11cfbd337b','测试任务的社群','http://qxd-test.oss-cn-beijing.aliyuncs.com/user-dir/crhYsmvrmXVYxa2aqHCntgGpja3ztSQ5.png','\n如题',1.00,'1',101,2,1508481746,1508481746,0),(25,'67342c86-f436-a536-0be6-4e99b43eb66a','8f5aa4d9-7249-9515-80a9-ee8839a5db12','第一个行动计划','http://qxd-test.oss-cn-beijing.aliyuncs.com/user-dir/65GpfB3EF6V440JRc4bL4yiUL2BgBU45.png','这里时间姐',1.00,'0',104,1,1508211188,1508211188,0),(26,'6898ecc5-cb5b-c7cd-0cfc-79706b8a5473','9b3c8069-acba-6686-3e35-a3dbc4872d8d','魔肚肚疼的','http://qxd-test.oss-cn-beijing.aliyuncs.com/user-dir/qCDCbuQE7aXVtmeyvyCBBundefinedp68Wj5EkgS.png','太抠了嗯呀',43.00,'1',100,2,1506580814,1506580814,0),(27,'69a7e45a-fedd-649c-b075-645bb79cec4d','67ff98d2-677b-fb18-8dad-83a39b2e8766','先随便搞个别弹窗了','http://qxd-test.oss-cn-beijing.aliyuncs.com/user-dir/Wu8PxeU8LQ7fPLY88c0v8fv0uyek9rWm.png','七七七七七七',5.00,'1',102,0,1507540386,1507540386,0),(28,'69b6961c-d4f8-754a-1b3b-68277d8db3a0','5e539f48-231e-7eb5-145c-646da24ae942','是啊他用来吧','http://qxd-test.oss-cn-beijing.aliyuncs.com/user-dir/sEtFxEuq4VHRn0y20Qd9skbV57Jvrg1k.png','这么大家伙食了个头条纹的连衣裙',33.00,'0',101,0,1506069720,1506069720,0),(29,'6a7a3466-99be-d490-393b-862199fff6a4','a7e3276b-95c7-806f-c6c9-a6d004011c15','行动改','http://qxd-test.oss-cn-beijing.aliyuncs.com/user-dir/Yj6cRsk5vfFzDrmvs5xdLQnGnkef9hn5.png','点就打晋级',1.00,'0',104,5,1506318236,1508292074,0),(30,'6d68daf3-4f26-5b4c-229b-9907453a8781','5e539f48-231e-7eb5-145c-646da24ae942','这是从编辑页面过来的','http://qxd-test.oss-cn-beijing.aliyuncs.com/user-dir/qCgDSh97BkBnbR6Kd7kr1tSqTHxp9LXE.png','你的时候就客家话就',48.00,'0',102,1,1506069331,1506575290,0),(31,'705fb4c8-2542-b5c9-1205-e43ba6fa4e69','5e539f48-231e-7eb5-145c-646da24ae942','为你来自拍拍屁股份','http://qxd-test.oss-cn-beijing.aliyuncs.com/user-dir/dxkBLT6pazundefinedGe4mV6DhzpmuaiG4iWgUU.png','是啊我们在家里程又是吗',45.00,'1',101,0,1506579912,1506579912,0),(32,'728162a2-06b2-0053-7c30-d0a7e1350d7c','a7e3276b-95c7-806f-c6c9-a6d004011c15','qazwsxfs','http://qxd-test.oss-cn-beijing.aliyuncs.com/user-dir/yqyfgr1dg2TYfcJ9EGartjmundefinedydnPtJc3.png','ddjsjjjj',40.00,'1',101,3,1506596210,1506596210,0),(33,'7683c426-100a-8ba0-aec7-6377c0d997fc','a39fb9d1-42fb-96e6-9a4a-4e38e85237f6','感又很快速发展','http://qxd-test.oss-cn-beijing.aliyuncs.com/user-dir/JXrLE1amuiC2m065nB794c7sdQjCzP7X.png','你是我们在一起床位出租司机',40.00,'1',101,1,1506580035,1506580035,0),(34,'7f5e895d-5a2e-8e23-5af7-5a170be636d0','6bbad53c-f230-5f6d-56ae-7717d7ffe2c5','哈哈哈哈哈哈','http://qxd-test.oss-cn-beijing.aliyuncs.com/user-dir/2mqundefinednSmm80EvhV4V27hxTz6n5QgPGCjR.png','哈哈哈哈哈哈',1.00,'1',100,0,1508308328,1508308328,0),(35,'80e0efd0-7232-cd54-72fd-57b6811cb81f','ec685e49-3456-6a37-8220-be6bb35868ae','第一个社群的第一个','http://qxd-test.oss-cn-beijing.aliyuncs.com/user-dir/HWBH5gQXDay9Fhda4y5BWj8KPn4yLEBe.png','第一个社群的第一个行动计划的简介',1.00,'1',108,2,1506322861,1508223348,0),(36,'88e7a1f0-40d1-deb5-95a5-0d878f177e2a','8801efbd-1bd5-50d8-3b89-bea68d6a316c','行动计划1⃣️','http://qxd-test.oss-cn-beijing.aliyuncs.com/user-dir/4ihkSwUrLjFWsJVcGFmk6aYebveDGm31.png','《我不》',9.90,'0',99,1,1508392004,1508392004,0),(37,'8b93f5b0-927f-f4fb-0696-547bf81548a2','dc632f78-d7e8-18e6-1e37-d2e759329e7c','111','http://qxd-test.oss-cn-beijing.aliyuncs.com/user-dir/ewymundefined2XFHs1RxhugPT611rkmkh7fruFq.png','222',30.00,'1',101,0,1506653583,1506653583,0),(38,'8e53a120-c0cc-dde6-9cfe-e52ec40723b4','9b3c8069-acba-6686-3e35-a3dbc4872d8d','托管我啥事都没有','http://qxd-test.oss-cn-beijing.aliyuncs.com/user-dir/h9Ly8QTjYtQdundefinedUru7GurJfJwxLivQUCR.png','去了啊我的天哪个好的嘛！',33.00,'1',100,1,1506594980,1506594980,0),(39,'9032b796-0e00-ac1d-6dfb-b9d7ba9ca3d3','7d081b3c-1c59-b827-d71a-561c58db5a87','有话好好说，和你的孩子做朋友','http://qxd-test.oss-cn-beijing.aliyuncs.com/user-dir/93rundefined6304w5DbqvD0KpQd6671iBYR7jJ6.png','做父母往往是一个惊喜与抓狂交织的过程，除了方便你一时情绪宣泄的打骂方式，不妨试着发挥你的聪明才智和创新能力，让你和孩子之间更多良性互动。',49.00,'0',99,0,1508293866,1508293918,0),(40,'90756233-db97-0acd-5b4d-ca1607f9c7ea','892c80b0-750c-0742-c6a4-5c1105285bee','这是第六个行动计划','http://weixin.go-qxd.com/static/img/user/img6.png','这是行动计划的简介',45.00,'0',99,0,1505383624,1505383624,0),(41,'9360c704-5532-9ab2-812a-814b45f40e91','5f3d274c-0ab9-d9a6-8e5a-4a150f8ba29d','门诊量','http://qxd-test.oss-cn-beijing.aliyuncs.com/user-dir/YgFig6zundefined9hejVWGJmKkuCUphnFEz6Cn5.png','巨魔王的哦五天八小时',48.00,'1',100,0,1506573042,1506573042,0),(42,'9425baea-cf1d-5bb5-203a-91f72fcd18fd','892c80b0-750c-0742-c6a4-5c1105285bee','这是第五个行动计划','http://weixin.go-qxd.com/static/img/user/img5.png','这是行动计划的简介',45.00,'0',100,0,1505383611,1505383611,0),(43,'98272263-0337-dc22-1e8f-f14951683dbd','c95134b4-83d5-ce44-6e79-c3273f807e71','1111','http://qxd-test.oss-cn-beijing.aliyuncs.com/user-dir/kzugk7bWXmvst9749RqXULkundefined17539Sfq.png','1111',1.00,'1',103,6,1508919767,1508919767,0),(44,'9b047d08-5096-6a4e-2603-7629673c3bf2','a7e3276b-95c7-806f-c6c9-a6d004011c15','行动eurifjsaj','http://qxd-test.oss-cn-beijing.aliyuncs.com/user-dir/vYXxkvvdJ6Xp9FBCundefinedfPigqqbtqgWxzUH.png','点就打晋级案件的建设卡啊可',49.00,'1',103,5,1506318280,1506318280,0),(45,'9dbc2140-58c7-34e4-48f8-0c182de1c55c','6bbad53c-f230-5f6d-56ae-7717d7ffe2c5','试一下','http://qxd-test.oss-cn-beijing.aliyuncs.com/user-dir/sVmt8ivHrnYcCSnsx7Jvbhy2ctWp6gjs.png','试一下',49.00,'0',99,0,1508898753,1508898753,0),(46,'a88b4fc0-0652-d590-a162-4574de7b903d','892c80b0-750c-0742-c6a4-5c1105285bee','这是第一个行动计划','http://weixin.go-qxd.com/static/img/user/img1.png','这是行动计划的简介',45.00,'0',101,10,1505383477,1505383477,0),(47,'aa994cbb-d1a1-915d-aa1e-9efd52b70b8f','7d081b3c-1c59-b827-d71a-561c58db5a87','亲子故事--《三十六计》','http://qxd-test.oss-cn-beijing.aliyuncs.com/user-dir/2iXyEtGE534qqTqfs63mck2awp9XLHLE.png','读史使人明智。《三十六计》是根据中国古代汉族军事思想和丰富的斗争经验总结而成的兵书，是中华民族历史悠久的非物质文化遗产之一。',36.00,'0',99,0,1508294388,1508294388,0),(48,'ae006054-4185-5f46-c031-4ef2f6ceb4ff','76826caa-6894-f6b9-3ac3-de33e01879c2','行动计划002','http://api.go-qxd.com/images/nx-qxd-logo.jpg','002简介',19.00,'0',99,0,1505213933,1505213933,0),(49,'aee0a494-0b37-0291-276e-7ec55f430c9b','5f3d274c-0ab9-d9a6-8e5a-4a150f8ba29d','季默','http://qxd-test.oss-cn-beijing.aliyuncs.com/user-dir/hvreny0YzUzHjkLYXEsxHwcnundefinedpiQ1Xwj.png','巨魔王的',49.00,'1',100,0,1506572968,1506572968,0),(50,'b0b25ecb-bc0b-69e8-3fe8-d8e616b5c8ea','d4cad79d-6d01-8548-d4f2-86323314cbeb','俩4','http://qxd-test.oss-cn-beijing.aliyuncs.com/user-dir/qUHVzRSjWj3vVDGT4PPCpYXrF2j857fB.png','444',5.00,'1',101,4,1508983509,1508983509,0),(51,'b61be6c8-84d9-f437-5994-2f7a5a262690','d4cad79d-6d01-8548-d4f2-86323314cbeb','俩。。。。','http://qxd-test.oss-cn-beijing.aliyuncs.com/user-dir/RwuGrRbJa5WCatundefinedsc33TqundefinedGcVP3YaK0q.png','啊啊啊啊啊',1.00,'1',99,0,1508983583,1508983583,0),(52,'b882428e-e2c9-5cd2-10d3-6842a67daf0b','c95134b4-83d5-ce44-6e79-c3273f807e71','222','http://qxd-test.oss-cn-beijing.aliyuncs.com/user-dir/92KQ3s3gxQJUYeKbLFEEhDG4qLQ7chmh.png','222',1.00,'0',102,4,1508922892,1508922892,0),(53,'b885ed62-8eaa-6b98-213d-30ef17e2f189','76826caa-6894-f6b9-3ac3-de33e01879c2','行动计划002','http://api.go-qxd.com/images/nx-qxd-logo.jpg','002简介',19.00,'0',103,0,1504780182,1504780182,0),(54,'b890bdde-48f4-28d9-6f24-3791b32a986e','76826caa-6894-f6b9-3ac3-de33e01879c2','行动计划002','http://api.go-qxd.com/images/nx-qxd-logo.jpg','002简介',1.00,'1',100,0,1504750325,1505268796,0),(55,'b9819e90-164e-4728-1729-0a2683d27359','58d153d9-1702-e225-7cbc-59a453386bca','qwertyy','http://qxd-test.oss-cn-beijing.aliyuncs.com/user-dir/WTSULEEr85sTvwwnyP87S43ggpain9kg.png','沙发上网费是阿阿阿方的',1.00,'0',101,6,1506318345,1506318345,0),(56,'b9d5b618-4349-af90-4151-567715d9639c','d4cad79d-6d01-8548-d4f2-86323314cbeb','俩2','http://qxd-test.oss-cn-beijing.aliyuncs.com/user-dir/c3XeQK9PtDBHis8VGDmKHJJ6ap3a08B2.png','111111',1.00,'1',102,4,1508981003,1508981003,0),(57,'bace4a01-49da-ebc1-1057-b5be052e2d9f','a39fb9d1-42fb-96e6-9a4a-4e38e85237f6','计划三','http://qxd-test.oss-cn-beijing.aliyuncs.com/user-dir/pJWmRTEuL3BHc97D1yundefined3SJ3KjQCxCrwx.png','是不是真的不能勉强大有好处于一个人所得税法',1.00,'1',100,0,1508832779,1508832779,0),(58,'c3fa5b03-88db-5fe5-5c9c-6308a23ea4cf','5e539f48-231e-7eb5-145c-646da24ae942','这是挑战赛','http://qxd-test.oss-cn-beijing.aliyuncs.com/user-dir/5JgTWgcWYGVGUkmbccY230j6VBmChu2s.png','挑战者联盟',1.00,'1',99,0,1507702627,1507702627,0),(59,'c442c885-2f38-a383-b70c-6b47cfda4c92','6bbad53c-f230-5f6d-56ae-7717d7ffe2c5','ᕕ(ᐛ)ᕗ变身!','http://qxd-test.oss-cn-beijing.aliyuncs.com/user-dir/T6vqQTgBuUJKdwX8BGxWjW58x280RQyR.png','ᕕ(ᐛ)ᕗ变身!',49.00,'0',99,0,1508899047,1508899047,0),(60,'c8b749ba-86bf-deaa-82a4-59dc7db14975','a39fb9d1-42fb-96e6-9a4a-4e38e85237f6','这个性感又很快速发展','http://qxd-test.oss-cn-beijing.aliyuncs.com/user-dir/DzDYDPxj9zE3Sjha8aKEbLG0fUpcB2qu.png','你是我们的爱情会议论你是不是在一起床位出租司机',20.00,'0',102,3,1506579986,1506579986,0),(61,'cc2c3ac0-b282-2027-40f8-15c4132e6c4d','038e8181-d58c-2a87-4c6b-8b3eb7ef354e','念一首诗','http://qxd-test.oss-cn-beijing.aliyuncs.com/user-dir/Kikf1SqeQb7br2t893p039dk1BctzmCb.png','现代诗是我有话对你说，在不拘的地点，让我来念给你听。',39.00,'1',99,0,1508894582,1508894582,0),(62,'cc3c26eb-fe84-78c2-4ef6-d5bcb512a033','5f3d274c-0ab9-d9a6-8e5a-4a150f8ba29d','哦哟阿德莱德','http://qxd-test.oss-cn-beijing.aliyuncs.com/user-dir/i8vGs1Kr74qR1ng5tgk29h96adi5X1Dundefined.png','诹少你无聊的时候',45.00,'0',100,0,1506573364,1506573364,0),(63,'ce71f10a-fe5d-ed75-f49f-c61ca56536df','a39fb9d1-42fb-96e6-9a4a-4e38e85237f6','计划二','http://qxd-test.oss-cn-beijing.aliyuncs.com/user-dir/K7ckFfnLuk9BztmRky5TrkQ1X0C6Wwde.png','不能自拔河中午夜时分时',5.00,'1',100,0,1508832745,1508832745,0),(64,'cefdf1fd-4f85-f1d4-014b-24e3d3be2c7f','4bb22543-ec8c-e247-1f1e-b6d519811c90','从工作尚未开始到结束你需要知道的','http://qxd-test.oss-cn-beijing.aliyuncs.com/user-dir/mBL2UjuTicmD8zJ7G4prrkT8pyK5aBiJ.png','游刃有余地处理一切在工作中可能遇到的问题，即使不能尽善尽美，至少做到有备而去。',24.00,'0',99,0,1508297077,1508297077,0),(65,'d18b8df2-7d8f-c936-da01-17a98252b7ee','ec16645b-cc9c-a7c8-536f-955219154cd2','作为管理员创建的行动计划No.1','http://weixin.go-qxd.com/static/img/user/img7.png','描述什么的最烦了!',33.00,'1',99,0,1505464333,1505464333,0),(66,'d400d687-795f-e3eb-caa4-e3401f4bc348','a39fb9d1-42fb-96e6-9a4a-4e38e85237f6','修改一下','http://qxd-test.oss-cn-beijing.aliyuncs.com/user-dir/9kaundefinedLFiQwqhxtDC5S6wDSYDDCwdnS7Ss.png','在一起床位紧张局势的变化',1.00,'1',102,2,1507702847,1508292079,0),(67,'d5d1eb94-bebd-1f2f-bf31-23e1616f935e','5e539f48-231e-7eb5-145c-646da24ae942','强调节能够意思吧唧','http://qxd-test.oss-cn-beijing.aliyuncs.com/user-dir/w7wg4w9HdQd0gfF7LLzprkU25q7Ft6c3.png','一定程度假水电费',45.00,'1',105,1,1506065696,1506075291,0),(68,'d5dd2511-4020-6fc5-175b-ed02ecc88d86','5f3d274c-0ab9-d9a6-8e5a-4a150f8ba29d','魔图','http://qxd-test.oss-cn-beijing.aliyuncs.com/user-dir/hundefinedHF1PdKw5HKj3Ejw0FtEVrEJ5Yn9k3s.png','猪头饼丝巾帼英雄',39.00,'1',100,0,1506575030,1506575030,0),(69,'d6747dbf-acb0-7b88-bc6d-9495c686d182','d4cad79d-6d01-8548-d4f2-86323314cbeb','俩5','http://qxd-test.oss-cn-beijing.aliyuncs.com/user-dir/5s4acpgQmxuV1inpuGjkPbHdu7L7FUnV.png','666',1.00,'1',99,0,1508983543,1508983543,0),(70,'da3c2cf4-75ef-1c01-d295-2ecb1f4750e1','892c80b0-750c-0742-c6a4-5c1105285bee','这是第十个行动计划','http://weixin.go-qxd.com/static/img/user/img4.png','这是行动计划的简介',45.00,'0',99,0,1505383661,1505383661,0),(71,'e059d9f5-0b98-1a68-dd19-70e19c83da87','892c80b0-750c-0742-c6a4-5c1105285bee','这是第三个行动计划','http://weixin.go-qxd.com/static/img/user/img3.png','这是行动计划的简介',45.00,'0',100,0,1505383582,1505383582,0),(72,'e18ce753-d466-1234-5f23-7ef5b16bbdef','dc632f78-d7e8-18e6-1e37-d2e759329e7c','444','http://qxd-test.oss-cn-beijing.aliyuncs.com/user-dir/kFV9DbKc6pavSgzJT59L572R4KRtdRzX.png','444',20.00,'1',100,0,1506656602,1506656602,0),(73,'e4162903-c02c-3690-04b6-43234093607c','9b3c8069-acba-6686-3e35-a3dbc4872d8d','孔雀东南飞','http://qxd-test.oss-cn-beijing.aliyuncs.com/user-dir/X1hkJ7EncrRf5kCBvz21YJSL2V5XcQTC.png','他问我',1.00,'0',100,1,1507703966,1507703966,0),(74,'e71e2036-6d73-5aa4-471f-df9c2d1d1bcf','1f83549c-7fb7-4c2a-27e0-0b11cfbd337b','测试的社群2','http://qxd-test.oss-cn-beijing.aliyuncs.com/user-dir/BpGjundefined3Pk6zmmDULjBs8c97gYSfh5n8Eb.png','随意',1.00,'1',101,3,1508481916,1508481916,0),(75,'e94a1ecd-4792-df95-7993-c86620495f85','2d186dae-8300-492a-fa64-5ed167ed8510','随便','http://qxd-test.oss-cn-beijing.aliyuncs.com/user-dir/HXzcundefineddDefCEWisgykTEYQKgL36wh4qCs.png','随便',1.00,'1',99,0,1508744922,1508744922,0),(76,'ef9c7602-db5d-5a87-b2d8-137a71632563','892c80b0-750c-0742-c6a4-5c1105285bee','这是第二个行动计划','http://weixin.go-qxd.com/static/img/user/img2.png','这是行动计划的简介',45.00,'0',100,0,1505383572,1505383572,0),(77,'f03b0eb6-245d-d349-5f61-d0f966fd90ce','5f3d274c-0ab9-d9a6-8e5a-4a150f8ba29d','哦哟哟','http://qxd-test.oss-cn-beijing.aliyuncs.com/user-dir/undefinedEc7X93Wj0sxGfjhv73LHjmvundefinedBLtTQ2H.png','诹少蜗居呢饿不',46.00,'0',100,0,1506573238,1506573238,0),(78,'f2c7eaa1-3a19-ec2c-0077-a8bb9dca9bb3','892c80b0-750c-0742-c6a4-5c1105285bee','这是第七个行动计划','http://weixin.go-qxd.com/static/img/user/img7.png','这是行动计划的简介',45.00,'0',100,0,1505383634,1505383634,0),(79,'f53c4e29-43f7-80a3-e5c5-36606a0725a1','892c80b0-750c-0742-c6a4-5c1105285bee','这是第八个行动计划','http://weixin.go-qxd.com/static/img/user/img4.png','这是行动计划的简介',45.00,'0',100,0,1505383644,1505383644,0),(80,'f7727250-7fa5-6898-1baf-fb31052cbd67','7d081b3c-1c59-b827-d71a-561c58db5a87','一天一点思维游戏','http://qxd-test.oss-cn-beijing.aliyuncs.com/user-dir/n4vpFaRCDEQCuXQi0WEn0yLaundefinediE6Q2hT.png','每天和孩子一起玩一个思维游戏，开发多元智能，越玩越聪明！',30.00,'1',102,0,1508292590,1508292590,0),(81,'f9dd182c-f623-2632-7f5f-d33f947782ae','4716c7f4-2195-0a17-2d7d-9cfed7a5cb3a','一天一点思维游戏','http://qxd-test.oss-cn-beijing.aliyuncs.com/user-dir/dLfCXD2nwDiprFundefinedundefined3pE2SFundefinedKkLhTtLJd.png','越玩越聪明！',29.00,'1',99,0,1508296572,1508296572,0),(82,'fad07257-cbc7-ca58-c5f4-502c387cd2f0','9b3c8069-acba-6686-3e35-a3dbc4872d8d','物语','http://qxd-test.oss-cn-beijing.aliyuncs.com/user-dir/jXnk6zuDRE3undefinedeiv2qDQcvDsUiDwT3p5m.png','退咯么了悟偶遇',43.00,'1',100,0,1506594920,1506595017,0),(83,'d7c8f6a7-d10f-4fc7-ff54-91b96531a706','3a4d382d-fae8-dc11-0db4-2c214897fa91','京津冀','http://qxd-test.oss-cn-beijing.aliyuncs.com/user-dir/vfQpfXceXBk1DCDPsYEj71gPDp1uqTcz.png','嗯嗯',9.00,'1',99,1,1509086275,1509086275,0),(84,'3f5159cb-9ca7-ab7d-b1a5-08011b3ac4b4','58d153d9-1702-e225-7cbc-59a453386bca','111','http://qxd-test.oss-cn-beijing.aliyuncs.com/user-dir/s4sTEWk7zi10ah3tgUVv4D2FTeGRcQga.png','111',1.00,'1',101,1,1509332893,1509332893,0),(85,'f1318988-2886-002f-631f-8fb594d7fd88','a0b5e61b-6e67-1a84-7245-ebd522dcb376','啦啦啦','http://qxd-test.oss-cn-beijing.aliyuncs.com/user-dir/nHaVxUgkDXFFqg9Beb7En0Wn0LFfundefinedtYE.png','今天你吃鸡了嘛？',1.00,'1',100,0,1509952260,1509952260,0),(86,'4be7bb3b-cb10-673b-87cd-af75a678ba3b','76bd6046-ab49-7ed7-e8be-babe32a181bd','哦吼','http://qxd-test.oss-cn-beijing.aliyuncs.com/user-dir/FWdYCVnKBvUFdzpsundefinedhX62y1LzmBnceeQ.png','啦啦啦',1.00,'1',101,0,1509953917,1509953917,0),(87,'446c6fa0-a86c-f0cb-ca43-4e6eac378d4f','2a7861c4-bfe3-cbbd-099c-5efc3b426900','要得','http://qxd-test.oss-cn-beijing.aliyuncs.com/user-dir/6CET8J6iS63HRmcS6nndseundefineds1t3kH4eg.png','嗯嗯',9.00,'1',99,0,1510108905,1510108905,0),(88,'a2e5b162-6e5e-48de-a502-f7e300092bec','64f224d1-fd71-01fb-904b-e465308d566b','啊啊啊啊','http://qxd-test.oss-cn-beijing.aliyuncs.com/user-dir/zD3nD2w5gHHBJeg6dr9ie5HundefinedYcbQnzD2.png','啊啊啊啊',22.00,'1',99,1,1510127267,1510127603,0),(89,'0caf3956-bcd6-6d50-5fb4-c8bcb7ef9c95','64f224d1-fd71-01fb-904b-e465308d566b','啦啦啦啦啦','http://qxd-test.oss-cn-beijing.aliyuncs.com/user-dir/XFxBBw8tCns9V2hCEG2irQRGKG51tKXundefined.png','是多大点事',22.00,'1',99,0,1510127579,1510127579,0);

#
# Structure for table "qxd_act_plan_record"
#

DROP TABLE IF EXISTS `qxd_act_plan_record`;
CREATE TABLE `qxd_act_plan_record` (
  `id` int(11) unsigned NOT NULL AUTO_INCREMENT,
  `user_id` char(36) NOT NULL DEFAULT '' COMMENT '操作人ID',
  `act_plan_id` char(36) NOT NULL DEFAULT '' COMMENT '行动计划ID',
  `type` enum('0','1') NOT NULL DEFAULT '0' COMMENT '操作类型 0 创建 1 编辑',
  `create_time` int(11) NOT NULL DEFAULT '0' COMMENT '操作时间',
  PRIMARY KEY (`id`),
  KEY `user_id` (`user_id`,`act_plan_id`,`type`,`create_time`)
) ENGINE=InnoDB AUTO_INCREMENT=107 DEFAULT CHARSET=utf8 COMMENT='操作记录';

#
# Data for table "qxd_act_plan_record"
#

INSERT INTO `qxd_act_plan_record` VALUES (1,'0a9064ba-711f-5049-9300-c0cc88e1edf7','185b6957-3732-3ca0-3b96-8fd9a7295363','0',1503975099),(2,'0a9064ba-711f-5049-9300-c0cc88e1edf7','185b6957-3732-3ca0-3b96-8fd9a7295363','1',1503977300),(3,'0a9064ba-711f-5049-9300-c0cc88e1edf7','b890bdde-48f4-28d9-6f24-3791b32a986e','0',1504750325),(4,'0a9064ba-711f-5049-9300-c0cc88e1edf7','4db41cdd-ee87-54a9-9864-4c0efb4237e2','0',1504763790),(5,'0a9064ba-711f-5049-9300-c0cc88e1edf7','0f6f6fba-c7ab-a432-d47a-0ff04b75a972','0',1504764696),(6,'0a9064ba-711f-5049-9300-c0cc88e1edf7','b885ed62-8eaa-6b98-213d-30ef17e2f189','0',1504780182),(7,'0a9064ba-711f-5049-9300-c0cc88e1edf7','ae006054-4185-5f46-c031-4ef2f6ceb4ff','0',1505213933),(8,'0a9064ba-711f-5049-9300-c0cc88e1edf7','b890bdde-48f4-28d9-6f24-3791b32a986e','1',1505268796),(9,'b9d25df4-8e9e-f917-f559-4872db0b9ea6','a88b4fc0-0652-d590-a162-4574de7b903d','0',1505383477),(10,'b9d25df4-8e9e-f917-f559-4872db0b9ea6','ef9c7602-db5d-5a87-b2d8-137a71632563','0',1505383572),(11,'b9d25df4-8e9e-f917-f559-4872db0b9ea6','e059d9f5-0b98-1a68-dd19-70e19c83da87','0',1505383582),(12,'b9d25df4-8e9e-f917-f559-4872db0b9ea6','2eab278c-a0fd-b21f-3cbb-262a928ce51f','0',1505383596),(13,'b9d25df4-8e9e-f917-f559-4872db0b9ea6','9425baea-cf1d-5bb5-203a-91f72fcd18fd','0',1505383611),(14,'b9d25df4-8e9e-f917-f559-4872db0b9ea6','90756233-db97-0acd-5b4d-ca1607f9c7ea','0',1505383625),(15,'b9d25df4-8e9e-f917-f559-4872db0b9ea6','f2c7eaa1-3a19-ec2c-0077-a8bb9dca9bb3','0',1505383634),(16,'b9d25df4-8e9e-f917-f559-4872db0b9ea6','f53c4e29-43f7-80a3-e5c5-36606a0725a1','0',1505383644),(17,'b9d25df4-8e9e-f917-f559-4872db0b9ea6','4e7f6f47-9b3e-b9c1-a5a7-bc8879f7ab4b','0',1505383653),(18,'b9d25df4-8e9e-f917-f559-4872db0b9ea6','da3c2cf4-75ef-1c01-d295-2ecb1f4750e1','0',1505383661),(19,'b9d25df4-8e9e-f917-f559-4872db0b9ea6','d18b8df2-7d8f-c936-da01-17a98252b7ee','0',1505464333),(20,'b9d25df4-8e9e-f917-f559-4872db0b9ea6','d5d1eb94-bebd-1f2f-bf31-23e1616f935e','0',1506065696),(21,'b9d25df4-8e9e-f917-f559-4872db0b9ea6','6d68daf3-4f26-5b4c-229b-9907453a8781','0',1506069331),(22,'b9d25df4-8e9e-f917-f559-4872db0b9ea6','503025f3-04d9-2d41-3d57-e18a662b443a','0',1506069512),(23,'b9d25df4-8e9e-f917-f559-4872db0b9ea6','69b6961c-d4f8-754a-1b3b-68277d8db3a0','0',1506069720),(24,'b9d25df4-8e9e-f917-f559-4872db0b9ea6','d5d1eb94-bebd-1f2f-bf31-23e1616f935e','1',1506074896),(25,'b9d25df4-8e9e-f917-f559-4872db0b9ea6','d5d1eb94-bebd-1f2f-bf31-23e1616f935e','1',1506075026),(26,'b9d25df4-8e9e-f917-f559-4872db0b9ea6','d5d1eb94-bebd-1f2f-bf31-23e1616f935e','1',1506075133),(27,'b9d25df4-8e9e-f917-f559-4872db0b9ea6','d5d1eb94-bebd-1f2f-bf31-23e1616f935e','1',1506075291),(28,'b9d25df4-8e9e-f917-f559-4872db0b9ea6','6d68daf3-4f26-5b4c-229b-9907453a8781','1',1506075743),(29,'c3a9548d-832d-57f2-fdd9-18f9dc397fb5','6a7a3466-99be-d490-393b-862199fff6a4','0',1506318236),(30,'c3a9548d-832d-57f2-fdd9-18f9dc397fb5','9b047d08-5096-6a4e-2603-7629673c3bf2','0',1506318280),(31,'c3a9548d-832d-57f2-fdd9-18f9dc397fb5','b9819e90-164e-4728-1729-0a2683d27359','0',1506318345),(32,'c3a9548d-832d-57f2-fdd9-18f9dc397fb5','0ef9462a-d1a4-4089-3025-0a053ea110e8','0',1506318401),(33,'c3a9548d-832d-57f2-fdd9-18f9dc397fb5','186e78c3-d884-40b0-5b4b-87991525f143','0',1506318459),(34,'16e1481c-86e7-b9a5-e707-a1b2cdf766c3','80e0efd0-7232-cd54-72fd-57b6811cb81f','0',1506322861),(35,'b9d25df4-8e9e-f917-f559-4872db0b9ea6','6d68daf3-4f26-5b4c-229b-9907453a8781','1',1506398466),(36,'b9d25df4-8e9e-f917-f559-4872db0b9ea6','503025f3-04d9-2d41-3d57-e18a662b443a','1',1506404101),(37,'0f584f9c-befb-a17e-b205-765cd7efde33','aee0a494-0b37-0291-276e-7ec55f430c9b','0',1506572968),(38,'0f584f9c-befb-a17e-b205-765cd7efde33','9360c704-5532-9ab2-812a-814b45f40e91','0',1506573042),(39,'0f584f9c-befb-a17e-b205-765cd7efde33','f03b0eb6-245d-d349-5f61-d0f966fd90ce','0',1506573238),(40,'0f584f9c-befb-a17e-b205-765cd7efde33','cc3c26eb-fe84-78c2-4ef6-d5bcb512a033','0',1506573364),(41,'0f584f9c-befb-a17e-b205-765cd7efde33','d5dd2511-4020-6fc5-175b-ed02ecc88d86','0',1506575030),(42,'b9d25df4-8e9e-f917-f559-4872db0b9ea6','6d68daf3-4f26-5b4c-229b-9907453a8781','1',1506575290),(43,'b9d25df4-8e9e-f917-f559-4872db0b9ea6','705fb4c8-2542-b5c9-1205-e43ba6fa4e69','0',1506579912),(44,'b9d25df4-8e9e-f917-f559-4872db0b9ea6','c8b749ba-86bf-deaa-82a4-59dc7db14975','0',1506579986),(45,'b9d25df4-8e9e-f917-f559-4872db0b9ea6','7683c426-100a-8ba0-aec7-6377c0d997fc','0',1506580035),(46,'0f584f9c-befb-a17e-b205-765cd7efde33','6898ecc5-cb5b-c7cd-0cfc-79706b8a5473','0',1506580814),(47,'0f584f9c-befb-a17e-b205-765cd7efde33','fad07257-cbc7-ca58-c5f4-502c387cd2f0','0',1506594920),(48,'0f584f9c-befb-a17e-b205-765cd7efde33','8e53a120-c0cc-dde6-9cfe-e52ec40723b4','0',1506594980),(49,'0f584f9c-befb-a17e-b205-765cd7efde33','fad07257-cbc7-ca58-c5f4-502c387cd2f0','1',1506595017),(50,'c3a9548d-832d-57f2-fdd9-18f9dc397fb5','728162a2-06b2-0053-7c30-d0a7e1350d7c','0',1506596210),(51,'16e1481c-86e7-b9a5-e707-a1b2cdf766c3','80e0efd0-7232-cd54-72fd-57b6811cb81f','1',1506610294),(52,'3e0b1448-7562-48cc-f885-3986a3bee7fa','8b93f5b0-927f-f4fb-0696-547bf81548a2','0',1506653583),(53,'3e0b1448-7562-48cc-f885-3986a3bee7fa','4cca7506-c80d-8311-281f-158a3fe74346','0',1506653636),(54,'3e0b1448-7562-48cc-f885-3986a3bee7fa','627066d0-b85e-b929-369d-767e5e99d45c','0',1506653673),(55,'3e0b1448-7562-48cc-f885-3986a3bee7fa','e18ce753-d466-1234-5f23-7ef5b16bbdef','0',1506656602),(56,'c3a9548d-832d-57f2-fdd9-18f9dc397fb5','69a7e45a-fedd-649c-b075-645bb79cec4d','0',1507540386),(57,'b9d25df4-8e9e-f917-f559-4872db0b9ea6','c3fa5b03-88db-5fe5-5c9c-6308a23ea4cf','0',1507702627),(58,'b9d25df4-8e9e-f917-f559-4872db0b9ea6','d400d687-795f-e3eb-caa4-e3401f4bc348','0',1507702847),(59,'0f584f9c-befb-a17e-b205-765cd7efde33','4ca6236d-d2e9-dd27-24b2-6f02459cbbe8','0',1507703092),(60,'0f584f9c-befb-a17e-b205-765cd7efde33','e4162903-c02c-3690-04b6-43234093607c','0',1507703966),(61,'c3a9548d-832d-57f2-fdd9-18f9dc397fb5','194d762c-b1c4-1a41-94cb-249da58a1378','0',1508138623),(62,'16e1481c-86e7-b9a5-e707-a1b2cdf766c3','67342c86-f436-a536-0be6-4e99b43eb66a','0',1508211188),(63,'16e1481c-86e7-b9a5-e707-a1b2cdf766c3','80e0efd0-7232-cd54-72fd-57b6811cb81f','1',1508223348),(64,'c3a9548d-832d-57f2-fdd9-18f9dc397fb5','6a7a3466-99be-d490-393b-862199fff6a4','1',1508292074),(65,'b9d25df4-8e9e-f917-f559-4872db0b9ea6','d400d687-795f-e3eb-caa4-e3401f4bc348','1',1508292079),(66,'9175a40c-31f2-bbec-2134-27935378cf65','f7727250-7fa5-6898-1baf-fb31052cbd67','0',1508292590),(67,'9175a40c-31f2-bbec-2134-27935378cf65','6232b1b0-24ae-15f7-5794-becb7edfc372','0',1508293104),(68,'9175a40c-31f2-bbec-2134-27935378cf65','9032b796-0e00-ac1d-6dfb-b9d7ba9ca3d3','0',1508293866),(69,'9175a40c-31f2-bbec-2134-27935378cf65','9032b796-0e00-ac1d-6dfb-b9d7ba9ca3d3','1',1508293918),(70,'9175a40c-31f2-bbec-2134-27935378cf65','aa994cbb-d1a1-915d-aa1e-9efd52b70b8f','0',1508294388),(71,'9175a40c-31f2-bbec-2134-27935378cf65','0b5c4926-860f-3c9c-f7dc-196937ecbced','0',1508294590),(72,'9175a40c-31f2-bbec-2134-27935378cf65','391a0083-88e0-00cb-d570-e14735980bac','0',1508295726),(73,'9175a40c-31f2-bbec-2134-27935378cf65','f9dd182c-f623-2632-7f5f-d33f947782ae','0',1508296572),(74,'9175a40c-31f2-bbec-2134-27935378cf65','cefdf1fd-4f85-f1d4-014b-24e3d3be2c7f','0',1508297077),(75,'9175a40c-31f2-bbec-2134-27935378cf65','5294c02e-6f7c-de8d-6b83-754809954c7e','0',1508297542),(76,'13225a3e-f16a-ebb0-450d-3a0a00ade5ca','7f5e895d-5a2e-8e23-5af7-5a170be636d0','0',1508308328),(77,'0a9064ba-711f-5049-9300-c0cc88e1edf7','88e7a1f0-40d1-deb5-95a5-0d878f177e2a','0',1508392004),(78,'0f584f9c-befb-a17e-b205-765cd7efde33','66ab003d-e034-25d1-265d-d5e61fd5536f','0',1508481746),(79,'0f584f9c-befb-a17e-b205-765cd7efde33','e71e2036-6d73-5aa4-471f-df9c2d1d1bcf','0',1508481916),(80,'0f584f9c-befb-a17e-b205-765cd7efde33','e94a1ecd-4792-df95-7993-c86620495f85','0',1508744922),(81,'b9d25df4-8e9e-f917-f559-4872db0b9ea6','48e7eb69-8b48-3ca2-e575-836db28c5256','0',1508832707),(82,'b9d25df4-8e9e-f917-f559-4872db0b9ea6','ce71f10a-fe5d-ed75-f49f-c61ca56536df','0',1508832745),(83,'b9d25df4-8e9e-f917-f559-4872db0b9ea6','bace4a01-49da-ebc1-1057-b5be052e2d9f','0',1508832779),(84,'9175a40c-31f2-bbec-2134-27935378cf65','cc2c3ac0-b282-2027-40f8-15c4132e6c4d','0',1508894582),(85,'13225a3e-f16a-ebb0-450d-3a0a00ade5ca','9dbc2140-58c7-34e4-48f8-0c182de1c55c','0',1508898753),(86,'13225a3e-f16a-ebb0-450d-3a0a00ade5ca','c442c885-2f38-a383-b70c-6b47cfda4c92','0',1508899047),(87,'3e0b1448-7562-48cc-f885-3986a3bee7fa','98272263-0337-dc22-1e8f-f14951683dbd','0',1508919767),(88,'3e0b1448-7562-48cc-f885-3986a3bee7fa','b882428e-e2c9-5cd2-10d3-6842a67daf0b','0',1508922892),(89,'3e0b1448-7562-48cc-f885-3986a3bee7fa','323c8ea3-1955-566d-d8a8-e17839bf61e0','0',1508922946),(90,'3e0b1448-7562-48cc-f885-3986a3bee7fa','0fc1011e-9baf-0360-4c27-6489c2740589','0',1508922993),(91,'0f584f9c-befb-a17e-b205-765cd7efde33','2b367999-f19d-fe14-6070-59cb341bc950','0',1508980867),(92,'0f584f9c-befb-a17e-b205-765cd7efde33','47804edb-3cd8-d788-6234-bb4b7ef83482','0',1508980944),(93,'0f584f9c-befb-a17e-b205-765cd7efde33','57818010-8294-465f-7c52-1778ad775f24','0',1508980973),(94,'0f584f9c-befb-a17e-b205-765cd7efde33','b9d5b618-4349-af90-4151-567715d9639c','0',1508981003),(95,'0f584f9c-befb-a17e-b205-765cd7efde33','1c0e7e6b-ab03-6fe3-5304-594258140f0e','0',1508981037),(96,'0f584f9c-befb-a17e-b205-765cd7efde33','b0b25ecb-bc0b-69e8-3fe8-d8e616b5c8ea','0',1508983509),(97,'0f584f9c-befb-a17e-b205-765cd7efde33','d6747dbf-acb0-7b88-bc6d-9495c686d182','0',1508983543),(98,'0f584f9c-befb-a17e-b205-765cd7efde33','b61be6c8-84d9-f437-5994-2f7a5a262690','0',1508983583),(99,'0a9064ba-711f-5049-9300-c0cc88e1edf7','d7c8f6a7-d10f-4fc7-ff54-91b96531a706','0',1509086275),(100,'c3a9548d-832d-57f2-fdd9-18f9dc397fb5','3f5159cb-9ca7-ab7d-b1a5-08011b3ac4b4','0',1509332893),(101,'c3a9548d-832d-57f2-fdd9-18f9dc397fb5','f1318988-2886-002f-631f-8fb594d7fd88','0',1509952260),(102,'c3a9548d-832d-57f2-fdd9-18f9dc397fb5','4be7bb3b-cb10-673b-87cd-af75a678ba3b','0',1509953917),(103,'0a9064ba-711f-5049-9300-c0cc88e1edf7','446c6fa0-a86c-f0cb-ca43-4e6eac378d4f','0',1510108905),(104,'c3a9548d-832d-57f2-fdd9-18f9dc397fb5','a2e5b162-6e5e-48de-a502-f7e300092bec','0',1510127267),(105,'c3a9548d-832d-57f2-fdd9-18f9dc397fb5','0caf3956-bcd6-6d50-5fb4-c8bcb7ef9c95','0',1510127579),(106,'c3a9548d-832d-57f2-fdd9-18f9dc397fb5','a2e5b162-6e5e-48de-a502-f7e300092bec','1',1510127603);

#
# Structure for table "qxd_act_plan_user"
#

DROP TABLE IF EXISTS `qxd_act_plan_user`;
CREATE TABLE `qxd_act_plan_user` (
  `id` int(11) unsigned NOT NULL AUTO_INCREMENT,
  `act_plan_id` char(36) NOT NULL DEFAULT '' COMMENT '联合主键，所属行动计划ID',
  `user_id` char(36) NOT NULL DEFAULT '' COMMENT '联合主键，执行用户ID',
  `mode` enum('0','1') NOT NULL DEFAULT '0' COMMENT '0 普通模式 1 挑战者模式',
  `finish` enum('0','1') NOT NULL DEFAULT '0' COMMENT '是否已结束该计划',
  `create_time` int(11) NOT NULL DEFAULT '0' COMMENT '参加时间',
  `update_time` int(11) NOT NULL DEFAULT '0',
  PRIMARY KEY (`id`),
  KEY `user_id` (`user_id`,`act_plan_id`),
  KEY `act_plan_id` (`act_plan_id`,`user_id`,`mode`,`finish`)
) ENGINE=InnoDB AUTO_INCREMENT=145 DEFAULT CHARSET=utf8 COMMENT='行动计划 用户对应表';

#
# Data for table "qxd_act_plan_user"
#

INSERT INTO `qxd_act_plan_user` VALUES (1,'0b5c4926-860f-3c9c-f7dc-196937ecbced','3e0b1448-7562-48cc-f885-3986a3bee7fa','0','0',1508723984,1508723984),(2,'0f6f6fba-c7ab-a432-d47a-0ff04b75a972','b9d25df4-8e9e-f917-f559-4872db0b9ea6','0','0',1505964901,0),(3,'0f6f6fba-c7ab-a432-d47a-0ff04b75a972','cb2395b7-7660-7134-85c9-612d4f4c74b5','0','0',0,0),(4,'185b6957-3732-3ca0-3b96-8fd9a7295363','0a9064ba-711f-5049-9300-c0cc88e1edf7','1','0',1504262063,0),(5,'185b6957-3732-3ca0-3b96-8fd9a7295363','b9d25df4-8e9e-f917-f559-4872db0b9ea6','0','0',1505965227,0),(6,'186e78c3-d884-40b0-5b4b-87991525f143','16e1481c-86e7-b9a5-e707-a1b2cdf766c3','0','0',1507711573,0),(7,'194d762c-b1c4-1a41-94cb-249da58a1378','0f584f9c-befb-a17e-b205-765cd7efde33','0','0',1508138678,0),(8,'194d762c-b1c4-1a41-94cb-249da58a1378','3e0b1448-7562-48cc-f885-3986a3bee7fa','0','1',1508138733,1508919642),(9,'194d762c-b1c4-1a41-94cb-249da58a1378','b9d25df4-8e9e-f917-f559-4872db0b9ea6','0','0',1508144211,0),(10,'2eab278c-a0fd-b21f-3cbb-262a928ce51f','b9d25df4-8e9e-f917-f559-4872db0b9ea6','0','0',1506498679,0),(11,'4db41cdd-ee87-54a9-9864-4c0efb4237e2','0a9064ba-711f-5049-9300-c0cc88e1edf7','0','0',1504763888,0),(12,'4db41cdd-ee87-54a9-9864-4c0efb4237e2','b9d25df4-8e9e-f917-f559-4872db0b9ea6','0','0',1505964854,0),(13,'66ab003d-e034-25d1-265d-d5e61fd5536f','b9d25df4-8e9e-f917-f559-4872db0b9ea6','0','1',1508483919,1509006660),(14,'69a7e45a-fedd-649c-b075-645bb79cec4d','499d7c58-08b3-45e6-1a12-ab99c53f596b','0','0',1507641685,0),(15,'69b6961c-d4f8-754a-1b3b-68277d8db3a0','0a9064ba-711f-5049-9300-c0cc88e1edf7','0','0',1506581265,0),(16,'69b6961c-d4f8-754a-1b3b-68277d8db3a0','0f584f9c-befb-a17e-b205-765cd7efde33','0','0',1507691420,0),(17,'6a7a3466-99be-d490-393b-862199fff6a4','0f584f9c-befb-a17e-b205-765cd7efde33','0','0',1508138527,0),(18,'6a7a3466-99be-d490-393b-862199fff6a4','16e1481c-86e7-b9a5-e707-a1b2cdf766c3','0','0',1508159741,0),(19,'6a7a3466-99be-d490-393b-862199fff6a4','3e0b1448-7562-48cc-f885-3986a3bee7fa','0','0',1508138320,0),(20,'6a7a3466-99be-d490-393b-862199fff6a4','bf670625-f384-b056-fab9-4c3f45314aa2','0','0',1508159452,0),(21,'6d68daf3-4f26-5b4c-229b-9907453a8781','0a9064ba-711f-5049-9300-c0cc88e1edf7','0','0',1506581246,0),(22,'6d68daf3-4f26-5b4c-229b-9907453a8781','0f584f9c-befb-a17e-b205-765cd7efde33','0','0',1506594396,0),(23,'6d68daf3-4f26-5b4c-229b-9907453a8781','3e0b1448-7562-48cc-f885-3986a3bee7fa','0','0',1506562182,0),(24,'7683c426-100a-8ba0-aec7-6377c0d997fc','3e0b1448-7562-48cc-f885-3986a3bee7fa','0','0',1507862349,0),(25,'80e0efd0-7232-cd54-72fd-57b6811cb81f','3e0b1448-7562-48cc-f885-3986a3bee7fa','0','0',1508470141,1508470141),(26,'80e0efd0-7232-cd54-72fd-57b6811cb81f','bf670625-f384-b056-fab9-4c3f45314aa2','0','0',1506611451,0),(27,'80e0efd0-7232-cd54-72fd-57b6811cb81f','c3a9548d-832d-57f2-fdd9-18f9dc397fb5','0','0',1508312088,1508312088),(28,'8b93f5b0-927f-f4fb-0696-547bf81548a2','b9d25df4-8e9e-f917-f559-4872db0b9ea6','0','0',1506662029,0),(29,'9425baea-cf1d-5bb5-203a-91f72fcd18fd','b9d25df4-8e9e-f917-f559-4872db0b9ea6','0','0',1505965000,0),(30,'9b047d08-5096-6a4e-2603-7629673c3bf2','3e0b1448-7562-48cc-f885-3986a3bee7fa','0','0',1508138413,0),(31,'9b047d08-5096-6a4e-2603-7629673c3bf2','bf670625-f384-b056-fab9-4c3f45314aa2','0','0',1508159696,0),(32,'a88b4fc0-0652-d590-a162-4574de7b903d','0f584f9c-befb-a17e-b205-765cd7efde33','0','0',1507622267,0),(33,'a88b4fc0-0652-d590-a162-4574de7b903d','13225a3e-f16a-ebb0-450d-3a0a00ade5ca','0','0',1506581406,0),(34,'a88b4fc0-0652-d590-a162-4574de7b903d','b9d25df4-8e9e-f917-f559-4872db0b9ea6','0','0',0,0),(35,'aee0a494-0b37-0291-276e-7ec55f430c9b','b9d25df4-8e9e-f917-f559-4872db0b9ea6','0','0',1506573998,0),(36,'b885ed62-8eaa-6b98-213d-30ef17e2f189','b9d25df4-8e9e-f917-f559-4872db0b9ea6','0','0',1505965292,0),(37,'b890bdde-48f4-28d9-6f24-3791b32a986e','0a9064ba-711f-5049-9300-c0cc88e1edf7','0','0',1504750571,0),(38,'c8b749ba-86bf-deaa-82a4-59dc7db14975','0f584f9c-befb-a17e-b205-765cd7efde33','0','0',1506580119,0),(39,'c8b749ba-86bf-deaa-82a4-59dc7db14975','3e0b1448-7562-48cc-f885-3986a3bee7fa','0','0',1507862302,0),(40,'cc3c26eb-fe84-78c2-4ef6-d5bcb512a033','b9d25df4-8e9e-f917-f559-4872db0b9ea6','0','0',1506574928,0),(41,'d400d687-795f-e3eb-caa4-e3401f4bc348','3e0b1448-7562-48cc-f885-3986a3bee7fa','0','0',1507865329,0),(42,'d5d1eb94-bebd-1f2f-bf31-23e1616f935e','0a9064ba-711f-5049-9300-c0cc88e1edf7','0','0',1506581185,0),(43,'d5d1eb94-bebd-1f2f-bf31-23e1616f935e','0f584f9c-befb-a17e-b205-765cd7efde33','0','0',1506594274,0),(44,'d5d1eb94-bebd-1f2f-bf31-23e1616f935e','3e0b1448-7562-48cc-f885-3986a3bee7fa','0','0',1507799108,0),(45,'d5d1eb94-bebd-1f2f-bf31-23e1616f935e','cb2395b7-7660-7134-85c9-612d4f4c74b5','0','0',1506581449,0),(46,'e059d9f5-0b98-1a68-dd19-70e19c83da87','b9d25df4-8e9e-f917-f559-4872db0b9ea6','0','0',1505964981,0),(47,'e18ce753-d466-1234-5f23-7ef5b16bbdef','b9d25df4-8e9e-f917-f559-4872db0b9ea6','0','0',1507865147,0),(48,'e4162903-c02c-3690-04b6-43234093607c','b9d25df4-8e9e-f917-f559-4872db0b9ea6','0','0',1507704150,0),(49,'ef9c7602-db5d-5a87-b2d8-137a71632563','b9d25df4-8e9e-f917-f559-4872db0b9ea6','0','0',1506496475,0),(50,'f03b0eb6-245d-d349-5f61-d0f966fd90ce','b9d25df4-8e9e-f917-f559-4872db0b9ea6','0','0',1506574803,0),(51,'f7727250-7fa5-6898-1baf-fb31052cbd67','501969d6-b26d-bb2d-29e3-5264a923def9','0','0',1508593999,1508593999),(52,'6a7a3466-99be-d490-393b-862199fff6a4','b9d25df4-8e9e-f917-f559-4872db0b9ea6','0','1',1508118227,1508235275),(53,'0f6f6fba-c7ab-a432-d47a-0ff04b75a972','0a9064ba-711f-5049-9300-c0cc88e1edf7','1','0',1504780062,0),(54,'185b6957-3732-3ca0-3b96-8fd9a7295363','16e1481c-86e7-b9a5-e707-a1b2cdf766c3','1','0',1508455282,1508455282),(55,'4ca6236d-d2e9-dd27-24b2-6f02459cbbe8','b9d25df4-8e9e-f917-f559-4872db0b9ea6','1','0',1507703108,0),(56,'4cca7506-c80d-8311-281f-158a3fe74346','b9d25df4-8e9e-f917-f559-4872db0b9ea6','1','0',1506663936,0),(57,'503025f3-04d9-2d41-3d57-e18a662b443a','0a9064ba-711f-5049-9300-c0cc88e1edf7','1','0',1506581256,0),(58,'503025f3-04d9-2d41-3d57-e18a662b443a','0f584f9c-befb-a17e-b205-765cd7efde33','1','0',1506574163,0),(59,'503025f3-04d9-2d41-3d57-e18a662b443a','3e0b1448-7562-48cc-f885-3986a3bee7fa','1','0',1506562146,0),(60,'5294c02e-6f7c-de8d-6b83-754809954c7e','0f584f9c-befb-a17e-b205-765cd7efde33','1','0',1508745801,1508745801),(61,'627066d0-b85e-b929-369d-767e5e99d45c','b9d25df4-8e9e-f917-f559-4872db0b9ea6','1','0',1507865169,0),(62,'6898ecc5-cb5b-c7cd-0cfc-79706b8a5473','b9d25df4-8e9e-f917-f559-4872db0b9ea6','1','0',1506595074,0),(63,'69a7e45a-fedd-649c-b075-645bb79cec4d','0f584f9c-befb-a17e-b205-765cd7efde33','1','0',1508226045,0),(64,'69a7e45a-fedd-649c-b075-645bb79cec4d','3e0b1448-7562-48cc-f885-3986a3bee7fa','1','0',1508481990,1508481990),(65,'705fb4c8-2542-b5c9-1205-e43ba6fa4e69','0f584f9c-befb-a17e-b205-765cd7efde33','1','0',1506594415,0),(66,'728162a2-06b2-0053-7c30-d0a7e1350d7c','b9d25df4-8e9e-f917-f559-4872db0b9ea6','1','0',1508118334,0),(67,'7683c426-100a-8ba0-aec7-6377c0d997fc','0f584f9c-befb-a17e-b205-765cd7efde33','1','0',1506594366,0),(68,'80e0efd0-7232-cd54-72fd-57b6811cb81f','0f584f9c-befb-a17e-b205-765cd7efde33','1','0',1507708266,0),(69,'80e0efd0-7232-cd54-72fd-57b6811cb81f','501969d6-b26d-bb2d-29e3-5264a923def9','1','0',1508587476,1508587476),(70,'80e0efd0-7232-cd54-72fd-57b6811cb81f','9175a40c-31f2-bbec-2134-27935378cf65','1','0',1506607829,0),(71,'80e0efd0-7232-cd54-72fd-57b6811cb81f','b9d25df4-8e9e-f917-f559-4872db0b9ea6','1','0',1508488050,1508488050),(72,'8e53a120-c0cc-dde6-9cfe-e52ec40723b4','b9d25df4-8e9e-f917-f559-4872db0b9ea6','1','0',1506648431,0),(73,'9360c704-5532-9ab2-812a-814b45f40e91','b9d25df4-8e9e-f917-f559-4872db0b9ea6','1','0',1506574039,0),(74,'9b047d08-5096-6a4e-2603-7629673c3bf2','0f584f9c-befb-a17e-b205-765cd7efde33','1','0',1506596223,0),(75,'a88b4fc0-0652-d590-a162-4574de7b903d','0a9064ba-711f-5049-9300-c0cc88e1edf7','1','0',0,0),(76,'b885ed62-8eaa-6b98-213d-30ef17e2f189','0a9064ba-711f-5049-9300-c0cc88e1edf7','1','0',1505201311,0),(77,'d400d687-795f-e3eb-caa4-e3401f4bc348','0f584f9c-befb-a17e-b205-765cd7efde33','1','0',1507702942,0),(78,'d5d1eb94-bebd-1f2f-bf31-23e1616f935e','13225a3e-f16a-ebb0-450d-3a0a00ade5ca','1','0',1506581452,0),(79,'d5d1eb94-bebd-1f2f-bf31-23e1616f935e','c3a9548d-832d-57f2-fdd9-18f9dc397fb5','1','0',1507797271,0),(80,'d5dd2511-4020-6fc5-175b-ed02ecc88d86','b9d25df4-8e9e-f917-f559-4872db0b9ea6','1','0',1506575052,0),(81,'e71e2036-6d73-5aa4-471f-df9c2d1d1bcf','b9d25df4-8e9e-f917-f559-4872db0b9ea6','1','0',1508483972,1508483972),(82,'f2c7eaa1-3a19-ec2c-0077-a8bb9dca9bb3','0a9064ba-711f-5049-9300-c0cc88e1edf7','1','0',1506479562,0),(83,'f53c4e29-43f7-80a3-e5c5-36606a0725a1','0a9064ba-711f-5049-9300-c0cc88e1edf7','1','0',1506479354,0),(84,'f7727250-7fa5-6898-1baf-fb31052cbd67','0f584f9c-befb-a17e-b205-765cd7efde33','1','0',1508639194,1508639194),(85,'f7727250-7fa5-6898-1baf-fb31052cbd67','16e1481c-86e7-b9a5-e707-a1b2cdf766c3','1','0',1508655869,1508655869),(86,'fad07257-cbc7-ca58-c5f4-502c387cd2f0','b9d25df4-8e9e-f917-f559-4872db0b9ea6','1','0',1506595230,0),(87,'80e0efd0-7232-cd54-72fd-57b6811cb81f','0a9064ba-711f-5049-9300-c0cc88e1edf7','1','0',1508770251,1508770251),(88,'705fb4c8-2542-b5c9-1205-e43ba6fa4e69','0a9064ba-711f-5049-9300-c0cc88e1edf7','0','0',1508770811,1508770811),(89,'9b047d08-5096-6a4e-2603-7629673c3bf2','b9d25df4-8e9e-f917-f559-4872db0b9ea6','1','0',1508832234,1508832234),(90,'8b93f5b0-927f-f4fb-0696-547bf81548a2','c3a9548d-832d-57f2-fdd9-18f9dc397fb5','0','0',1508832339,1508832339),(91,'b9819e90-164e-4728-1729-0a2683d27359','b9d25df4-8e9e-f917-f559-4872db0b9ea6','0','0',1508833226,1508833226),(92,'48e7eb69-8b48-3ca2-e575-836db28c5256','3e0b1448-7562-48cc-f885-3986a3bee7fa','0','0',1508833235,1508833235),(93,'ce71f10a-fe5d-ed75-f49f-c61ca56536df','3e0b1448-7562-48cc-f885-3986a3bee7fa','1','0',1508833251,1508833251),(94,'bace4a01-49da-ebc1-1057-b5be052e2d9f','3e0b1448-7562-48cc-f885-3986a3bee7fa','1','0',1508833264,1508833264),(95,'48e7eb69-8b48-3ca2-e575-836db28c5256','c3a9548d-832d-57f2-fdd9-18f9dc397fb5','0','1',1508834221,1509349793),(96,'b9819e90-164e-4728-1729-0a2683d27359','3e0b1448-7562-48cc-f885-3986a3bee7fa','0','0',1508897378,1508897378),(97,'98272263-0337-dc22-1e8f-f14951683dbd','c3a9548d-832d-57f2-fdd9-18f9dc397fb5','1','0',1508920444,1508920444),(98,'b882428e-e2c9-5cd2-10d3-6842a67daf0b','c3a9548d-832d-57f2-fdd9-18f9dc397fb5','0','1',1508923449,1509947780),(99,'323c8ea3-1955-566d-d8a8-e17839bf61e0','c3a9548d-832d-57f2-fdd9-18f9dc397fb5','1','0',1508923461,1508923461),(100,'0fc1011e-9baf-0360-4c27-6489c2740589','c3a9548d-832d-57f2-fdd9-18f9dc397fb5','1','0',1508925362,1508925362),(101,'98272263-0337-dc22-1e8f-f14951683dbd','b9d25df4-8e9e-f917-f559-4872db0b9ea6','1','0',1508981656,1508981656),(102,'323c8ea3-1955-566d-d8a8-e17839bf61e0','0a9064ba-711f-5049-9300-c0cc88e1edf7','1','0',1508998789,1508998789),(103,'0fc1011e-9baf-0360-4c27-6489c2740589','0a9064ba-711f-5049-9300-c0cc88e1edf7','0','0',1508998831,1508998831),(104,'323c8ea3-1955-566d-d8a8-e17839bf61e0','b9d25df4-8e9e-f917-f559-4872db0b9ea6','0','0',1508999852,1508999852),(105,'67342c86-f436-a536-0be6-4e99b43eb66a','0a9064ba-711f-5049-9300-c0cc88e1edf7','0','1',1509000545,1509001155),(106,'98272263-0337-dc22-1e8f-f14951683dbd','0a9064ba-711f-5049-9300-c0cc88e1edf7','1','1',1509005578,1509419918),(107,'e71e2036-6d73-5aa4-471f-df9c2d1d1bcf','3e0b1448-7562-48cc-f885-3986a3bee7fa','1','0',1509013324,1509013324),(108,'b882428e-e2c9-5cd2-10d3-6842a67daf0b','0a9064ba-711f-5049-9300-c0cc88e1edf7','0','0',1509013666,1509013666),(109,'b882428e-e2c9-5cd2-10d3-6842a67daf0b','b9d25df4-8e9e-f917-f559-4872db0b9ea6','0','1',1509085936,1509420590),(110,'47804edb-3cd8-d788-6234-bb4b7ef83482','0a9064ba-711f-5049-9300-c0cc88e1edf7','1','0',1509096191,1509096191),(111,'b9d5b618-4349-af90-4151-567715d9639c','0a9064ba-711f-5049-9300-c0cc88e1edf7','1','0',1509096238,1509096238),(112,'66ab003d-e034-25d1-265d-d5e61fd5536f','3e0b1448-7562-48cc-f885-3986a3bee7fa','0','0',1509326282,1509326282),(113,'57818010-8294-465f-7c52-1778ad775f24','3e0b1448-7562-48cc-f885-3986a3bee7fa','1','0',1509326297,1509326297),(114,'2b367999-f19d-fe14-6070-59cb341bc950','b9d25df4-8e9e-f917-f559-4872db0b9ea6','0','1',1509327112,1509336821),(115,'57818010-8294-465f-7c52-1778ad775f24','c3a9548d-832d-57f2-fdd9-18f9dc397fb5','1','0',1509328633,1509328633),(116,'2b367999-f19d-fe14-6070-59cb341bc950','c3a9548d-832d-57f2-fdd9-18f9dc397fb5','0','1',1509328804,1509948050),(117,'47804edb-3cd8-d788-6234-bb4b7ef83482','b9d25df4-8e9e-f917-f559-4872db0b9ea6','0','1',1509331573,1509436778),(118,'3f5159cb-9ca7-ab7d-b1a5-08011b3ac4b4','3e0b1448-7562-48cc-f885-3986a3bee7fa','1','0',1509333048,1509333048),(119,'57818010-8294-465f-7c52-1778ad775f24','b9d25df4-8e9e-f917-f559-4872db0b9ea6','0','0',1509334900,1509334900),(120,'2b367999-f19d-fe14-6070-59cb341bc950','0a9064ba-711f-5049-9300-c0cc88e1edf7','1','0',1509345059,1509345059),(121,'728162a2-06b2-0053-7c30-d0a7e1350d7c','3e0b1448-7562-48cc-f885-3986a3bee7fa','1','0',1509351822,1509351822),(122,'57818010-8294-465f-7c52-1778ad775f24','16e1481c-86e7-b9a5-e707-a1b2cdf766c3','1','0',1509356939,1509356939),(123,'98272263-0337-dc22-1e8f-f14951683dbd','0f584f9c-befb-a17e-b205-765cd7efde33','1','0',1509415573,1509415573),(124,'b0b25ecb-bc0b-69e8-3fe8-d8e616b5c8ea','16e1481c-86e7-b9a5-e707-a1b2cdf766c3','1','0',1509421909,1509421909),(125,'b9d5b618-4349-af90-4151-567715d9639c','c3a9548d-832d-57f2-fdd9-18f9dc397fb5','1','0',1509430591,1509430591),(126,'3f5159cb-9ca7-ab7d-b1a5-08011b3ac4b4','0f584f9c-befb-a17e-b205-765cd7efde33','1','0',1509433394,1509433394),(127,'2b367999-f19d-fe14-6070-59cb341bc950','3e0b1448-7562-48cc-f885-3986a3bee7fa','0','0',1509499982,1509499982),(128,'2b367999-f19d-fe14-6070-59cb341bc950','16e1481c-86e7-b9a5-e707-a1b2cdf766c3','1','0',1509507533,1509507533),(129,'47804edb-3cd8-d788-6234-bb4b7ef83482','16e1481c-86e7-b9a5-e707-a1b2cdf766c3','0','0',1509507895,1509507895),(130,'1c0e7e6b-ab03-6fe3-5304-594258140f0e','3e0b1448-7562-48cc-f885-3986a3bee7fa','1','0',1509515757,1509515757),(131,'1c0e7e6b-ab03-6fe3-5304-594258140f0e','0a9064ba-711f-5049-9300-c0cc88e1edf7','1','0',1509518341,1509518341),(132,'b9d5b618-4349-af90-4151-567715d9639c','3e0b1448-7562-48cc-f885-3986a3bee7fa','1','0',1509519148,1509519148),(133,'b0b25ecb-bc0b-69e8-3fe8-d8e616b5c8ea','3e0b1448-7562-48cc-f885-3986a3bee7fa','1','0',1509521900,1509521900),(134,'67342c86-f436-a536-0be6-4e99b43eb66a','bf670625-f384-b056-fab9-4c3f45314aa2','0','1',1509807513,1509808131),(135,'c8b749ba-86bf-deaa-82a4-59dc7db14975','c3a9548d-832d-57f2-fdd9-18f9dc397fb5','0','0',1509948313,1509948313),(136,'d400d687-795f-e3eb-caa4-e3401f4bc348','c3a9548d-832d-57f2-fdd9-18f9dc397fb5','0','0',1509951717,1509951717),(137,'7f5e895d-5a2e-8e23-5af7-5a170be636d0','16e1481c-86e7-b9a5-e707-a1b2cdf766c3','1','0',1510032982,1510032982),(138,'67342c86-f436-a536-0be6-4e99b43eb66a','13225a3e-f16a-ebb0-450d-3a0a00ade5ca','0','0',1510044830,1510044830),(139,'80e0efd0-7232-cd54-72fd-57b6811cb81f','13225a3e-f16a-ebb0-450d-3a0a00ade5ca','0','0',1510047327,1510047327),(140,'67342c86-f436-a536-0be6-4e99b43eb66a','0f584f9c-befb-a17e-b205-765cd7efde33','0','0',1510047540,1510047540),(141,'4be7bb3b-cb10-673b-87cd-af75a678ba3b','0a9064ba-711f-5049-9300-c0cc88e1edf7','1','0',1510047657,1510047657),(142,'67342c86-f436-a536-0be6-4e99b43eb66a','cb2395b7-7660-7134-85c9-612d4f4c74b5','0','0',1510107787,1510107787),(143,'4be7bb3b-cb10-673b-87cd-af75a678ba3b','3e0b1448-7562-48cc-f885-3986a3bee7fa','0','0',1510109789,1510109789),(144,'f1318988-2886-002f-631f-8fb594d7fd88','0a9064ba-711f-5049-9300-c0cc88e1edf7','0','0',1510154764,1510154764);

#
# Structure for table "qxd_advice"
#

DROP TABLE IF EXISTS `qxd_advice`;
CREATE TABLE `qxd_advice` (
  `id` int(11) NOT NULL AUTO_INCREMENT COMMENT '意见反馈表',
  `content` varchar(255) DEFAULT NULL COMMENT '意见内容',
  `user_id` char(36) NOT NULL DEFAULT '' COMMENT '外键，用户主键id',
  `nickname` varchar(64) NOT NULL DEFAULT '' COMMENT '用户昵称，冗余字段',
  `create_time` int(10) unsigned NOT NULL DEFAULT '0' COMMENT '提交时间',
  PRIMARY KEY (`id`),
  KEY `user_id` (`user_id`)
) ENGINE=InnoDB AUTO_INCREMENT=8 DEFAULT CHARSET=utf8 ROW_FORMAT=DYNAMIC COMMENT='意见与建议';

#
# Data for table "qxd_advice"
#

INSERT INTO `qxd_advice` VALUES (1,'内容003','0a9064ba-711f-5049-9300-c0cc88e1edf7','好好的',1504864307),(2,'内容003','0a9064ba-711f-5049-9300-c0cc88e1edf7','好好的',1504864376),(3,'1111','3e0b1448-7562-48cc-f885-3986a3bee7fa','wjasd',1508725918),(4,'111','3e0b1448-7562-48cc-f885-3986a3bee7fa','wjasd',1508725965),(5,'AAAAAAA','c3a9548d-832d-57f2-fdd9-18f9dc397fb5','神的孩子',1508835643),(6,'啊啊啊啊啊啊','c3a9548d-832d-57f2-fdd9-18f9dc397fb5','神的孩子',1508835663),(7,'嗯嗯','0a9064ba-711f-5049-9300-c0cc88e1edf7','N镕基',1509635147);

#
# Structure for table "qxd_asset"
#

DROP TABLE IF EXISTS `qxd_asset`;
CREATE TABLE `qxd_asset` (
  `id` int(11) unsigned NOT NULL AUTO_INCREMENT,
  `key_id` int(11) unsigned NOT NULL DEFAULT '0' COMMENT '关联ID',
  `key_type` enum('0','1') NOT NULL DEFAULT '0' COMMENT '0 投诉 1 文章',
  `uri` varchar(64) NOT NULL DEFAULT '' COMMENT '资源uri',
  `type` enum('0','1','2') NOT NULL DEFAULT '0' COMMENT '资源类型：0 图片 1 音频 2 视频',
  `suffix` varchar(10) NOT NULL DEFAULT '' COMMENT '文件后缀名,不包括点',
  `create_time` int(10) unsigned NOT NULL DEFAULT '0' COMMENT '上传时间',
  `more` text COMMENT '其它详细信息,JSON格式',
  PRIMARY KEY (`id`),
  KEY `key_id` (`key_id`,`key_type`,`type`,`create_time`)
) ENGINE=InnoDB AUTO_INCREMENT=16 DEFAULT CHARSET=utf8 COMMENT='资源表';

#
# Data for table "qxd_asset"
#

INSERT INTO `qxd_asset` VALUES (5,0,'0','9f8344c89c4e7d50b70e8c636d4ebe6a6f44beea7fca0815c9f7bdd3d8cb0d10','0','jpg',1501663633,NULL),(6,4,'0','4','0','',1503910458,NULL),(7,4,'0','4','0','',1503910458,NULL),(8,5,'0','http://www.baidu.com','0','',1503910527,NULL),(9,5,'0','http://www.baidu.com','0','',1503910527,NULL),(10,8,'0','http://auth.go-qxd.com','0','',1508726052,NULL),(11,8,'0','http://auth.go-qxd.com/images/20170817164138599556c2e26bd.j','0','',1508726052,NULL),(12,9,'0','http://auth.go-qxd.com/sdfds','0','',1508726066,NULL),(13,9,'0','http://auth.go-qxd.com/images/20170817164138599556c2e26bd.j','0','',1508726066,NULL),(14,14,'0','http://auth.go-qxd.com/sdfds','0','',1508726547,NULL),(15,14,'0','http://auth.go-qxd.com/images/20170817164138599556c2e26bd.j','0','',1508726547,NULL);

#
# Structure for table "qxd_auth"
#

DROP TABLE IF EXISTS `qxd_auth`;
CREATE TABLE `qxd_auth` (
  `id` int(11) NOT NULL AUTO_INCREMENT,
  `name` varchar(32) NOT NULL DEFAULT '' COMMENT '权限名称',
  `remark` varchar(255) NOT NULL DEFAULT '' COMMENT '备注',
  `create_time` int(11) unsigned NOT NULL DEFAULT '0' COMMENT '创建时间',
  `update_time` int(11) unsigned NOT NULL DEFAULT '0' COMMENT '更新时间',
  PRIMARY KEY (`id`)
) ENGINE=InnoDB AUTO_INCREMENT=5 DEFAULT CHARSET=utf8 COMMENT='权限表';

#
# Data for table "qxd_auth"
#

INSERT INTO `qxd_auth` VALUES (1,'创建/编辑行动计划','',1503643844,1503643844),(2,'创建/编辑任务','',1503643845,1503643845),(3,'暂停/恢复社群成员资格','',1503643846,1503643846),(4,'随机点评用户反馈','',1503643847,1503643847);

#
# Structure for table "qxd_auth_user"
#

DROP TABLE IF EXISTS `qxd_auth_user`;
CREATE TABLE `qxd_auth_user` (
  `id` int(11) NOT NULL AUTO_INCREMENT,
  `from_user_id` char(36) NOT NULL DEFAULT '' COMMENT '授权用户ID',
  `to_user_id` char(36) NOT NULL DEFAULT '' COMMENT '联合主键，被授权用户ID',
  `community_id` char(36) NOT NULL DEFAULT '' COMMENT '联合主键，社群ID',
  `auth` varchar(8) NOT NULL DEFAULT '' COMMENT '权限值，以,分隔',
  `create_time` int(11) NOT NULL DEFAULT '0',
  `update_time` int(11) NOT NULL DEFAULT '0',
  `delete_time` int(11) NOT NULL DEFAULT '0',
  PRIMARY KEY (`id`),
  KEY `联合主键` (`to_user_id`,`community_id`),
  KEY `from_user_id` (`from_user_id`,`auth`)
) ENGINE=InnoDB AUTO_INCREMENT=7 DEFAULT CHARSET=utf8 COMMENT='用户权限对应表';

#
# Data for table "qxd_auth_user"
#

INSERT INTO `qxd_auth_user` VALUES (1,'0a9064ba-711f-5049-9300-c0cc88e1edf7','0a9064ba-711f-5049-9300-c0cc88e1edf7','76826caa-6894-f6b9-3ac3-de33e01879c2','1,2,3,4',1503655234,1503655234,0),(2,'0a9064ba-711f-5049-9300-c0cc88e1edf7','cb2395b7-7660-7134-85c9-612d4f4c74b5','48eed6c0-f298-8020-d673-633d4101d5f3','',1503885836,1503887556,0),(3,'0a9064ba-711f-5049-9300-c0cc88e1edf7','b9d25df4-8e9e-f917-f559-4872db0b9ea6','ec16645b-cc9c-a7c8-536f-955219154cd2','1,2,3,4',0,0,0),(4,'b9d25df4-8e9e-f917-f559-4872db0b9ea6','3e0b1448-7562-48cc-f885-3986a3bee7fa','a39fb9d1-42fb-96e6-9a4a-4e38e85237f6','2,4',1508400053,1508400197,0),(5,'3e0b1448-7562-48cc-f885-3986a3bee7fa','b9d25df4-8e9e-f917-f559-4872db0b9ea6','dc632f78-d7e8-18e6-1e37-d2e759329e7c','1,2,3,4',1508400289,1508400450,0),(6,'3e0b1448-7562-48cc-f885-3986a3bee7fa','b9d25df4-8e9e-f917-f559-4872db0b9ea6','60470447-7bac-250f-892d-5e72e7987285','1,2,3,4',1508481812,1508481867,0);

#
# Structure for table "qxd_blocked_list"
#

DROP TABLE IF EXISTS `qxd_blocked_list`;
CREATE TABLE `qxd_blocked_list` (
  `id` int(11) NOT NULL AUTO_INCREMENT,
  `user_id` char(36) NOT NULL DEFAULT '' COMMENT '联合主键，加入黑名单用户ID',
  `blocked_user_id` char(36) NOT NULL DEFAULT '' COMMENT '联合主键，被加入黑名单用户ID',
  `create_time` int(10) unsigned NOT NULL DEFAULT '0' COMMENT '创建时间',
  `delete_time` int(10) unsigned NOT NULL DEFAULT '0' COMMENT '删除时间',
  PRIMARY KEY (`id`),
  KEY `user_id` (`user_id`,`blocked_user_id`) COMMENT '联合主键'
) ENGINE=InnoDB AUTO_INCREMENT=15 DEFAULT CHARSET=utf8 COMMENT='黑名单';

#
# Data for table "qxd_blocked_list"
#

INSERT INTO `qxd_blocked_list` VALUES (1,'0a9064ba-711f-5049-9300-c0cc88e1edf7','b9d25df4-8e9e-f917-f559-4872db0b9ea6',1505095787,0),(2,'0a9064ba-711f-5049-9300-c0cc88e1edf7','86966993-d3e4-e722-223d-bf16fc2e8421',1505179893,1505196673),(3,'3e0b1448-7562-48cc-f885-3986a3bee7fa','c3a9548d-832d-57f2-fdd9-18f9dc397fb5',1508314203,1508314206),(4,'3e0b1448-7562-48cc-f885-3986a3bee7fa','c3a9548d-832d-57f2-fdd9-18f9dc397fb5',1508314210,1508314262),(5,'3e0b1448-7562-48cc-f885-3986a3bee7fa','c3a9548d-832d-57f2-fdd9-18f9dc397fb5',1508314269,1508479588),(6,'3e0b1448-7562-48cc-f885-3986a3bee7fa','0f584f9c-befb-a17e-b205-765cd7efde33',1508314286,1508314421),(7,'3e0b1448-7562-48cc-f885-3986a3bee7fa','0f584f9c-befb-a17e-b205-765cd7efde33',1508314424,0),(8,'b9d25df4-8e9e-f917-f559-4872db0b9ea6','c3a9548d-832d-57f2-fdd9-18f9dc397fb5',1508376679,1508376701),(9,'b9d25df4-8e9e-f917-f559-4872db0b9ea6','3e0b1448-7562-48cc-f885-3986a3bee7fa',1508376690,0),(10,'b9d25df4-8e9e-f917-f559-4872db0b9ea6','c3a9548d-832d-57f2-fdd9-18f9dc397fb5',1508376705,0),(11,'b9d25df4-8e9e-f917-f559-4872db0b9ea6','0f584f9c-befb-a17e-b205-765cd7efde33',1508376718,0),(12,'b9d25df4-8e9e-f917-f559-4872db0b9ea6','16e1481c-86e7-b9a5-e707-a1b2cdf766c3',1508376728,0),(13,'c3a9548d-832d-57f2-fdd9-18f9dc397fb5','0f584f9c-befb-a17e-b205-765cd7efde33',1509436594,1509436597),(14,'3e0b1448-7562-48cc-f885-3986a3bee7fa','16e1481c-86e7-b9a5-e707-a1b2cdf766c3',1509608521,0);

#
# Structure for table "qxd_callback"
#

DROP TABLE IF EXISTS `qxd_callback`;
CREATE TABLE `qxd_callback` (
  `id` int(11) NOT NULL AUTO_INCREMENT,
  `key_id` char(36) NOT NULL DEFAULT '关联ID',
  `user_id` char(36) NOT NULL DEFAULT '',
  `key_type` tinyint(3) NOT NULL DEFAULT '0' COMMENT '0 GO 1 反馈',
  `deadline` int(11) NOT NULL DEFAULT '0' COMMENT '任务完成截止时间戳',
  `status` enum('0','1') NOT NULL DEFAULT '0' COMMENT '是否已结束 0 否 1 是',
  `create_time` int(11) NOT NULL DEFAULT '0',
  `update_time` int(11) NOT NULL DEFAULT '0',
  PRIMARY KEY (`id`),
  KEY `key_id` (`key_id`,`user_id`,`key_type`,`deadline`,`status`)
) ENGINE=InnoDB AUTO_INCREMENT=130 DEFAULT CHARSET=utf8 COMMENT='定时-回调任务表';

#
# Data for table "qxd_callback"
#

INSERT INTO `qxd_callback` VALUES (1,'8b47815b-0f9c-0811-3a6a-accc9e4acdbd','b9d25df4-8e9e-f917-f559-4872db0b9ea6',0,1508121660,'1',1508121643,1508466662),(2,'f10fc0ab-1f57-33b2-1030-2de0ae440a6f','b9d25df4-8e9e-f917-f559-4872db0b9ea6',0,1508748095,'1',1508747795,1508750767),(3,'98e06976-1bcf-f0b8-e15a-40fa5608ec06','b9d25df4-8e9e-f917-f559-4872db0b9ea6',0,1508828722,'1',1508825122,1508828722),(4,'2b4fe32f-3f42-501a-b6ee-aa8726c6b6c5','3e0b1448-7562-48cc-f885-3986a3bee7fa',0,1508908307,'1',1508897508,1508908307),(5,'dd1ef873-6004-ba20-817e-611f1c9cffc5','3e0b1448-7562-48cc-f885-3986a3bee7fa',0,1508900022,'1',1508897622,1508900022),(6,'27d86532-42f9-3d5c-9281-acbfd72645e9','3e0b1448-7562-48cc-f885-3986a3bee7fa',0,1508901287,'1',1508897627,1508901287),(7,'28950890-b846-b9a8-d865-d1eaea5b2028','3e0b1448-7562-48cc-f885-3986a3bee7fa',0,1508898736,'1',1508898136,1508898736),(8,'a322d304-07a1-28bd-7813-713183c02ffb','b9d25df4-8e9e-f917-f559-4872db0b9ea6',0,1509006660,'1',1508898660,1509006660),(9,'e25461c9-9ff2-7187-9d6e-72fa9256f284','0a9064ba-711f-5049-9300-c0cc88e1edf7',1,1510274017,'0',1508917937,1510187617),(10,'165c5dd0-9cf4-33b1-d4d2-2f2f2dc59aa8','0a9064ba-711f-5049-9300-c0cc88e1edf7',1,1510274017,'0',1508918107,1510187617),(11,'a8df1893-914e-b953-b611-65feae4aa56d','3e0b1448-7562-48cc-f885-3986a3bee7fa',0,1508919641,'1',1508919341,1508919642),(12,'82ee6bd1-74b8-f352-d36c-b169407726d9','0a9064ba-711f-5049-9300-c0cc88e1edf7',1,88417,'1',1508919576,1508919577),(13,'efa9f8f4-90dc-8a3b-d805-e72c087f5063','0a9064ba-711f-5049-9300-c0cc88e1edf7',1,1509496417,'1',1508919577,1509464243),(14,'fbfd8494-a207-4bcc-afef-90f22c74aa3d','c3a9548d-832d-57f2-fdd9-18f9dc397fb5',0,1508925537,'1',1508925237,1508925538),(15,'a62b9970-b0a4-c483-6646-fa7197ad60ba','c3a9548d-832d-57f2-fdd9-18f9dc397fb5',0,1508925870,'1',1508925570,1508925870),(16,'519b9869-1f3a-eb2a-4373-8eed01383c9c','c3a9548d-832d-57f2-fdd9-18f9dc397fb5',0,1508926310,'1',1508926010,1508926311),(17,'6f1929c6-afcb-4a5f-559c-99a76d921df8','c3a9548d-832d-57f2-fdd9-18f9dc397fb5',0,1508926632,'1',1508926332,1508926632),(18,'c3bf18a1-2303-9846-6346-998403c01c6a','0a9064ba-711f-5049-9300-c0cc88e1edf7',0,1508999139,'1',1508998839,1508999139),(19,'f231e480-77a6-737e-1ce2-ec1eb76f633d','0a9064ba-711f-5049-9300-c0cc88e1edf7',0,1509001155,'1',1509000555,1509001155),(20,'a413af12-e6d8-cda0-0791-b87b426fac9e','b9d25df4-8e9e-f917-f559-4872db0b9ea6',1,88417,'1',1509010350,1509010350),(21,'1e53b49e-fff9-a670-7b55-6bacd69a6b62','b9d25df4-8e9e-f917-f559-4872db0b9ea6',1,1509410017,'1',1509010350,1509335140),(22,'d255d02a-5ee9-06b2-f0f1-3ac640aa6c25','b9d25df4-8e9e-f917-f559-4872db0b9ea6',1,88417,'1',1509013158,1509013159),(23,'a89fb3eb-116b-f1b8-0552-3857cce33e56','b9d25df4-8e9e-f917-f559-4872db0b9ea6',1,1509496417,'1',1509013159,1509430682),(24,'3b193526-670f-b459-7257-6438658226cf','3e0b1448-7562-48cc-f885-3986a3bee7fa',1,88417,'1',1509013349,1509013350),(25,'42008bbf-e534-29f6-0d1c-fbb242213b8f','3e0b1448-7562-48cc-f885-3986a3bee7fa',1,1509496417,'1',1509013350,1509430660),(26,'fbfd8494-a207-4bcc-afef-90f22c74aa3d','0a9064ba-711f-5049-9300-c0cc88e1edf7',0,1509013974,'1',1509013674,1509013975),(27,'c3bf18a1-2303-9846-6346-998403c01c6a','c3a9548d-832d-57f2-fdd9-18f9dc397fb5',0,1509071799,'1',1509071499,1509071799),(28,'deaf2bd8-e0e8-4112-4ce9-5aefef22e6ba','c3a9548d-832d-57f2-fdd9-18f9dc397fb5',1,88417,'1',1509071517,1509071518),(29,'ea5f6289-f88f-0735-3acf-e1fb6729d21a','c3a9548d-832d-57f2-fdd9-18f9dc397fb5',1,1509410017,'1',1509071518,1509348873),(30,'fc87ccf1-b9f8-a6e3-06fb-0069ff25efc4','0a9064ba-711f-5049-9300-c0cc88e1edf7',1,88417,'1',1509071734,1509071735),(31,'7c00b649-b9dc-8e9f-14a2-11e0aa355755','0a9064ba-711f-5049-9300-c0cc88e1edf7',1,1509410017,'1',1509071735,1509348730),(32,'a62b9970-b0a4-c483-6646-fa7197ad60ba','0a9064ba-711f-5049-9300-c0cc88e1edf7',0,1509072170,'1',1509071870,1509072170),(33,'668f658e-fc9c-a6cc-2a80-91f80bab5566','0a9064ba-711f-5049-9300-c0cc88e1edf7',1,88417,'1',1509071924,1509071924),(34,'56d246b0-a54b-aca1-6837-01d7e12c72e2','0a9064ba-711f-5049-9300-c0cc88e1edf7',1,1509410017,'1',1509071924,1509348995),(35,'480205c7-7989-b812-cb5d-6ee68a600ae6','c3a9548d-832d-57f2-fdd9-18f9dc397fb5',1,88417,'1',1509072392,1509072393),(36,'f231818f-0de1-6324-a68b-d2e574ed306e','c3a9548d-832d-57f2-fdd9-18f9dc397fb5',1,1509410017,'1',1509072393,1509348978),(37,'8d155edb-4e9a-c976-2d00-488f262ff78f','b9d25df4-8e9e-f917-f559-4872db0b9ea6',1,88417,'1',1509072492,1509072494),(38,'6916b7d0-b1ce-dba5-2bbe-44436963147f','b9d25df4-8e9e-f917-f559-4872db0b9ea6',1,1509410017,'1',1509072494,1509351586),(39,'948ee173-60cc-98a2-3db4-be3cf941abd6','b9d25df4-8e9e-f917-f559-4872db0b9ea6',1,1509410017,'1',1509072494,1509351601),(40,'b704f1ef-c67d-2ab6-a32f-4055619df94a','0a9064ba-711f-5049-9300-c0cc88e1edf7',1,1509496417,'1',1509074860,1509419909),(41,'282dddaa-7ee6-15a6-ac41-507866768403','0a9064ba-711f-5049-9300-c0cc88e1edf7',1,1509496417,'1',1509075056,1509415945),(42,'ebbd3dc3-cc84-1972-cf09-677d2a08eb8e','0a9064ba-711f-5049-9300-c0cc88e1edf7',1,88417,'1',1509075295,1509075124),(43,'72607a08-8e4c-0bd9-77bc-8a724eacc0f4','0a9064ba-711f-5049-9300-c0cc88e1edf7',1,1509496417,'1',1509075124,1509415957),(44,'a9b16e4d-c600-2a4c-a09d-e360ef4cc86c','0a9064ba-711f-5049-9300-c0cc88e1edf7',1,1509496417,'1',1509075124,1509415949),(45,'4fa6004e-9b26-7197-5795-9d986bf93840','0a9064ba-711f-5049-9300-c0cc88e1edf7',1,88417,'1',1509075683,1509075512),(46,'5c09a546-dec8-2f5b-83fd-d34ac3913ce7','0a9064ba-711f-5049-9300-c0cc88e1edf7',1,1509496417,'1',1509075512,1509419914),(47,'d8841413-82d3-3b86-5825-0fe80f9634a6','0a9064ba-711f-5049-9300-c0cc88e1edf7',1,1509496417,'1',1509075512,1509419918),(48,'0b4352ce-7981-65d8-3027-34d6e35e4419','0a9064ba-711f-5049-9300-c0cc88e1edf7',1,88417,'1',1509075885,1509075715),(49,'0e1578e6-4097-d3dd-01b1-977d31f7b628','0a9064ba-711f-5049-9300-c0cc88e1edf7',1,1509496417,'1',1509075715,1509419924),(50,'b4e77ceb-81f5-fd27-07c0-302b5b2de2e3','0a9064ba-711f-5049-9300-c0cc88e1edf7',1,1509496417,'1',1509075715,1509419929),(51,'fa05c8e6-ead8-1045-be4a-82444528f23c','0a9064ba-711f-5049-9300-c0cc88e1edf7',1,88417,'1',1509075961,1509075791),(52,'fe0b8a7b-94fc-952e-e501-778ebd7740b2','0a9064ba-711f-5049-9300-c0cc88e1edf7',1,1509496417,'1',1509075790,1509419937),(53,'dcb57a10-c949-b7f9-16af-c1cf4d27d9f6','0a9064ba-711f-5049-9300-c0cc88e1edf7',1,1510274017,'0',1509075791,1510187618),(54,'ec61f4d9-a243-6331-7ba0-6cda5643a06e','0a9064ba-711f-5049-9300-c0cc88e1edf7',1,88417,'1',1509078556,1509078386),(55,'f49442d4-c3d9-97c6-725c-010e3154c0a8','0a9064ba-711f-5049-9300-c0cc88e1edf7',1,1510274017,'0',1509078385,1510187618),(56,'bb75b061-65fd-ecfd-811b-f20926f58d84','0a9064ba-711f-5049-9300-c0cc88e1edf7',1,1510274017,'0',1509078386,1510187618),(57,'1ace9cd1-534e-e3d5-4862-93b343fb9593','0a9064ba-711f-5049-9300-c0cc88e1edf7',1,1510274017,'0',1509082224,1510187618),(58,'1e7ec838-0e01-0dd2-8c4f-340b18d88143','0a9064ba-711f-5049-9300-c0cc88e1edf7',1,88417,'0',1509084636,1509084636),(59,'7a83444b-f616-2bff-68a2-7c936e565125','0a9064ba-711f-5049-9300-c0cc88e1edf7',1,88417,'0',1509084656,1509084656),(60,'84b4837c-160a-f5f9-a062-7e34437755c1','b9d25df4-8e9e-f917-f559-4872db0b9ea6',0,1509086133,'1',1509085953,1509093338),(61,'fbfd8494-a207-4bcc-afef-90f22c74aa3d','b9d25df4-8e9e-f917-f559-4872db0b9ea6',0,1509093694,'1',1509093394,1509093694),(62,'8287e279-08aa-e83b-b38e-7f05517cf86e','0a9064ba-711f-5049-9300-c0cc88e1edf7',1,1510274017,'0',1509096965,1510187618),(63,'70ac7b43-bd3a-76e2-9a44-cd3de7933f00','0a9064ba-711f-5049-9300-c0cc88e1edf7',1,1510274017,'0',1509097082,1510187618),(64,'60ed2c6e-7e53-c7c4-0924-1a8bb3eb6423','0a9064ba-711f-5049-9300-c0cc88e1edf7',1,1510274017,'0',1509097148,1510187618),(65,'309d037a-980b-e795-4cd4-7190db0e3800','0a9064ba-711f-5049-9300-c0cc88e1edf7',1,1510220477,'0',1509097277,1510134077),(66,'a62b9970-b0a4-c483-6646-fa7197ad60ba','b9d25df4-8e9e-f917-f559-4872db0b9ea6',0,1509098618,'1',1509098318,1509098835),(67,'0b1c190d-40db-973e-0483-2dfd8b8d8940','b9d25df4-8e9e-f917-f559-4872db0b9ea6',0,1509328374,'1',1509328074,1509328374),(68,'0b1c190d-40db-973e-0483-2dfd8b8d8940','c3a9548d-832d-57f2-fdd9-18f9dc397fb5',0,1509329114,'1',1509328814,1509329114),(69,'fe9d169a-9c5d-5d22-b85d-2fa07f67c029','b9d25df4-8e9e-f917-f559-4872db0b9ea6',0,1509329319,'1',1509329019,1509336821),(70,'8c1dc08c-ab81-c21a-a8fb-3a9b0c1cb1c1','b9d25df4-8e9e-f917-f559-4872db0b9ea6',0,1509330948,'1',1509330648,1509336816),(71,'cf65b822-393c-55a4-22f0-7802b22f20a1','b9d25df4-8e9e-f917-f559-4872db0b9ea6',0,1509331292,'1',1509330992,1509336815),(72,'2689efea-ce6e-d0f3-1e77-6224d3d93426','b9d25df4-8e9e-f917-f559-4872db0b9ea6',0,1509342677,'1',1509342377,1509342677),(73,'026a7c4d-8304-0b99-a782-f080bc2b95d3','b9d25df4-8e9e-f917-f559-4872db0b9ea6',0,1509343062,'1',1509342762,1509343062),(74,'0b1c190d-40db-973e-0483-2dfd8b8d8940','0a9064ba-711f-5049-9300-c0cc88e1edf7',0,1509345365,'1',1509345065,1509345365),(75,'c30a9e7a-1188-7179-5451-b96dd6016c89','0a9064ba-711f-5049-9300-c0cc88e1edf7',1,1509433945,'1',1509347613,1509433945),(76,'30fb1e2e-4456-6b64-f791-bdf587484415','0a9064ba-711f-5049-9300-c0cc88e1edf7',1,1509434149,'1',1509347749,1509434149),(77,'93e00941-cdfb-092b-e6d0-c899f42748a5','0a9064ba-711f-5049-9300-c0cc88e1edf7',1,1509434257,'1',1509347857,1509434257),(78,'746cabe0-e8b0-28ed-6dae-8ccfc46ed786','c3a9548d-832d-57f2-fdd9-18f9dc397fb5',0,1509349793,'1',1509349313,1509349793),(79,'e644ba4a-6de0-861b-6750-729dfaf71947','3e0b1448-7562-48cc-f885-3986a3bee7fa',0,1509362608,'1',1509351808,1509362608),(80,'46c44e16-4f1f-298b-dc18-f427ce8e3197','3e0b1448-7562-48cc-f885-3986a3bee7fa',1,1509438849,'1',1509352449,1509588150),(81,'04767e9d-13e7-eae0-0611-0699c59a5b0d','c3a9548d-832d-57f2-fdd9-18f9dc397fb5',1,1510221907,'0',1509357907,1510135508),(82,'519b9869-1f3a-eb2a-4373-8eed01383c9c','b9d25df4-8e9e-f917-f559-4872db0b9ea6',0,1509415474,'1',1509415174,1509415474),(83,'970c14fe-0984-875f-7956-10681ad59a53','c3a9548d-832d-57f2-fdd9-18f9dc397fb5',1,1509503853,'1',1509417453,1509418506),(84,'a024cd78-009d-cd89-1c35-a7cb2f7f74e0','0a9064ba-711f-5049-9300-c0cc88e1edf7',1,1510281875,'0',1509417875,1510195491),(85,'50d80e68-1bfe-84a0-dd8a-f1013efced0a','c3a9548d-832d-57f2-fdd9-18f9dc397fb5',1,1509504840,'1',1509418440,1509419751),(86,'5a216a2a-e145-df9a-26dd-26d067e07187','c3a9548d-832d-57f2-fdd9-18f9dc397fb5',1,1509506019,'1',1509419619,1510119768),(87,'6f1929c6-afcb-4a5f-559c-99a76d921df8','b9d25df4-8e9e-f917-f559-4872db0b9ea6',0,1509420590,'1',1509420290,1509420590),(88,'2eb5dc49-ffc1-aeb2-6c00-c3426f054257','c3a9548d-832d-57f2-fdd9-18f9dc397fb5',1,1509506709,'1',1509420309,1509420322),(89,'55f5b339-eeb0-21cc-070e-727e2c56f56f','b9d25df4-8e9e-f917-f559-4872db0b9ea6',1,1509507960,'1',1509421560,1509421568),(90,'ef216896-a265-9b98-0f20-c7260020ed1f','b9d25df4-8e9e-f917-f559-4872db0b9ea6',1,1509508459,'1',1509422059,1509422065),(91,'7d1234f9-72dc-bcd1-512a-a221c8e3ccd5','c3a9548d-832d-57f2-fdd9-18f9dc397fb5',1,1509517016,'1',1509430616,1509430747),(92,'cbd72e5a-70b9-6f50-70dd-5106c30c69cc','b9d25df4-8e9e-f917-f559-4872db0b9ea6',0,1509434601,'1',1509431001,1509434601),(93,'97bf77c1-5d11-4bc8-cb20-bc07ade444ba','3e0b1448-7562-48cc-f885-3986a3bee7fa',1,1509692366,'1',1509433166,1510109859),(94,'41c5ec5d-3439-985b-fab1-f3013564412f','0f584f9c-befb-a17e-b205-765cd7efde33',1,1509519833,'1',1509433433,1509518292),(95,'30a7f168-2a55-d600-2a49-b86cfac0ff1a','0a9064ba-711f-5049-9300-c0cc88e1edf7',1,1510274017,'0',1509433945,1510187618),(96,'106c9c18-d567-1f4d-4e5c-8688571e2d3a','0a9064ba-711f-5049-9300-c0cc88e1edf7',1,1510274017,'0',1509434149,1510187618),(97,'80d0e5d8-9565-b015-a29a-59b2a954add2','0a9064ba-711f-5049-9300-c0cc88e1edf7',1,1510274017,'0',1509434257,1510187618),(98,'0058af08-bbea-f852-f3c2-10da30d899f3','3e0b1448-7562-48cc-f885-3986a3bee7fa',1,1510211866,'0',1509434266,1510125467),(99,'aa498f6d-b36e-ece1-2fd6-fd0c13a58e45','0a9064ba-711f-5049-9300-c0cc88e1edf7',0,1509435063,'1',1509434763,1509435063),(100,'7fafe2e7-62b7-ca49-0e5f-9db4222ee421','b9d25df4-8e9e-f917-f559-4872db0b9ea6',0,1509437068,'1',1509436768,1509436778),(101,'0b1c190d-40db-973e-0483-2dfd8b8d8940','3e0b1448-7562-48cc-f885-3986a3bee7fa',0,1509500316,'1',1509500016,1509500316),(102,'d06377f5-6bf6-9d38-aec6-bdfe70d8bbd9','16e1481c-86e7-b9a5-e707-a1b2cdf766c3',1,1510285217,'0',1509507617,1510198817),(103,'3b92d10e-3546-5fee-2e8a-842f83701484','16e1481c-86e7-b9a5-e707-a1b2cdf766c3',0,1509508200,'1',1509507900,1509508201),(104,'e733719d-8e52-cb6a-520e-c392701ac324','16e1481c-86e7-b9a5-e707-a1b2cdf766c3',1,1510285537,'0',1509507937,1510199137),(105,'fe9d169a-9c5d-5d22-b85d-2fa07f67c029','c3a9548d-832d-57f2-fdd9-18f9dc397fb5',0,1509508695,'1',1509508395,1509508696),(106,'2689efea-ce6e-d0f3-1e77-6224d3d93426','16e1481c-86e7-b9a5-e707-a1b2cdf766c3',0,1509512455,'1',1509512155,1509512455),(107,'c39fda7d-a9ae-1ce4-3651-bbe2105b1102','3e0b1448-7562-48cc-f885-3986a3bee7fa',1,1510206976,'0',1509515776,1510120576),(108,'d9ca035b-e410-2daa-a045-fa70bbe5c31a','b9d25df4-8e9e-f917-f559-4872db0b9ea6',1,1509604076,'1',1509517676,1509593827),(109,'12915475-72eb-1939-3ee6-c885d8ac8e0f','0a9064ba-711f-5049-9300-c0cc88e1edf7',1,1510209868,'0',1509518668,1510123468),(110,'521c55ce-f66f-a9d0-31a6-714e1fcedf20','0a9064ba-711f-5049-9300-c0cc88e1edf7',1,1510210077,'0',1509518877,1510123677),(111,'44c6371c-9839-69fb-7c91-e6687e2350df','3e0b1448-7562-48cc-f885-3986a3bee7fa',1,1510210413,'0',1509519213,1510124013),(112,'a385fe90-fbf2-fea0-3aec-8332e06a92b5','c3a9548d-832d-57f2-fdd9-18f9dc397fb5',1,1509608026,'1',1509521626,1509589664),(113,'71c51091-db61-0bb1-2003-e6c44783269a','3e0b1448-7562-48cc-f885-3986a3bee7fa',1,1510213122,'0',1509521922,1510126722),(114,'1b618d9c-9627-081b-15b5-0a07a5325c80','3e0b1448-7562-48cc-f885-3986a3bee7fa',0,1509678080,'1',1509588020,1509678080),(115,'2d0befd5-8d62-cae5-d717-c5ccab7b8a25','3e0b1448-7562-48cc-f885-3986a3bee7fa',1,1509674620,'1',1509588220,1509588402),(116,'391095fb-b09d-4b92-a65b-1181ab6b512d','3e0b1448-7562-48cc-f885-3986a3bee7fa',1,1509674920,'1',1509588520,1509692436),(117,'0afc9608-a448-9dfa-8d25-480c5c9b26f2','c3a9548d-832d-57f2-fdd9-18f9dc397fb5',1,1509675623,'1',1509589223,1509589642),(118,'f231e480-77a6-737e-1ce2-ec1eb76f633d','bf670625-f384-b056-fab9-4c3f45314aa2',0,1509808131,'1',1509807531,1509808131),(119,'fe9d169a-9c5d-5d22-b85d-2fa07f67c029','3e0b1448-7562-48cc-f885-3986a3bee7fa',0,1509937910,'1',1509937610,1509937910),(120,'8b47815b-0f9c-0811-3a6a-accc9e4acdbd','3e0b1448-7562-48cc-f885-3986a3bee7fa',0,1509943325,'1',1509937925,1509943325),(121,'8c1dc08c-ab81-c21a-a8fb-3a9b0c1cb1c1','c3a9548d-832d-57f2-fdd9-18f9dc397fb5',0,1509940943,'1',1509940643,1509940943),(122,'98e06976-1bcf-f0b8-e15a-40fa5608ec06','3e0b1448-7562-48cc-f885-3986a3bee7fa',0,1509950859,'1',1509947259,1509950859),(123,'84b4837c-160a-f5f9-a062-7e34437755c1','c3a9548d-832d-57f2-fdd9-18f9dc397fb5',0,1509947780,'1',1509947600,1509947780),(124,'cf65b822-393c-55a4-22f0-7802b22f20a1','c3a9548d-832d-57f2-fdd9-18f9dc397fb5',0,1509948050,'1',1509947750,1509948050),(125,'5583ed7c-0e88-920c-915f-30fbefb00246','c3a9548d-832d-57f2-fdd9-18f9dc397fb5',0,1510039580,'1',1509948320,1509950634),(126,'9640b6ff-ce79-e0e1-8d29-1a1b66135e36','c3a9548d-832d-57f2-fdd9-18f9dc397fb5',0,1510078035,'1',1509950775,1509951606),(127,'58ffae94-60b3-17ab-c02a-6a9d89c55e97','c3a9548d-832d-57f2-fdd9-18f9dc397fb5',0,1509952024,'1',1509951724,1509951767),(128,'8516d0ed-8dd8-9899-aa5d-662e5142ce3f','b9d25df4-8e9e-f917-f559-4872db0b9ea6',0,1510035719,'1',1510035419,1510035719),(129,'5df33d44-89fe-881e-5365-858f0c1b1e2f','3e0b1448-7562-48cc-f885-3986a3bee7fa',0,1510113420,'1',1510109820,1510113420);

#
# Structure for table "qxd_comment"
#

DROP TABLE IF EXISTS `qxd_comment`;
CREATE TABLE `qxd_comment` (
  `p_id` int(11) unsigned NOT NULL AUTO_INCREMENT,
  `id` char(36) CHARACTER SET utf8 NOT NULL DEFAULT '',
  `user_id` char(36) NOT NULL DEFAULT '' COMMENT '发表评论的用户ID',
  `communication_id` char(36) NOT NULL DEFAULT '' COMMENT '条目ID',
  `comment` varchar(255) NOT NULL DEFAULT '' COMMENT '评论内容',
  `likes` int(11) unsigned NOT NULL DEFAULT '0' COMMENT '点赞数',
  `status` enum('0','1') CHARACTER SET utf8 NOT NULL DEFAULT '1' COMMENT '状态,1:通过,0:未通过',
  `create_time` int(10) unsigned NOT NULL DEFAULT '0' COMMENT '评论时间',
  `delete_time` int(10) unsigned NOT NULL DEFAULT '0' COMMENT '删除时间',
  PRIMARY KEY (`p_id`),
  UNIQUE KEY `id` (`id`),
  KEY `comment_post_ID` (`communication_id`),
  KEY `comment_approved_date_gmt` (`status`),
  KEY `table_id_status` (`communication_id`,`status`),
  KEY `createtime` (`create_time`)
) ENGINE=InnoDB AUTO_INCREMENT=121 DEFAULT CHARSET=utf8mb4 COMMENT='评论表';

#
# Data for table "qxd_comment"
#

INSERT INTO `qxd_comment` VALUES (1,'0178d13b-be89-7d6c-32ed-9a9176aba56f','3e0b1448-7562-48cc-f885-3986a3bee7fa','f0dc0d69-7749-c6c6-3f33-63a914590a37','111',0,'1',1507705868,0),(2,'01e4ff68-2f88-cad3-71dc-e660b7a6a819','c3a9548d-832d-57f2-fdd9-18f9dc397fb5','32465e63-d157-d854-9284-5a7d7c3f42ae','2',0,'1',1507707181,0),(3,'0514b639-6aef-3fba-2253-2ae8dbc33893','3e0b1448-7562-48cc-f885-3986a3bee7fa','d27394d6-689f-4c8c-a99c-de10eba4de05','2',0,'1',1507707599,0),(4,'05cfd159-a5ab-bdba-3338-5db80f777ab7','0f584f9c-befb-a17e-b205-765cd7efde33','6b06d05e-f26f-3fd5-1673-f8e005676c52','.啊啊啊啊晚上',0,'1',1508485528,0),(5,'086ba433-abf3-9e2b-1c18-5cd843b5489f','3e0b1448-7562-48cc-f885-3986a3bee7fa','04342153-cd9c-728b-caba-657e45a17a31','222',0,'1',1506588746,0),(6,'09da90a6-270d-d14d-3876-40558b33a6f6','c3a9548d-832d-57f2-fdd9-18f9dc397fb5','2af2196f-1932-8cbb-e8ba-85220fb4d8f7','哈哈哈就',0,'1',1507706284,0),(7,'0e81db5b-d828-c4eb-ea91-11b8875e5bdd','3e0b1448-7562-48cc-f885-3986a3bee7fa','565052a5-304c-02e2-5c00-3df05bedd2e8','1',1,'1',1507707357,0),(8,'1021ab2f-5923-f795-cbc1-cd20ff59d5d2','3e0b1448-7562-48cc-f885-3986a3bee7fa','3b8ecbfa-0159-1846-dba0-7a7a99f8ece5','1111',0,'1',1506583876,0),(9,'1181b137-6f65-d6a4-38f5-e4800004e1ec','3e0b1448-7562-48cc-f885-3986a3bee7fa','0164737b-832a-9b0c-20e4-f5b5582df1ae','111',1,'1',1508294633,0),(10,'11911e13-c56f-95e8-8f4a-e961dcc8e22c','3e0b1448-7562-48cc-f885-3986a3bee7fa','e5b38229-d217-90ef-3229-39459b7e90e0','2222',0,'1',1507772172,0),(11,'11f23422-770b-2acd-0381-7e34e469732a','c3a9548d-832d-57f2-fdd9-18f9dc397fb5','2af2196f-1932-8cbb-e8ba-85220fb4d8f7','你说睡觉啊',0,'1',1507706289,0),(12,'1621cb9b-e400-415a-818e-b905835627db','3e0b1448-7562-48cc-f885-3986a3bee7fa','6b06d05e-f26f-3fd5-1673-f8e005676c52','111',0,'1',1508482005,0),(13,'207b7f57-6eb3-d9de-1265-1ebadcb553e9','3e0b1448-7562-48cc-f885-3986a3bee7fa','e5b38229-d217-90ef-3229-39459b7e90e0','请问方式',0,'1',1507707673,0),(14,'26249cf4-367d-f5bb-72cc-b11b2d431d6c','0a9064ba-711f-5049-9300-c0cc88e1edf7','d27b16c0-6e58-5871-697a-5493e2339798','哩哩啦啦',1,'1',1508770476,0),(15,'28164503-87f0-bbc7-f093-b04e3dfe7c82','bf670625-f384-b056-fab9-4c3f45314aa2','6d016893-bd69-77d5-9196-1148836374b0','不错',0,'1',1506611486,0),(16,'2850de41-343d-ac64-1cf8-4b2cf7afc27d','3e0b1448-7562-48cc-f885-3986a3bee7fa','338ec863-e311-bfc1-f412-8e2f2d175ff8','1',0,'1',1507708329,0),(17,'2af9c037-ab53-fbc9-2491-165d27895a91','c3a9548d-832d-57f2-fdd9-18f9dc397fb5','caf48562-c68b-3cf1-450d-d4d23fd55c33','去',0,'1',1507708407,0),(18,'2c67a957-4a3e-1b0d-56c9-7f8798859464','3e0b1448-7562-48cc-f885-3986a3bee7fa','565052a5-304c-02e2-5c00-3df05bedd2e8','啊带我去单位',0,'1',1507707405,0),(19,'2ca29bdb-223b-cba3-8fc5-2aab3d6d7b71','3e0b1448-7562-48cc-f885-3986a3bee7fa','de235cb1-e782-c715-d0bf-9f25aacab26b','1',0,'1',1507706595,0),(20,'2d7717f5-ce5d-53c7-4eac-fd2626484d3c','b9d25df4-8e9e-f917-f559-4872db0b9ea6','4648861d-22c2-3cb2-1c63-cdb4175ef9ba','千真万确',0,'1',1508402796,0),(21,'2e06de05-227e-2e89-9ff6-7bca1a6eb176','3e0b1448-7562-48cc-f885-3986a3bee7fa','565052a5-304c-02e2-5c00-3df05bedd2e8','12321321',0,'1',1507707401,0),(22,'3263b8ef-6abe-6335-7f3f-57f09f271f1c','c3a9548d-832d-57f2-fdd9-18f9dc397fb5','a6fb6697-9401-93f0-fb6d-209f243f3ab2','全世界都借手机啊可',0,'1',1507706348,0),(23,'3759d900-cbc6-ea70-c8f0-627807201e46','0f584f9c-befb-a17e-b205-765cd7efde33','2fae6eaa-1f5d-f545-ba39-b0e1cf164de4','你说啥',0,'1',1507772300,0),(24,'3a5a9dba-3ab3-ddb8-6206-d9791bc523c9','3e0b1448-7562-48cc-f885-3986a3bee7fa','565052a5-304c-02e2-5c00-3df05bedd2e8','2',0,'1',1507707361,0),(25,'3b8ef96b-eb5e-51eb-b436-4b9a4a6a7a4e','0f584f9c-befb-a17e-b205-765cd7efde33','308ee629-4dd7-a2e9-c257-437fb01c2b8c','略略略',0,'1',1507772223,0),(26,'3ffe90dc-ffa6-0d03-1c8b-af6e5cd987d0','0f584f9c-befb-a17e-b205-765cd7efde33','6b06d05e-f26f-3fd5-1673-f8e005676c52','啊啊啊啊啊',0,'1',1508485534,0),(27,'4082cbbf-c611-b2d4-bb8a-72f636d4eac0','3e0b1448-7562-48cc-f885-3986a3bee7fa','3b8ecbfa-0159-1846-dba0-7a7a99f8ece5','333',0,'1',1506583895,0),(28,'46abba2d-e91c-6709-69a2-4db5f3a20c17','3e0b1448-7562-48cc-f885-3986a3bee7fa','d27394d6-689f-4c8c-a99c-de10eba4de05','1',0,'1',1507707597,0),(29,'4c1f083d-6984-a68b-f07d-fda127c997fc','3e0b1448-7562-48cc-f885-3986a3bee7fa','565052a5-304c-02e2-5c00-3df05bedd2e8',' 请问',0,'1',1507707414,0),(30,'4de8c966-f798-3131-5226-21aa6200987a','0a9064ba-711f-5049-9300-c0cc88e1edf7','ab4f9b18-3f2a-8432-0be6-eb9450d9197c','啦啦啦',0,'1',1508205796,0),(31,'510ef22e-693f-384d-9b4e-55be61a33b63','3e0b1448-7562-48cc-f885-3986a3bee7fa','e5b38229-d217-90ef-3229-39459b7e90e0','请问方式',0,'1',1507707676,0),(32,'5cf325d8-9857-556d-5940-e3d8165159ed','16e1481c-86e7-b9a5-e707-a1b2cdf766c3','d0a2a01b-189a-3eba-d78e-c8a577a501b4','来都来了说两句',0,'1',1506609802,0),(33,'63a6aeff-e1e0-b7b6-beb5-730da9063c5e','3e0b1448-7562-48cc-f885-3986a3bee7fa','3b8ecbfa-0159-1846-dba0-7a7a99f8ece5','2222',1,'1',1506583879,0),(34,'64693157-2365-2e99-62a6-25b6cbe3dee5','3e0b1448-7562-48cc-f885-3986a3bee7fa','e5b38229-d217-90ef-3229-39459b7e90e0','请问方式',0,'1',1507707679,0),(35,'6687e7b8-4d83-e722-6add-aefde11eeebc','0a9064ba-711f-5049-9300-c0cc88e1edf7','d5f3ccb0-5b26-adcb-1a62-54194b479cc5','好巴适的',1,'1',1508770168,0),(36,'66b99691-8d09-4339-e3b0-6610e9554e59','0f584f9c-befb-a17e-b205-765cd7efde33','c5b09c3a-62f6-e847-b9f2-e9e6a4990f6f','我觉得你是zz',1,'1',1507772317,0),(37,'6cd0b714-f189-1926-a739-77bcc6d211b8','3e0b1448-7562-48cc-f885-3986a3bee7fa','e5b38229-d217-90ef-3229-39459b7e90e0','去去去',0,'1',1507708342,0),(38,'7087efe3-1ffd-520b-2d8e-96e2484c5a53','3e0b1448-7562-48cc-f885-3986a3bee7fa','616f2e72-224d-39e8-a626-4c5d0602513f','111',1,'1',1506589684,0),(39,'715fd6dd-1bed-0624-a97f-7342c33d37b3','3e0b1448-7562-48cc-f885-3986a3bee7fa','3b8ecbfa-0159-1846-dba0-7a7a99f8ece5','3333',0,'1',1506583881,0),(40,'72c3a6b3-32e2-16b3-39c4-884d398261b0','3e0b1448-7562-48cc-f885-3986a3bee7fa','565052a5-304c-02e2-5c00-3df05bedd2e8','1231231',0,'1',1507707399,0),(41,'75425b90-18a7-bc43-fea9-2b731bc4e4c6','3e0b1448-7562-48cc-f885-3986a3bee7fa','3bd1c61d-8445-3cb0-ce94-22446f2ff0b3','233\n',0,'1',1506582882,0),(42,'7687f0a6-a4b0-d23f-9c6e-0e7abcb3a46b','3e0b1448-7562-48cc-f885-3986a3bee7fa','565052a5-304c-02e2-5c00-3df05bedd2e8','请我去打球',0,'1',1507707407,0),(43,'7725a204-492e-5030-10c3-fcd5215b907b','16e1481c-86e7-b9a5-e707-a1b2cdf766c3','6d016893-bd69-77d5-9196-1148836374b0','路再多，也绕不过生活，心再强，也低不过纠结。人这一生，就是个忙，四分真忙，六分瞎忙，才把生活凑满十分，虽然有点不易，却也无穷乐趣。不与自己交战，不和烦恼共天，不让别人麻烦，就这样浅浅淡淡，凉爽且温暖，应该有多好！ ​​​​',1,'1',1506610236,0),(44,'7a24ba7f-5db6-0c7e-24fe-0e9b1a6c23fe','c3a9548d-832d-57f2-fdd9-18f9dc397fb5','bc6a5da4-d287-6be7-a2d6-29efba1866dd','纳尼',0,'1',1507706959,0),(45,'7a6e2661-d04b-e0ba-7177-f07851722a0a','3e0b1448-7562-48cc-f885-3986a3bee7fa','308ee629-4dd7-a2e9-c257-437fb01c2b8c','3',1,'1',1507772160,0),(46,'7c1abc2d-22c3-3303-39b1-78dc1cc290f2','3e0b1448-7562-48cc-f885-3986a3bee7fa','de235cb1-e782-c715-d0bf-9f25aacab26b','1',0,'1',1507707301,0),(47,'7cc7ef41-10b3-fb94-6832-2ab8654ff942','c3a9548d-832d-57f2-fdd9-18f9dc397fb5','caf48562-c68b-3cf1-450d-d4d23fd55c33','请问他',0,'1',1507708412,0),(48,'7ce0d423-3a63-a845-cb00-794f8ede684e','3e0b1448-7562-48cc-f885-3986a3bee7fa','14f19dd0-1c71-7860-1f00-0743f04d847b','1111',0,'1',1507706791,0),(49,'7f788e30-fef1-e93e-5b66-30d6b1d5ebca','3e0b1448-7562-48cc-f885-3986a3bee7fa','f0dc0d69-7749-c6c6-3f33-63a914590a37','啊拉拉',0,'1',1507705859,0),(50,'7fa19a65-39e2-3da7-94f0-ef772fab2e3d','c3a9548d-832d-57f2-fdd9-18f9dc397fb5','ae851772-39a4-fe59-3071-7ee9eefbe7ff','请问我让他她也',0,'1',1507706492,0),(51,'80080d31-ba54-3fd9-702d-38698e95ec93','c3a9548d-832d-57f2-fdd9-18f9dc397fb5','ae851772-39a4-fe59-3071-7ee9eefbe7ff','请问如果',0,'1',1507706499,0),(52,'808d2c49-3c76-3e79-36f8-34b8891262bd','3e0b1448-7562-48cc-f885-3986a3bee7fa','338ec863-e311-bfc1-f412-8e2f2d175ff8','2',0,'1',1507708332,0),(53,'80d87e11-d139-1d77-e93d-26d787335746','3e0b1448-7562-48cc-f885-3986a3bee7fa','f0dc0d69-7749-c6c6-3f33-63a914590a37','222',0,'1',1507705878,0),(54,'888f5ab8-369d-2268-6c1f-201064d32a90','b9d25df4-8e9e-f917-f559-4872db0b9ea6','e5e42162-ee2f-3982-ae69-71333e21f7a2','eartrd',0,'1',1508485103,0),(55,'90fa2b3c-2ca8-a704-5012-c63846f276db','0a9064ba-711f-5049-9300-c0cc88e1edf7','08d24c5e-f07b-7aa0-59e6-840e89752fe5','reply',0,'1',1505893953,0),(56,'91637b72-bb71-5e28-3da7-24f1d4e41354','3e0b1448-7562-48cc-f885-3986a3bee7fa','14f19dd0-1c71-7860-1f00-0743f04d847b','111',0,'1',1507706784,0),(57,'93025cb7-9e7a-7f16-74ec-61ec8487fbd9','0a9064ba-711f-5049-9300-c0cc88e1edf7','08d24c5e-f07b-7aa0-59e6-840e89752fe5','reply',1,'1',1505893818,0),(58,'9380b01f-8401-ae98-6c5b-b485c793caf1','c3a9548d-832d-57f2-fdd9-18f9dc397fb5','2af2196f-1932-8cbb-e8ba-85220fb4d8f7','啊阿迪达斯',0,'1',1507706306,0),(59,'93943446-15c7-a5be-7e97-e6bb8bf4f072','3e0b1448-7562-48cc-f885-3986a3bee7fa','f0dc0d69-7749-c6c6-3f33-63a914590a37','222',0,'1',1507705843,0),(60,'93cb504c-f1cd-109a-62c1-7ff7a267f164','3e0b1448-7562-48cc-f885-3986a3bee7fa','3bd1c61d-8445-3cb0-ce94-22446f2ff0b3','2222',2,'1',1506582875,0),(61,'941a47c6-5555-5d33-85ad-f8b7cf3d7239','c3a9548d-832d-57f2-fdd9-18f9dc397fb5','4f9c5948-61e2-dfbf-cb20-bd86b2069aaa','均安静啊姐姐安静啊',0,'1',1507706314,0),(62,'942e1788-3813-16a0-0f31-4670bb6cea01','3e0b1448-7562-48cc-f885-3986a3bee7fa','f0dc0d69-7749-c6c6-3f33-63a914590a37','啦啦啦啦',0,'1',1507705846,0),(63,'95a10050-a16e-9796-223c-1dfcf59ff110','3e0b1448-7562-48cc-f885-3986a3bee7fa','e5b38229-d217-90ef-3229-39459b7e90e0','3333',0,'1',1507772174,0),(64,'98288297-abb6-cc2c-702f-63bbb7162b5a','3e0b1448-7562-48cc-f885-3986a3bee7fa','de235cb1-e782-c715-d0bf-9f25aacab26b','1',0,'1',1507707304,0),(65,'99b2c1bb-e21c-d47f-6a27-99e9603771ed','3e0b1448-7562-48cc-f885-3986a3bee7fa','3bd1c61d-8445-3cb0-ce94-22446f2ff0b3','111',0,'1',1506582872,0),(66,'99ebf2c2-816a-14f3-7daa-82392f34d71e','3e0b1448-7562-48cc-f885-3986a3bee7fa','565052a5-304c-02e2-5c00-3df05bedd2e8','去呜呜呜呜呜呜呜呜呜呜呜呜呜呜',0,'1',1507707420,0),(67,'9a66b7c6-8f35-2fd3-5d7a-0b3b7e57fe5d','c3a9548d-832d-57f2-fdd9-18f9dc397fb5','218e90e3-b90d-0f44-228e-df0a9dbd3e7f','就当护士九十斤澳柯玛',0,'1',1507706812,0),(68,'9a99e06f-099c-12b2-e433-60ad2585f22d','3e0b1448-7562-48cc-f885-3986a3bee7fa','0164737b-832a-9b0c-20e4-f5b5582df1ae','222',0,'1',1508294639,0),(69,'9bf7616b-4761-acda-6e2a-bd919c43bd37','c3a9548d-832d-57f2-fdd9-18f9dc397fb5','4e7b204e-0f0d-2653-52f5-d5a46642243a','去去去去去',0,'1',1508834275,0),(70,'9ecf7ca0-7ae8-fdb2-f83a-5dba356c9a3e','c3a9548d-832d-57f2-fdd9-18f9dc397fb5','caf48562-c68b-3cf1-450d-d4d23fd55c33','纳尼',0,'1',1507708416,0),(71,'9f45b606-9b49-d3c1-50fb-e98222206e03','c3a9548d-832d-57f2-fdd9-18f9dc397fb5','32465e63-d157-d854-9284-5a7d7c3f42ae','1',0,'1',1507707172,0),(72,'a09ad3f1-a986-5bf0-5b24-db95780b55c9','16e1481c-86e7-b9a5-e707-a1b2cdf766c3','3648d598-8bfa-e158-02c8-262650972c87','我来说两句',0,'1',1508227858,0),(73,'a2c7abb9-3cf7-6df9-147b-a3b8a8006698','3e0b1448-7562-48cc-f885-3986a3bee7fa','565052a5-304c-02e2-5c00-3df05bedd2e8','2',0,'1',1507707365,0),(74,'a2dbf709-f7e5-bad0-88fd-ee57224d038d','3e0b1448-7562-48cc-f885-3986a3bee7fa','a7a0c05a-accd-5168-f9bb-4d66fd4cac2f','111',0,'1',1507692271,0),(75,'a3e36e74-8aff-ca11-2a82-8ab23068cb0f','16e1481c-86e7-b9a5-e707-a1b2cdf766c3','ee606678-a5d0-2a6f-2293-225ad3f9b55a','测试评论下',0,'1',1508227824,0),(76,'ad1d55ed-8317-ff22-b95e-8172039e16f0','3e0b1448-7562-48cc-f885-3986a3bee7fa','565052a5-304c-02e2-5c00-3df05bedd2e8','趣味无穷的',0,'1',1507707410,0),(77,'b8e79f28-0d55-e7d1-9fd1-1fb7e5b8212c','c3a9548d-832d-57f2-fdd9-18f9dc397fb5','831e024b-8f9d-251b-ff11-491181531a8d','弄手机爱节哀卡卡\n',0,'1',1507706376,0),(78,'bb2b38be-74d9-eeaf-3aa5-a0efd8108018','c3a9548d-832d-57f2-fdd9-18f9dc397fb5','2af2196f-1932-8cbb-e8ba-85220fb4d8f7','略略略',0,'1',1507706297,0),(79,'bc122da9-c74c-acfc-e366-1e586544846b','3e0b1448-7562-48cc-f885-3986a3bee7fa','f0dc0d69-7749-c6c6-3f33-63a914590a37','222',0,'1',1507705852,0),(80,'bcb7e8c2-5b22-b679-a45c-6838c9f176b9','c3a9548d-832d-57f2-fdd9-18f9dc397fb5','4f9c5948-61e2-dfbf-cb20-bd86b2069aaa','去无为啊',0,'1',1507706333,0),(81,'be6837c2-6228-018c-63e3-cdbf70edfd75','b9d25df4-8e9e-f917-f559-4872db0b9ea6','88c3adb8-9ce6-345e-31b4-929062e33981','罢课……在于自己的',0,'1',1507706932,0),(82,'bfc35c1f-84ee-7aab-9f9c-d44d4496670d','b9d25df4-8e9e-f917-f559-4872db0b9ea6','88c3adb8-9ce6-345e-31b4-929062e33981','嗓门儿们的生活费',0,'1',1507706959,0),(83,'c3122e72-6907-2e6f-2b33-0f99c5f25e08','3e0b1448-7562-48cc-f885-3986a3bee7fa','04342153-cd9c-728b-caba-657e45a17a31','回复评论 啊啊',1,'1',1506570813,0),(84,'c396c2ba-461c-7d71-257d-38222731b527','16e1481c-86e7-b9a5-e707-a1b2cdf766c3','3648d598-8bfa-e158-02c8-262650972c87','我再来说两句',0,'1',1508227871,0),(85,'c3e11d07-fc56-d279-17db-4fcc1fd8aa5d','16e1481c-86e7-b9a5-e707-a1b2cdf766c3','4d9309db-b6a3-0715-de50-3618262a420b','来都来了',0,'1',1506609609,0),(86,'c68eb8ba-fc28-b2bc-0546-2f445e0ae1c2','c3a9548d-832d-57f2-fdd9-18f9dc397fb5','bc6a5da4-d287-6be7-a2d6-29efba1866dd','在哪',0,'1',1507706977,0),(87,'cb381fe8-e3c4-b2bb-e36d-4dd05d677227','c3a9548d-832d-57f2-fdd9-18f9dc397fb5','3bd1c61d-8445-3cb0-ce94-22446f2ff0b3','手机随你睡觉啊姐姐',0,'1',1506584059,0),(88,'cfae148c-ad9a-137a-0dbf-20d853003bb4','c3a9548d-832d-57f2-fdd9-18f9dc397fb5','831e024b-8f9d-251b-ff11-491181531a8d','风光好管我',0,'1',1507706475,0),(89,'d0af0bbf-2167-cd2f-57a6-192aa56b5596','3e0b1448-7562-48cc-f885-3986a3bee7fa','308ee629-4dd7-a2e9-c257-437fb01c2b8c','1',1,'1',1507772156,0),(90,'d1777c55-12ce-5bde-a8d1-93026e76bb2f','3e0b1448-7562-48cc-f885-3986a3bee7fa','565052a5-304c-02e2-5c00-3df05bedd2e8','1',0,'1',1507707368,0),(91,'d53eeabe-6337-f167-607c-8edd865fc18d','0a9064ba-711f-5049-9300-c0cc88e1edf7','2d5b7298-f1c8-92d1-52b0-d38019ff7b47','评论点赞????',1,'1',1508394328,0),(92,'d5c5f9b7-c99e-0e41-49f0-d15bf6e4e376','c3a9548d-832d-57f2-fdd9-18f9dc397fb5','4f9c5948-61e2-dfbf-cb20-bd86b2069aaa','哈',0,'1',1507706318,0),(93,'db42cd6e-0a4c-cd7d-aa73-cb05378d6874','3e0b1448-7562-48cc-f885-3986a3bee7fa','04342153-cd9c-728b-caba-657e45a17a31','222',0,'1',1506570635,0),(94,'deb7f7e3-1570-ccc6-f1c2-f3dba990750f','c3a9548d-832d-57f2-fdd9-18f9dc397fb5','ad90abac-2059-f535-1fc8-4af909353965','去去去去',0,'1',1507706710,0),(95,'dfbb2727-6771-0f7f-57d8-c6057d9b08f7','0f584f9c-befb-a17e-b205-765cd7efde33','308ee629-4dd7-a2e9-c257-437fb01c2b8c','呵呵哈哈哈',0,'1',1507772215,0),(96,'e1f81f0a-5146-2333-90a2-98a05b2b1aa3','3e0b1448-7562-48cc-f885-3986a3bee7fa','565052a5-304c-02e2-5c00-3df05bedd2e8','1',0,'1',1507707397,0),(97,'e22be5dd-6627-b560-08f5-c12718f998a3','3e0b1448-7562-48cc-f885-3986a3bee7fa','308ee629-4dd7-a2e9-c257-437fb01c2b8c','2',0,'1',1507772158,0),(98,'e2ed7dc0-66c3-5cb7-c921-59bb451cdce4','0f584f9c-befb-a17e-b205-765cd7efde33','9537498d-58a8-d79d-fae6-fcf47d074954','嗯？',0,'1',1507772237,0),(99,'e39ec9df-4eac-ddb7-3a49-46e5ef6afbec','9175a40c-31f2-bbec-2134-27935378cf65','5107f5b2-20a4-c51e-3795-2b8c896d27d4','啦啦啦',0,'1',1508639345,0),(100,'e408406f-118e-0bad-0be3-84ce593343cc','16e1481c-86e7-b9a5-e707-a1b2cdf766c3','6d016893-bd69-77d5-9196-1148836374b0','路再多，也绕不过生活，心再强，也低不过纠结。人这一生，就是个忙，四分真忙，六分瞎忙，才把生活凑满十分，虽然有点不易，却也无穷乐趣。不与自己交战，不和烦恼共天，不让别人麻烦，就这样浅浅淡淡，凉爽且温暖，应该有多好！ ​​​​',0,'1',1506610244,0),(101,'e496ba7e-8164-54f3-a941-52ae9f256e25','c3a9548d-832d-57f2-fdd9-18f9dc397fb5','caf48562-c68b-3cf1-450d-d4d23fd55c33','略略略',0,'1',1507708420,0),(102,'e79237cd-1de8-cf12-5ff4-b1fdaeebe600','c3a9548d-832d-57f2-fdd9-18f9dc397fb5','218e90e3-b90d-0f44-228e-df0a9dbd3e7f','去污而后生活',0,'1',1507706845,0),(103,'e7b7b77f-9114-ee1b-ba35-a89867db3fe8','3e0b1448-7562-48cc-f885-3986a3bee7fa','3cb4b0cc-5783-07ac-8718-b3f7f560801f','1111',0,'1',1508483138,0),(104,'eb97d8cb-9d45-c39c-5ece-df31f1e6fc08','c3a9548d-832d-57f2-fdd9-18f9dc397fb5','831e024b-8f9d-251b-ff11-491181531a8d','那伤口斯卡拉',0,'1',1507706382,0),(105,'edb99a72-444d-e5b3-3001-11019f19fc1e','3e0b1448-7562-48cc-f885-3986a3bee7fa','3cb4b0cc-5783-07ac-8718-b3f7f560801f','1111',0,'1',1508483138,0),(106,'f1fdc070-79f9-6cfd-9055-b3b20f69b1cf','c3a9548d-832d-57f2-fdd9-18f9dc397fb5','3bd1c61d-8445-3cb0-ce94-22446f2ff0b3','我说啥我不知道是哦啥\n',0,'1',1506584037,0),(107,'f2d2a642-d8aa-89cf-4e31-f267a22cd33c','3e0b1448-7562-48cc-f885-3986a3bee7fa','3bd1c61d-8445-3cb0-ce94-22446f2ff0b3','111',0,'1',1506582512,0),(108,'fe317fa8-76bf-d54d-7609-c7737bf09ee4','c3a9548d-832d-57f2-fdd9-18f9dc397fb5','a6fb6697-9401-93f0-fb6d-209f243f3ab2','就是建设卡卡',0,'1',1507706352,0),(109,'79e29167-4643-110e-9098-6dfd294b126c','0a9064ba-711f-5049-9300-c0cc88e1edf7','d27b16c0-6e58-5871-697a-5493e2339798','呀呀呀呀嘿嘿嘿……',1,'1',1509434701,0),(110,'438e3db4-8420-2a0d-341b-67c387dca4ae','16e1481c-86e7-b9a5-e707-a1b2cdf766c3','3305f8c2-a8be-5cfa-1e62-4ec5981446c2','说两句就说两句',1,'1',1509464036,0),(111,'19bb1526-cf9c-952d-64ad-b5fbb3172346','c3a9548d-832d-57f2-fdd9-18f9dc397fb5','51e528be-e090-1e9e-9a72-39e9bbd9d88f','哈哈哈哈',1,'1',1509588735,0),(112,'a2ad3cdb-e4fd-d886-a247-9d4e08b02192','c3a9548d-832d-57f2-fdd9-18f9dc397fb5','84c8da98-eb41-4492-5e9f-44cc54320ecd','嗯？',0,'1',1509601940,0),(113,'b23f3438-eb0b-b515-55bd-483ca3aded2b','3e0b1448-7562-48cc-f885-3986a3bee7fa','08986ba2-809b-2e7f-6c19-df4527841ad8','1111',1,'1',1509602902,0),(114,'7cc2333e-c110-b7cd-30f9-7883d9512c60','bf670625-f384-b056-fab9-4c3f45314aa2','d2c137d5-7145-2924-e917-5ddbd2040544','这个输入框太靠下了，且有点小',0,'1',1509814560,0),(115,'67439f45-4b69-2bd0-4649-e52e4367884d','13225a3e-f16a-ebb0-450d-3a0a00ade5ca','ee606678-a5d0-2a6f-2293-225ad3f9b55a','????????????????',0,'1',1510044855,0),(116,'271f0d06-a39d-5a93-fa3b-06c06b43d485','13225a3e-f16a-ebb0-450d-3a0a00ade5ca','ee606678-a5d0-2a6f-2293-225ad3f9b55a','????????',0,'1',1510044873,0),(117,'5d7ce9ae-e935-6f5d-c0b3-c9f25d80c48b','0f584f9c-befb-a17e-b205-765cd7efde33','7042adfc-6f6a-f0f6-26d6-688141f6f121','  ',0,'1',1510106156,0),(118,'d3d11c58-3aea-8df2-a2ea-f2c382fc03c7','0f584f9c-befb-a17e-b205-765cd7efde33','7042adfc-6f6a-f0f6-26d6-688141f6f121','         &#128527;  ',0,'1',1510106209,0),(119,'085dd7a6-24b4-1e82-1ee0-fcadd624a951','13225a3e-f16a-ebb0-450d-3a0a00ade5ca','82788a5f-6b14-01f1-599f-95d92602eb48','&#128522;&#128522;&#128522;&#128522;&#128522;',0,'1',1510107662,0),(120,'317fb6cc-57d6-27b7-2c1e-2a90b2502b27','13225a3e-f16a-ebb0-450d-3a0a00ade5ca','58705494-9f45-2add-594b-056e417591e7','&#128553;&#128553;&#128553;&#128553;&#128553;&#128553;',0,'1',1510107702,0);

#
# Structure for table "qxd_comment_operate"
#

DROP TABLE IF EXISTS `qxd_comment_operate`;
CREATE TABLE `qxd_comment_operate` (
  `id` int(11) unsigned NOT NULL AUTO_INCREMENT,
  `user_id` char(36) NOT NULL DEFAULT '' COMMENT '操作人主键id',
  `comment_id` char(36) NOT NULL DEFAULT '' COMMENT '评论主键ID',
  `create_time` int(11) unsigned NOT NULL DEFAULT '0' COMMENT '操作时间',
  `delete_time` int(11) NOT NULL DEFAULT '0',
  PRIMARY KEY (`id`)
) ENGINE=InnoDB AUTO_INCREMENT=159 DEFAULT CHARSET=utf8 ROW_FORMAT=DYNAMIC COMMENT='评论操作表';

#
# Data for table "qxd_comment_operate"
#

INSERT INTO `qxd_comment_operate` VALUES (107,'0a9064ba-711f-5049-9300-c0cc88e1edf7','90fa2b3c-2ca8-a704-5012-c63846f276db',1505903400,1505904909),(108,'0a9064ba-711f-5049-9300-c0cc88e1edf7','90fa2b3c-2ca8-a704-5012-c63846f276db',1505904864,1505904909),(109,'0a9064ba-711f-5049-9300-c0cc88e1edf7','93025cb7-9e7a-7f16-74ec-61ec8487fbd9',1505904929,1505904945),(110,'0a9064ba-711f-5049-9300-c0cc88e1edf7','93025cb7-9e7a-7f16-74ec-61ec8487fbd9',1505904950,0),(111,'3e0b1448-7562-48cc-f885-3986a3bee7fa','c3122e72-6907-2e6f-2b33-0f99c5f25e08',1506581653,1506582274),(112,'3e0b1448-7562-48cc-f885-3986a3bee7fa','db42cd6e-0a4c-cd7d-aa73-cb05378d6874',1506581669,1506582277),(113,'3e0b1448-7562-48cc-f885-3986a3bee7fa','c3122e72-6907-2e6f-2b33-0f99c5f25e08',1506581702,1506582274),(114,'3e0b1448-7562-48cc-f885-3986a3bee7fa','c3122e72-6907-2e6f-2b33-0f99c5f25e08',1506582088,1506582274),(115,'3e0b1448-7562-48cc-f885-3986a3bee7fa','c3122e72-6907-2e6f-2b33-0f99c5f25e08',1506582104,1506582274),(116,'3e0b1448-7562-48cc-f885-3986a3bee7fa','c3122e72-6907-2e6f-2b33-0f99c5f25e08',1506582105,1506582274),(117,'3e0b1448-7562-48cc-f885-3986a3bee7fa','db42cd6e-0a4c-cd7d-aa73-cb05378d6874',1506582107,1506582277),(118,'3e0b1448-7562-48cc-f885-3986a3bee7fa','c3122e72-6907-2e6f-2b33-0f99c5f25e08',1506582149,1506582274),(119,'3e0b1448-7562-48cc-f885-3986a3bee7fa','c3122e72-6907-2e6f-2b33-0f99c5f25e08',1506582151,1506582274),(120,'3e0b1448-7562-48cc-f885-3986a3bee7fa','c3122e72-6907-2e6f-2b33-0f99c5f25e08',1506582152,1506582274),(121,'3e0b1448-7562-48cc-f885-3986a3bee7fa','c3122e72-6907-2e6f-2b33-0f99c5f25e08',1506582154,1506582274),(122,'3e0b1448-7562-48cc-f885-3986a3bee7fa','c3122e72-6907-2e6f-2b33-0f99c5f25e08',1506582174,1506582274),(123,'3e0b1448-7562-48cc-f885-3986a3bee7fa','c3122e72-6907-2e6f-2b33-0f99c5f25e08',1506582176,1506582274),(124,'3e0b1448-7562-48cc-f885-3986a3bee7fa','c3122e72-6907-2e6f-2b33-0f99c5f25e08',1506582177,1506582274),(125,'3e0b1448-7562-48cc-f885-3986a3bee7fa','c3122e72-6907-2e6f-2b33-0f99c5f25e08',1506582177,1506582274),(126,'3e0b1448-7562-48cc-f885-3986a3bee7fa','c3122e72-6907-2e6f-2b33-0f99c5f25e08',1506582269,1506582274),(127,'3e0b1448-7562-48cc-f885-3986a3bee7fa','c3122e72-6907-2e6f-2b33-0f99c5f25e08',1506582271,1506582274),(128,'3e0b1448-7562-48cc-f885-3986a3bee7fa','c3122e72-6907-2e6f-2b33-0f99c5f25e08',1506582272,1506582274),(129,'3e0b1448-7562-48cc-f885-3986a3bee7fa','c3122e72-6907-2e6f-2b33-0f99c5f25e08',1506582272,1506582274),(130,'3e0b1448-7562-48cc-f885-3986a3bee7fa','c3122e72-6907-2e6f-2b33-0f99c5f25e08',1506582272,1506582274),(131,'3e0b1448-7562-48cc-f885-3986a3bee7fa','c3122e72-6907-2e6f-2b33-0f99c5f25e08',1506582273,1506582274),(132,'3e0b1448-7562-48cc-f885-3986a3bee7fa','c3122e72-6907-2e6f-2b33-0f99c5f25e08',1506582275,0),(133,'3e0b1448-7562-48cc-f885-3986a3bee7fa','db42cd6e-0a4c-cd7d-aa73-cb05378d6874',1506582276,1506582277),(134,'3e0b1448-7562-48cc-f885-3986a3bee7fa','93cb504c-f1cd-109a-62c1-7ff7a267f164',1506582967,0),(135,'3e0b1448-7562-48cc-f885-3986a3bee7fa','63a6aeff-e1e0-b7b6-beb5-730da9063c5e',1506583882,0),(136,'c3a9548d-832d-57f2-fdd9-18f9dc397fb5','93cb504c-f1cd-109a-62c1-7ff7a267f164',1506584022,0),(137,'3e0b1448-7562-48cc-f885-3986a3bee7fa','7087efe3-1ffd-520b-2d8e-96e2484c5a53',1506589686,0),(138,'16e1481c-86e7-b9a5-e707-a1b2cdf766c3','7725a204-492e-5030-10c3-fcd5215b907b',1506610250,0),(139,'3e0b1448-7562-48cc-f885-3986a3bee7fa','a2dbf709-f7e5-bad0-88fd-ee57224d038d',1507692278,1507692279),(140,'3e0b1448-7562-48cc-f885-3986a3bee7fa','0e81db5b-d828-c4eb-ea91-11b8875e5bdd',1507707412,0),(141,'0f584f9c-befb-a17e-b205-765cd7efde33','66b99691-8d09-4339-e3b0-6610e9554e59',1507772321,0),(142,'0f584f9c-befb-a17e-b205-765cd7efde33','d0af0bbf-2167-cd2f-57a6-192aa56b5596',1507772340,0),(143,'0f584f9c-befb-a17e-b205-765cd7efde33','7a6e2661-d04b-e0ba-7177-f07851722a0a',1507772341,0),(144,'0a9064ba-711f-5049-9300-c0cc88e1edf7','4de8c966-f798-3131-5226-21aa6200987a',1508205800,1508394363),(145,'3e0b1448-7562-48cc-f885-3986a3bee7fa','1181b137-6f65-d6a4-38f5-e4800004e1ec',1508294635,1508294636),(146,'3e0b1448-7562-48cc-f885-3986a3bee7fa','1181b137-6f65-d6a4-38f5-e4800004e1ec',1508294637,0),(147,'0a9064ba-711f-5049-9300-c0cc88e1edf7','d53eeabe-6337-f167-607c-8edd865fc18d',1508394331,0),(148,'0a9064ba-711f-5049-9300-c0cc88e1edf7','6687e7b8-4d83-e722-6add-aefde11eeebc',1508770174,0),(149,'0a9064ba-711f-5049-9300-c0cc88e1edf7','26249cf4-367d-f5bb-72cc-b11b2d431d6c',1508770481,1509434726),(150,'0a9064ba-711f-5049-9300-c0cc88e1edf7','79e29167-4643-110e-9098-6dfd294b126c',1509434716,1509434722),(151,'0a9064ba-711f-5049-9300-c0cc88e1edf7','79e29167-4643-110e-9098-6dfd294b126c',1509434723,0),(152,'0a9064ba-711f-5049-9300-c0cc88e1edf7','26249cf4-367d-f5bb-72cc-b11b2d431d6c',1509434728,0),(153,'16e1481c-86e7-b9a5-e707-a1b2cdf766c3','438e3db4-8420-2a0d-341b-67c387dca4ae',1509464041,0),(154,'c3a9548d-832d-57f2-fdd9-18f9dc397fb5','19bb1526-cf9c-952d-64ad-b5fbb3172346',1509588740,0),(155,'3e0b1448-7562-48cc-f885-3986a3bee7fa','b23f3438-eb0b-b515-55bd-483ca3aded2b',1509602904,1509603410),(156,'c3a9548d-832d-57f2-fdd9-18f9dc397fb5','b23f3438-eb0b-b515-55bd-483ca3aded2b',1509603010,0),(157,'3e0b1448-7562-48cc-f885-3986a3bee7fa','b23f3438-eb0b-b515-55bd-483ca3aded2b',1509603409,1509603410),(158,'3e0b1448-7562-48cc-f885-3986a3bee7fa','b23f3438-eb0b-b515-55bd-483ca3aded2b',1509603410,1509603410);

#
# Structure for table "qxd_communication"
#

DROP TABLE IF EXISTS `qxd_communication`;
CREATE TABLE `qxd_communication` (
  `p_id` int(11) unsigned NOT NULL AUTO_INCREMENT,
  `id` char(36) NOT NULL DEFAULT '',
  `user_id` char(36) NOT NULL DEFAULT '' COMMENT '外键，发表者用户id',
  `community_id` char(36) NOT NULL DEFAULT '' COMMENT '社群ID',
  `content` text NOT NULL COMMENT '内容',
  `location` varchar(255) NOT NULL DEFAULT '' COMMENT '位置',
  `likes` int(11) unsigned NOT NULL DEFAULT '0' COMMENT '点赞数',
  `comments` int(11) unsigned NOT NULL DEFAULT '0' COMMENT '评论数',
  `shares` int(11) unsigned NOT NULL DEFAULT '0' COMMENT '转发数',
  `hits` int(11) unsigned NOT NULL DEFAULT '0' COMMENT '查看数',
  `create_time` int(10) unsigned NOT NULL DEFAULT '0' COMMENT '创建时间',
  `update_time` int(10) unsigned NOT NULL DEFAULT '0' COMMENT '更新时间',
  `delete_time` int(10) unsigned NOT NULL DEFAULT '0' COMMENT '删除时间',
  PRIMARY KEY (`p_id`),
  UNIQUE KEY `id` (`id`),
  KEY `type_status_date` (`create_time`,`id`),
  KEY `user_id` (`user_id`),
  KEY `community_id` (`community_id`)
) ENGINE=InnoDB AUTO_INCREMENT=149 DEFAULT CHARSET=utf8 ROW_FORMAT=COMPACT COMMENT='交流区表';

#
# Data for table "qxd_communication"
#

INSERT INTO `qxd_communication` VALUES (1,'0164737b-832a-9b0c-20e4-f5b5582df1ae','3e0b1448-7562-48cc-f885-3986a3bee7fa','a7e3276b-95c7-806f-c6c9-a6d004011c15','{\"text\":\"&#128127;\",\"imgUrl\":[]}','',2,2,0,172,1508293837,1509601456,1509601456),(2,'03003c74-f434-a87a-d48b-7240a2dee97d','b9d25df4-8e9e-f917-f559-4872db0b9ea6','9b3c8069-acba-6686-3e35-a3dbc4872d8d','{\"text\":\"集赞 !! 集齐66个赞,,换取现金5元 !!\",\"imgUrl\":[]}','',1,0,0,95,1508399538,1508399538,0),(3,'05ea83b8-abed-885e-0746-f1f1259b1ca9','9175a40c-31f2-bbec-2134-27935378cf65','7d081b3c-1c59-b827-d71a-561c58db5a87','{\"record\":\"http://qxd-mts-output.oss-cn-beijing.aliyuncs.com/wx_download_2017102210275159ec02277cf99_oss.mp3\"}','',0,0,0,44,1508639275,1508639275,0),(4,'0646bc57-4bd2-1399-1f16-daa1c71f4cf5','0f584f9c-befb-a17e-b205-765cd7efde33','d4cad79d-6d01-8548-d4f2-86323314cbeb','{\"record\":\"http://qxd-mts-output.oss-cn-beijing.aliyuncs.com/wx_download_2017102614442059f184445eb84_oss.mp3\"}','',0,0,0,209,1509000264,1509000264,0),(5,'08481773-44b5-53fe-c1a2-b5b6b6b6e1a0','c3a9548d-832d-57f2-fdd9-18f9dc397fb5','ec685e49-3456-6a37-8220-be6bb35868ae','{\"record\":\"http://qxd-mts-output.oss-cn-beijing.aliyuncs.com/wx_download_2017101909432259e8033acd1d6_oss.mp3\"}','',0,0,0,391,1508377420,1508377420,0),(6,'0a294b7f-8057-bdf4-58ef-079f8ebe027d','c3a9548d-832d-57f2-fdd9-18f9dc397fb5','58d153d9-1702-e225-7cbc-59a453386bca','{\"text\":\"@(۩⊙o⊙۩)我选择死亡(ಥ_ಥ)是在下输了\",\"imgUrl\":[]}','',1,0,0,192,1508293298,1508293298,0),(7,'0f2c1bf4-43f0-337e-4271-68a212832c32','3e0b1448-7562-48cc-f885-3986a3bee7fa','ec685e49-3456-6a37-8220-be6bb35868ae','{\"text\":\"2222\",\"imgUrl\":[]}','',0,0,0,512,1508205770,1509601462,1509601462),(8,'147ac707-da87-dbf5-33dc-48a97d8595fb','0f584f9c-befb-a17e-b205-765cd7efde33','ec685e49-3456-6a37-8220-be6bb35868ae','{\"record\":\"http://qxd-mts-output.oss-cn-beijing.aliyuncs.com/wx_download_2017101910212159e80c21cc0db_oss.mp3\"}','',0,0,0,275,1508379686,1508379686,0),(9,'17930144-78b4-8691-ed9e-a8539265c5ec','b9d25df4-8e9e-f917-f559-4872db0b9ea6','a39fb9d1-42fb-96e6-9a4a-4e38e85237f6','{\"text\":\"bobbing and watching \",\"imgUrl\":[]}','',0,0,0,56,1508484667,1508484667,0),(10,'1eaefeb2-f67a-6e45-7be7-03d88df96cb4','0f584f9c-befb-a17e-b205-765cd7efde33','67ff98d2-677b-fb18-8dad-83a39b2e8766','{\"text\":\"4444\",\"imgUrl\":[]}','',0,0,0,56,1508731803,1508731803,0),(11,'2031f797-ba51-cb25-db01-16473279d822','0a9064ba-711f-5049-9300-c0cc88e1edf7','b71c1509-6809-e1a5-67e0-b96fe3fec8df','{\"text\":\"哈哈哈哈\",\"imgUrl\":[]}','',1,0,0,19,1508482790,1509434601,1509434601),(12,'22d492f9-0214-7b01-fb93-eef0f91651db','0f584f9c-befb-a17e-b205-765cd7efde33','67ff98d2-677b-fb18-8dad-83a39b2e8766','{\"text\":\"333\",\"imgUrl\":[]}','',0,0,0,59,1508731738,1508731738,0),(13,'24ac6954-da46-cfa2-8006-4afaa2e29edd','0f584f9c-befb-a17e-b205-765cd7efde33','ec685e49-3456-6a37-8220-be6bb35868ae','{\"text\":\"11111111\",\"imgUrl\":[]}','香洲区南屏V12文化创意产业园东南',0,0,0,487,1508205746,1508205746,0),(14,'25e74ad0-a72e-e114-37bf-33dddbb8000f','c3a9548d-832d-57f2-fdd9-18f9dc397fb5','ec685e49-3456-6a37-8220-be6bb35868ae','{\"text\":\"去去去去\",\"imgUrl\":[]}','',1,0,0,475,1508293660,1508293660,0),(15,'2a3c048a-6ea1-9f7a-0b1f-c3cbdd1daa0e','0f584f9c-befb-a17e-b205-765cd7efde33','67ff98d2-677b-fb18-8dad-83a39b2e8766','{\"text\":\"2222\",\"imgUrl\":[]}','',0,0,0,62,1508731661,1508731661,0),(16,'2c0f5342-35e2-b8e4-53cb-e26a15e3eedc','0f584f9c-befb-a17e-b205-765cd7efde33','a7e3276b-95c7-806f-c6c9-a6d004011c15','{\"text\":\"&#128513;                     \",\"imgUrl\":[]}','',0,0,0,129,1508293601,1508293601,0),(17,'2d5b7298-f1c8-92d1-52b0-d38019ff7b47','0a9064ba-711f-5049-9300-c0cc88e1edf7','8801efbd-1bd5-50d8-3b89-bea68d6a316c','{\"text\":\"被赞美着的往往也是被绑架着的。\",\"imgUrl\":[]}','',1,1,0,47,1508391868,1508391868,0),(18,'32c48360-8c4a-c734-3a88-ece21859370a','b9d25df4-8e9e-f917-f559-4872db0b9ea6','dc632f78-d7e8-18e6-1e37-d2e759329e7c','{\"text\":\"集赞换现金\",\"imgUrl\":[]}','',2,0,0,92,1508403380,1508403380,0),(19,'3305f8c2-a8be-5cfa-1e62-4ec5981446c2','0f584f9c-befb-a17e-b205-765cd7efde33','d4cad79d-6d01-8548-d4f2-86323314cbeb','{\"record\":\"http://qxd-mts-output.oss-cn-beijing.aliyuncs.com/wx_download_2017102614503659f185bc421bc_oss.mp3\"}','',0,1,0,207,1509000643,1509000643,0),(20,'341d09ea-b2fa-8001-8d3e-93de681b1d48','c3a9548d-832d-57f2-fdd9-18f9dc397fb5','a7e3276b-95c7-806f-c6c9-a6d004011c15','{\"text\":\"111\",\"imgUrl\":[\"http://qxd-test.oss-cn-beijing.aliyuncs.com/user-dir/PRxD5v2brvyJs6DVgvundefinedkfCvDFDzJj7jC.png\",\"http://qxd-test.oss-cn-beijing.aliyuncs.com/user-dir/g2108vajK3uHWUP3ppSntK0vqcqUp9BU.png\",\"http://qxd-test.oss-cn-beijing.aliyuncs.com/user-dir/CW0GqpjpUtqqfxvE311pweaD13adD3Vg.png\",\"http://qxd-test.oss-cn-beijing.aliyuncs.com/user-dir/mR5GEbLfpundefinedgx8YFX6tJnjVV6w1eJDFDm.png\",\"http://qxd-test.oss-cn-beijing.aliyuncs.com/user-dir/yK1tdundefinedXKe4cwqCzkejv0gLn8HRzkzhDG.png\",\"http://qxd-test.oss-cn-beijing.aliyuncs.com/user-dir/8hsGJCv8kHqCg4JqHtGik4rG0DckaKqs.png\",\"http://qxd-test.oss-cn-beijing.aliyuncs.com/user-dir/b1PKwnQbP6Lpb7vxQ5WXvDeyDSUEuykz.png\",\"http://qxd-test.oss-cn-beijing.aliyuncs.com/user-dir/VjQcmaUhXWWDyzmUnuf02E4rzEBtmvEr.png\",\"http://qxd-test.oss-cn-beijing.aliyuncs.com/user-dir/iGi7ziWkVr53CQQWjakibKHXrH9izCEq.png\"]}','',0,0,0,142,1508491846,1508491846,0),(21,'344c466d-7d7a-2e03-1876-64811d69d26f','0f584f9c-befb-a17e-b205-765cd7efde33','2d186dae-8300-492a-fa64-5ed167ed8510','{\"record\":\"http://qxd-mts-output.oss-cn-beijing.aliyuncs.com/wx_download_2017102113220659ead97ec56c5_oss.mp3\"}','',0,0,0,53,1508563331,1508563331,0),(22,'358af815-4941-14ac-0452-f1a8fba8275c','b9d25df4-8e9e-f917-f559-4872db0b9ea6','5e539f48-231e-7eb5-145c-646da24ae942','{\"text\":\"test\",\"imgUrl\":[]}','',2,0,0,97,1508394504,1508394504,0),(23,'3648d598-8bfa-e158-02c8-262650972c87','16e1481c-86e7-b9a5-e707-a1b2cdf766c3','ec685e49-3456-6a37-8220-be6bb35868ae','{\"text\":\"一张图片什么效果\",\"imgUrl\":[\"http://qxd-test.oss-cn-beijing.aliyuncs.com/user-dir/JkyehK2qxv7jC0PPS92ktgki3Tb4UgxC.png\"]}','香洲区南屏V12文化创意产业园',1,2,0,483,1508211394,1508211394,0),(24,'37a1e2f6-aa23-f217-dcaa-add0dc1b9f37','c3a9548d-832d-57f2-fdd9-18f9dc397fb5','ec685e49-3456-6a37-8220-be6bb35868ae','{\"record\":\"http://qxd-mts-output.oss-cn-beijing.aliyuncs.com/wx_download_2017101916174759e85fabd7c1b_oss.mp3\"}','',1,0,0,320,1508401072,1508401072,0),(25,'3a47812a-558d-c7c1-8448-3ee0c38daecb','c3a9548d-832d-57f2-fdd9-18f9dc397fb5','ec685e49-3456-6a37-8220-be6bb35868ae','{\"record\":\"http://qxd-mts-output.oss-cn-beijing.aliyuncs.com/wx_download_2017101916155659e85f3c192c5_oss.mp3\"}','',1,0,0,324,1508400963,1508400963,0),(26,'3cb4b0cc-5783-07ac-8718-b3f7f560801f','3e0b1448-7562-48cc-f885-3986a3bee7fa','c95134b4-83d5-ce44-6e79-c3273f807e71','{\"text\":\"2222\",\"imgUrl\":[]}','',0,2,0,146,1508483092,1508483092,0),(27,'3cf28733-266b-0795-bab8-e76789c1e3b6','0f584f9c-befb-a17e-b205-765cd7efde33','2d186dae-8300-492a-fa64-5ed167ed8510','{\"text\":\"11\",\"imgUrl\":[]}','',0,0,0,50,1508724260,1508724260,0),(28,'3ea8b305-829d-bf2c-9d13-f1e025c597ef','0f584f9c-befb-a17e-b205-765cd7efde33','2d186dae-8300-492a-fa64-5ed167ed8510','{\"text\":\"四季酒\",\"imgUrl\":[]}','',0,0,0,58,1508484372,1508484372,0),(29,'45ee6b99-dbfc-eac6-647c-6b4dd4c43c22','0a9064ba-711f-5049-9300-c0cc88e1edf7','05782e51-f174-74e1-f358-91a1011b1daf','{\"text\":\"啦啦啦啦啦啦啦啦啦\",\"imgUrl\":[]}','',1,0,0,37,1508813449,1508813449,0),(30,'4648861d-22c2-3cb2-1c63-cdb4175ef9ba','b9d25df4-8e9e-f917-f559-4872db0b9ea6','9b3c8069-acba-6686-3e35-a3dbc4872d8d','{\"text\":\"集赞 !! 够10个赞兑换 1000元\",\"imgUrl\":[]}','',1,1,0,92,1508402784,1508402784,0),(31,'4844e5a3-899e-3bbd-fb15-f200f3bcb6b8','0a9064ba-711f-5049-9300-c0cc88e1edf7','b71c1509-6809-e1a5-67e0-b96fe3fec8df','{\"text\":\"曾经意外\",\"imgUrl\":[]}','',0,0,0,53,1508482110,1508482110,0),(32,'4c065db6-9a85-c1f9-4e41-057835cbe815','3e0b1448-7562-48cc-f885-3986a3bee7fa','c95134b4-83d5-ce44-6e79-c3273f807e71','{\"text\":\"1111\",\"imgUrl\":[]}','',0,0,0,93,1508483082,1509601419,1509601419),(33,'4da215ec-51d0-a737-39fc-1520869cc259','3e0b1448-7562-48cc-f885-3986a3bee7fa','ec685e49-3456-6a37-8220-be6bb35868ae','{\"text\":\"1111\",\"imgUrl\":[]}','',0,0,0,5,1508289222,1508291237,1508291237),(34,'4e7b204e-0f0d-2653-52f5-d5a46642243a','c3a9548d-832d-57f2-fdd9-18f9dc397fb5','a39fb9d1-42fb-96e6-9a4a-4e38e85237f6','{\"text\":\"啊啊啊啊什么鬼= =ㄖㄙㄖ‖\",\"imgUrl\":[\"http://qxd-test.oss-cn-beijing.aliyuncs.com/user-dir/Pqxd0qfvUYjundefinedUFGSqpwq2Dc2zWhWctr6.png\",\"http://qxd-test.oss-cn-beijing.aliyuncs.com/user-dir/J1SJGGBPcJEx2YixPbRr63sYf4s6UX3e.png\",\"http://qxd-test.oss-cn-beijing.aliyuncs.com/user-dir/axUhwpLrSyWRt1bXe2undefinedeKD1xtEc6c7uu.png\"]}','华发商都',1,1,0,125,1508834260,1508834260,0),(35,'4eef3cc1-efa9-c3c4-4b6e-32ede809730a','3e0b1448-7562-48cc-f885-3986a3bee7fa','c95134b4-83d5-ce44-6e79-c3273f807e71','{\"text\":\"4444\",\"imgUrl\":[]}','',0,0,0,85,1508483986,1509601405,1509601405),(36,'4f51392d-e761-b7b2-f196-cdc0fbc9af19','0f584f9c-befb-a17e-b205-765cd7efde33','ec685e49-3456-6a37-8220-be6bb35868ae','{\"record\":\"http://qxd-mts-output.oss-cn-beijing.aliyuncs.com/wx_download_2017101909584359e806d33a737_oss.mp3\"}','',0,0,0,300,1508378387,1508378387,0),(37,'504e2916-900b-cfd2-8f61-ad504258130c','3e0b1448-7562-48cc-f885-3986a3bee7fa','a7e3276b-95c7-806f-c6c9-a6d004011c15','{\"text\":\"1111\",\"imgUrl\":[]}','',2,0,0,218,1508293146,1508293146,0),(38,'5107f5b2-20a4-c51e-3795-2b8c896d27d4','9175a40c-31f2-bbec-2134-27935378cf65','7d081b3c-1c59-b827-d71a-561c58db5a87','{\"text\":\"测试\",\"imgUrl\":[]}','',1,1,0,41,1508639323,1508639323,0),(39,'5110e09a-7583-168e-21b5-96e5414a634d','3e0b1448-7562-48cc-f885-3986a3bee7fa','c95134b4-83d5-ce44-6e79-c3273f807e71','{\"text\":\"55555\",\"imgUrl\":[]}','',0,0,0,80,1508484260,1509601397,1509601397),(40,'5a60bd07-3f53-ab76-8e8f-c565eb48c6b4','16e1481c-86e7-b9a5-e707-a1b2cdf766c3','ec685e49-3456-6a37-8220-be6bb35868ae','{\"record\":\"http://qxd-mts-output.oss-cn-beijing.aliyuncs.com/wx_download_2017102110301659eab1388e1f0_oss.mp3\"}','',0,0,0,18,1508553021,1508715458,1508715458),(41,'5c0ce7c9-5e78-8ce5-4068-b7082d5d627d','0f584f9c-befb-a17e-b205-765cd7efde33','67ff98d2-677b-fb18-8dad-83a39b2e8766','{\"text\":\"2222\",\"imgUrl\":[]}','',0,0,0,62,1508731662,1508731662,0),(42,'5eeddcdd-26e7-c877-fcf0-86b141db58c1','0f584f9c-befb-a17e-b205-765cd7efde33','8321ad0b-7e93-2cc4-9db0-4032432e170d','{\"text\":\"来都来了 随便说点啥\",\"imgUrl\":[\"http://qxd-test.oss-cn-beijing.aliyuncs.com/user-dir/6eL0sugEspGCGpbhTb5hcn9ttT6Fc0Fg.png\"]}','香洲区南屏V12文化创意产业园',1,0,0,51,1508745902,1508745902,0),(43,'60e5ccec-4c65-d60a-3d53-de70d330b6b6','0f584f9c-befb-a17e-b205-765cd7efde33','ec685e49-3456-6a37-8220-be6bb35868ae','{\"record\":\"http://qxd-mts-output.oss-cn-beijing.aliyuncs.com/wx_download_2017101910103159e809976015a_oss.mp3\"}','',0,0,0,283,1508379037,1508379037,0),(44,'653ad8e7-4099-7f88-bdda-871e1571e79f','0a9064ba-711f-5049-9300-c0cc88e1edf7','b71c1509-6809-e1a5-67e0-b96fe3fec8df','{\"text\":\"嘿嘿嘿嘿嘿……\",\"imgUrl\":[]}','',0,0,0,49,1508482817,1508482817,0),(45,'67474b9e-759f-4e6f-cd0a-79d973d7e2a4','0f584f9c-befb-a17e-b205-765cd7efde33','2d186dae-8300-492a-fa64-5ed167ed8510','{\"text\":\"那你\",\"imgUrl\":[]}','',0,0,0,57,1508484381,1508484381,0),(46,'6762c128-32d1-1927-d207-b10afe424a83','c3a9548d-832d-57f2-fdd9-18f9dc397fb5','58d153d9-1702-e225-7cbc-59a453386bca','{\"text\":\"&#128513;        &#128513;        &#128513;   \",\"imgUrl\":[]}','广东省政府',0,0,0,191,1508293374,1508293374,0),(47,'67f965a6-d32d-ab39-b4a0-eea8c37208a2','0f584f9c-befb-a17e-b205-765cd7efde33','67ff98d2-677b-fb18-8dad-83a39b2e8766','{\"text\":\"2222\",\"imgUrl\":[]}','',0,0,0,62,1508731659,1508731659,0),(48,'6b06d05e-f26f-3fd5-1673-f8e005676c52','3e0b1448-7562-48cc-f885-3986a3bee7fa','67ff98d2-677b-fb18-8dad-83a39b2e8766','{\"text\":\"11111111111111111111111111111111111111111111111111111111111111111111\",\"imgUrl\":[]}','',2,3,0,172,1508293166,1509601441,1509601441),(49,'6cc9871d-aa04-b624-0084-4b9d262fe0a0','0f584f9c-befb-a17e-b205-765cd7efde33','ec685e49-3456-6a37-8220-be6bb35868ae','{\"text\":\"aaaa\\n\",\"imgUrl\":[]}','',0,0,0,406,1508236822,1508236822,0),(50,'6f832bda-d5fe-3e57-e427-2158be6107c5','c3a9548d-832d-57f2-fdd9-18f9dc397fb5','58d153d9-1702-e225-7cbc-59a453386bca','{\"text\":\"\",\"imgUrl\":[]}','',0,0,0,193,1508293267,1508293267,0),(51,'74288078-6365-f32a-52e4-6dae51bf41e5','0f584f9c-befb-a17e-b205-765cd7efde33','67ff98d2-677b-fb18-8dad-83a39b2e8766','{\"text\":\"11111\",\"imgUrl\":[]}','',0,0,0,65,1508731606,1508731606,0),(52,'780809b3-b058-4da4-7f3d-b6e295cdc46b','0f584f9c-befb-a17e-b205-765cd7efde33','2d186dae-8300-492a-fa64-5ed167ed8510','{\"record\":\"http://qxd-mts-output.oss-cn-beijing.aliyuncs.com/wx_download_2017102113224559ead9a5c0b02_oss.mp3\"}','',0,0,0,53,1508563370,1508563370,0),(53,'7ccd467f-01a1-9f00-80e2-fa570fbbd2ff','c3a9548d-832d-57f2-fdd9-18f9dc397fb5','5e539f48-231e-7eb5-145c-646da24ae942','{\"text\":\"？？\",\"imgUrl\":[]}','',1,0,0,168,1508307474,1508307474,0),(54,'82788a5f-6b14-01f1-599f-95d92602eb48','3e0b1448-7562-48cc-f885-3986a3bee7fa','ec685e49-3456-6a37-8220-be6bb35868ae','{\"text\":\"1111\",\"imgUrl\":[]}','',0,1,0,239,1508471865,1508471865,0),(55,'84c8da98-eb41-4492-5e9f-44cc54320ecd','3e0b1448-7562-48cc-f885-3986a3bee7fa','a39fb9d1-42fb-96e6-9a4a-4e38e85237f6','{\"text\":\"11111\",\"imgUrl\":[]}','',1,1,0,191,1508236633,1508236633,0),(56,'8884cca8-c547-0400-5b08-d7356c46d947','16e1481c-86e7-b9a5-e707-a1b2cdf766c3','ec685e49-3456-6a37-8220-be6bb35868ae','{\"text\":\"随便说点啥\",\"imgUrl\":[\"http://qxd-test.oss-cn-beijing.aliyuncs.com/user-dir/CCwnwikKXeiweEwY0e2undefinedhundefinedXsEGWe2UnE.png\",\"http://qxd-test.oss-cn-beijing.aliyuncs.com/user-dir/PJwsFqeK7xJCSundefineda2Ls0VwcBrTV5K14mY.png\",\"http://qxd-test.oss-cn-beijing.aliyuncs.com/user-dir/aPgyWjWeRWe35FCwJ9GzDQU1USQm7Q7R.png\"]}','香洲区南屏V12文化创意产业园',2,0,0,490,1508210431,1508210431,0),(57,'89805f40-e9ad-5521-5f0f-17c3596b1140','3e0b1448-7562-48cc-f885-3986a3bee7fa','ec685e49-3456-6a37-8220-be6bb35868ae','{\"text\":\"@\",\"imgUrl\":[]}','',1,0,0,480,1508291982,1508291982,0),(58,'8992f91b-6041-dd66-6735-1b745aa3f9ed','0a9064ba-711f-5049-9300-c0cc88e1edf7','b71c1509-6809-e1a5-67e0-b96fe3fec8df','{\"text\":\"嘿嘿嘿嘿嘿……\",\"imgUrl\":[]}','',0,0,0,18,1508482817,1509434600,1509434600),(59,'8a21c84c-b978-c910-d3cb-06d72660d338','0f584f9c-befb-a17e-b205-765cd7efde33','67ff98d2-677b-fb18-8dad-83a39b2e8766','{\"text\":\"5555\",\"imgUrl\":[]}','',0,0,0,55,1508731819,1508731819,0),(60,'8ab5e9bc-ed2e-8fc0-b0d1-4fc356eb0ad6','3e0b1448-7562-48cc-f885-3986a3bee7fa','8f5aa4d9-7249-9515-80a9-ee8839a5db12','{\"text\":\"2222222222222\",\"imgUrl\":[]}','',1,0,0,209,1508309234,1508309234,0),(61,'8b1c9739-e0ad-ef4d-08da-9010bc187aa3','0f584f9c-befb-a17e-b205-765cd7efde33','ec685e49-3456-6a37-8220-be6bb35868ae','{\"text\":\"@','',0,0,0,11,1508236806,1508291414,1508291414),(62,'8bd75fa6-9f29-de96-df21-f0a3620bff9d','0f584f9c-befb-a17e-b205-765cd7efde33','67ff98d2-677b-fb18-8dad-83a39b2e8766','{\"text\":\"333\",\"imgUrl\":[]}','',0,0,0,59,1508731740,1508731740,0),(63,'95f7d39e-470f-d2c5-368b-bfe0c1037c09','0f584f9c-befb-a17e-b205-765cd7efde33','ec685e49-3456-6a37-8220-be6bb35868ae','{\"record\":\"http://qxd-mts-output.oss-cn-beijing.aliyuncs.com/wx_download_2017101910181559e80b67b1f6e_oss.mp3\"}','',0,0,0,280,1508379501,1508379501,0),(64,'973dff36-4155-ce63-6984-5e30e520a69e','c3a9548d-832d-57f2-fdd9-18f9dc397fb5','ec685e49-3456-6a37-8220-be6bb35868ae','{\"text\":\"\",\"imgUrl\":[]}','',0,0,0,38,1508292006,1508307421,1508307421),(65,'97fe4c36-b6fd-6bb6-6e40-dfefb2187605','0f584f9c-befb-a17e-b205-765cd7efde33','ec685e49-3456-6a37-8220-be6bb35868ae','{\"record\":\"http://qxd-mts-output.oss-cn-beijing.aliyuncs.com/wx_download_2017101910084759e8092f2a92f_oss.mp3\"}','',0,0,0,286,1508378933,1508378933,0),(66,'9837f7ed-fe25-7dda-d729-d007b18b92c6','c3a9548d-832d-57f2-fdd9-18f9dc397fb5','58d153d9-1702-e225-7cbc-59a453386bca','{\"text\":\"(๑• . •๑)\",\"imgUrl\":[]}','',0,0,0,190,1508293394,1508293394,0),(67,'99c53081-d6ff-c511-b81d-0ffd10aa096f','b9d25df4-8e9e-f917-f559-4872db0b9ea6','a7e3276b-95c7-806f-c6c9-a6d004011c15','{\"text\":\"','',0,0,0,6,1508292785,1508293234,1508293234),(68,'9ac1fc7d-83a7-64f0-f16e-31a0633f41d3','c3a9548d-832d-57f2-fdd9-18f9dc397fb5','ec685e49-3456-6a37-8220-be6bb35868ae','{\"record\":\"http://qxd-mts-output.oss-cn-beijing.aliyuncs.com/wx_download_2017101916140659e85ecef1130_oss.mp3\"}','',1,0,0,326,1508400852,1508400852,0),(69,'9dd59f55-0337-cc16-10c6-c53e6e338cba','b9d25df4-8e9e-f917-f559-4872db0b9ea6','a7e3276b-95c7-806f-c6c9-a6d004011c15','{\"text\":\"呦吼吼嘿嘿嘿嘻嘻','',0,0,0,11,1508292730,1508293245,1508293245),(70,'9df90f8a-c610-69a8-fbc2-041fd51637b4','3e0b1448-7562-48cc-f885-3986a3bee7fa','a7e3276b-95c7-806f-c6c9-a6d004011c15','{\"text\":\"1111111\",\"imgUrl\":[]}','',2,0,0,218,1508293112,1508293112,0),(71,'9ede9164-010d-4919-a924-6eeb2a635e1e','0f584f9c-befb-a17e-b205-765cd7efde33','1f83549c-7fb7-4c2a-27e0-0b11cfbd337b','{\"text\":\"111111\",\"imgUrl\":[\"http://qxd-test.oss-cn-beijing.aliyuncs.com/user-dir/zkd2HpXTiX14jFdkHmiPJg1zF1K48UYW.png\"]}','',0,0,0,62,1508488187,1508488187,0),(72,'a1293912-d0c1-2f37-296a-07fc5593a66b','3e0b1448-7562-48cc-f885-3986a3bee7fa','c95134b4-83d5-ce44-6e79-c3273f807e71','{\"text\":\"1111\",\"imgUrl\":[]}','',0,0,0,95,1508483080,1509601427,1509601427),(73,'a24c284a-119d-abec-bc98-f1acf4d909a0','0f584f9c-befb-a17e-b205-765cd7efde33','67ff98d2-677b-fb18-8dad-83a39b2e8766','{\"text\":\"111\",\"imgUrl\":[]}','',0,0,0,68,1508728188,1508728188,0),(74,'a48f2df3-ae70-d503-ee53-faa8e507dcf0','0f584f9c-befb-a17e-b205-765cd7efde33','67ff98d2-677b-fb18-8dad-83a39b2e8766','{\"text\":\"333\",\"imgUrl\":[]}','',0,0,0,59,1508731739,1508731739,0),(75,'a5f12025-98f1-c332-383e-75b74b41574a','0a9064ba-711f-5049-9300-c0cc88e1edf7','3a4d382d-fae8-dc11-0db4-2c214897fa91','{\"text\":\"瑟瑟发抖\",\"imgUrl\":[]}','',1,0,0,36,1508847124,1508847124,0),(76,'a829bc31-53ad-a34d-f8b2-3f7554b7517a','0f584f9c-befb-a17e-b205-765cd7efde33','ec685e49-3456-6a37-8220-be6bb35868ae','{\"text\":\"四图\",\"imgUrl\":[\"http://qxd-test.oss-cn-beijing.aliyuncs.com/user-dir/mdKXqKhBBDqfqvsz8SHhQ0DuxXTTkmXp.png\",\"http://qxd-test.oss-cn-beijing.aliyuncs.com/user-dir/zBpzqTJB5n4kTD8cgVnELSW5yTQ1VazH.png\",\"http://qxd-test.oss-cn-beijing.aliyuncs.com/user-dir/bwzwWWm4iyundefinedqVfuYWXHHSrvsP5uRB7Ku.png\",\"http://qxd-test.oss-cn-beijing.aliyuncs.com/user-dir/VXmHVnGK9J578bf37V8EehundefinedfVx2q63Dj.png\"]}','',0,0,0,479,1508205828,1508205828,0),(77,'ab4f9b18-3f2a-8432-0be6-eb9450d9197c','0a9064ba-711f-5049-9300-c0cc88e1edf7','892c80b0-750c-0742-c6a4-5c1105285bee','{\"text\":\"嗯嗯\",\"imgUrl\":[]}','',1,1,0,49,1508205776,1508205776,0),(78,'afd30e5b-3e1c-6ff4-aa73-a66f848e144d','3e0b1448-7562-48cc-f885-3986a3bee7fa','67ff98d2-677b-fb18-8dad-83a39b2e8766','{\"text\":\"111\",\"imgUrl\":[]}','',1,0,0,141,1508482011,1508482011,0),(79,'b337900a-f2d0-2549-913b-489b3f5ce22a','0a9064ba-711f-5049-9300-c0cc88e1edf7','b71c1509-6809-e1a5-67e0-b96fe3fec8df','{\"text\":\"点赞测试\",\"imgUrl\":[]}','',1,0,0,37,1508812312,1508812312,0),(80,'b3c7d689-096b-db19-30f4-1a99b572a7e9','0a9064ba-711f-5049-9300-c0cc88e1edf7','8801efbd-1bd5-50d8-3b89-bea68d6a316c','{\"text\":\"创作\",\"imgUrl\":[]}','',1,0,0,41,1508395709,1508395709,0),(81,'b6b8cbaf-5aba-f9e7-e99e-b9b508369192','0f584f9c-befb-a17e-b205-765cd7efde33','67ff98d2-677b-fb18-8dad-83a39b2e8766','{\"text\":\"11111\",\"imgUrl\":[]}','',0,0,0,65,1508731608,1508731608,0),(82,'b8b6bfd2-ec58-25b5-2019-8208c94d3921','3e0b1448-7562-48cc-f885-3986a3bee7fa','ec685e49-3456-6a37-8220-be6bb35868ae','{\"text\":\"1111\",\"imgUrl\":[]}','',0,0,0,13,1508236775,1508291326,1508291326),(83,'bc3dab27-e625-6946-8e1a-05769aea5fbe','c3a9548d-832d-57f2-fdd9-18f9dc397fb5','ec685e49-3456-6a37-8220-be6bb35868ae','{\"record\":\"http://qxd-mts-output.oss-cn-beijing.aliyuncs.com/wx_download_2017101916270459e861d8a8f43_oss.mp3\"}','',0,0,0,313,1508401629,1508401629,0),(84,'bd7e56be-3916-8fa9-efa0-d4f4a95edcc5','3e0b1448-7562-48cc-f885-3986a3bee7fa','c95134b4-83d5-ce44-6e79-c3273f807e71','{\"text\":\"11111\",\"imgUrl\":[]}','',0,0,0,148,1508483074,1508483074,0),(85,'bdfd75ea-9d98-d736-11ed-7634cad6d094','0a9064ba-711f-5049-9300-c0cc88e1edf7','b71c1509-6809-e1a5-67e0-b96fe3fec8df','{\"text\":\"曾经意外\",\"imgUrl\":[]}','',0,0,0,23,1508482109,1509434628,1509434628),(86,'bfebd1eb-e3d3-3f47-b0b6-aa52212fc0b5','c3a9548d-832d-57f2-fdd9-18f9dc397fb5','58d153d9-1702-e225-7cbc-59a453386bca','{\"text\":\"@\",\"imgUrl\":[]}','',0,0,0,195,1508292673,1508292673,0),(87,'c9c127b2-73f2-7574-a574-5016b80fc2de','0f584f9c-befb-a17e-b205-765cd7efde33','67ff98d2-677b-fb18-8dad-83a39b2e8766','{\"text\":\"11111\",\"imgUrl\":[]}','',0,0,0,65,1508731607,1508731607,0),(88,'cb715160-9f60-572d-b760-818cf3544589','3e0b1448-7562-48cc-f885-3986a3bee7fa','c95134b4-83d5-ce44-6e79-c3273f807e71','{\"text\":\"3333\",\"imgUrl\":[]}','',0,0,0,87,1508483413,1509601407,1509601407),(89,'cf6237cc-7e0d-6248-8e60-261bf49fff8e','b9d25df4-8e9e-f917-f559-4872db0b9ea6','ec16645b-cc9c-a7c8-536f-955219154cd2','{\"text\":\"hhghby\",\"imgUrl\":[]}','',0,0,0,5,1508485063,1509012816,1509012816),(90,'d27b16c0-6e58-5871-697a-5493e2339798','0a9064ba-711f-5049-9300-c0cc88e1edf7','118adfb2-b289-da7e-fbe1-f4533181b9d3','{\"text\":\"巴适惨了\",\"imgUrl\":[\"http://qxd-test.oss-cn-beijing.aliyuncs.com/user-dir/kFp3TQj3dn7bwJKnbxe6gz3D1g0fUaw1.png\"]}','十四村',0,2,0,37,1508770456,1508770456,0),(91,'d3a3fc31-1a98-5851-ca4d-fe237f25022a','c3a9548d-832d-57f2-fdd9-18f9dc397fb5','ec685e49-3456-6a37-8220-be6bb35868ae','{\"record\":\"http://qxd-mts-output.oss-cn-beijing.aliyuncs.com/wx_download_2017101916332459e863541ff75_oss.mp3\"}','',0,0,0,309,1508402009,1508402009,0),(92,'d5f3ccb0-5b26-adcb-1a62-54194b479cc5','0a9064ba-711f-5049-9300-c0cc88e1edf7','982c30c7-ebc7-a797-964e-4669484c5103','{\"record\":\"http://qxd-mts-output.oss-cn-beijing.aliyuncs.com/wx_download_2017102322473659ee010893c43_oss.mp3\"}','',1,1,0,36,1508770061,1508770061,0),(93,'d697f2df-5299-a096-30ab-af72cfb31866','0a9064ba-711f-5049-9300-c0cc88e1edf7','b71c1509-6809-e1a5-67e0-b96fe3fec8df','{\"text\":\"嘿嘿嘿嘿嘿……\",\"imgUrl\":[]}','',0,0,0,49,1508482817,1508482817,0),(94,'d9791ae4-30a0-d47d-9105-edb5eb2f0cab','0f584f9c-befb-a17e-b205-765cd7efde33','d4cad79d-6d01-8548-d4f2-86323314cbeb','{\"record\":\"http://qxd-mts-output.oss-cn-beijing.aliyuncs.com/wx_download_2017102614444759f1845f897dd_oss.mp3\"}','',0,0,0,209,1509000291,1509000291,0),(95,'dde2d439-8409-f7db-13ed-503a54e8a33c','b9d25df4-8e9e-f917-f559-4872db0b9ea6','9b3c8069-acba-6686-3e35-a3dbc4872d8d','{\"text\":\"集赞\",\"imgUrl\":[]}','广东省政府',1,0,0,45,1508481182,1508481182,0),(96,'e5e42162-ee2f-3982-ae69-71333e21f7a2','b9d25df4-8e9e-f917-f559-4872db0b9ea6','ec16645b-cc9c-a7c8-536f-955219154cd2','{\"text\":\"hug your lips \",\"imgUrl\":[]}','',1,1,0,44,1508485083,1508485083,0),(97,'e627a6f8-a8fc-7b39-491f-4710797b72ef','3e0b1448-7562-48cc-f885-3986a3bee7fa','c95134b4-83d5-ce44-6e79-c3273f807e71','{\"text\":\"2222\",\"imgUrl\":[]}','',0,0,0,96,1508483093,1509601434,1509601434),(98,'e645267e-daf4-4e39-790e-03c0d6785b7b','0f584f9c-befb-a17e-b205-765cd7efde33','1f83549c-7fb7-4c2a-27e0-0b11cfbd337b','{\"text\":\" ','',1,0,0,6,1508236886,1508314405,1508314405),(99,'e73c1bfb-fb37-4726-dd83-cda744763047','16e1481c-86e7-b9a5-e707-a1b2cdf766c3','ec685e49-3456-6a37-8220-be6bb35868ae','{\"record\":\"http://qxd-mts-output.oss-cn-beijing.aliyuncs.com/wx_download_2017102109460259eaa6dacfdd5_oss.mp3\"}','',1,0,0,173,1508550367,1508550367,0),(100,'e9e10d69-8976-ed56-a99e-b0b3f1fb6364','c3a9548d-832d-57f2-fdd9-18f9dc397fb5','ec685e49-3456-6a37-8220-be6bb35868ae','{\"text\":\"试试英文换行aaaaaaaaaaaaaaaaaaaaaaaaaaaaaaaaaaaaaaaaaaaaaaaaaaaaaaaaaaaaaaaaaaaaaaaaaaaaaaa\",\"imgUrl\":[]}','香洲区南屏V12文化创意产业园东南',0,0,0,485,1508291548,1508291548,0),(101,'ee606678-a5d0-2a6f-2293-225ad3f9b55a','16e1481c-86e7-b9a5-e707-a1b2cdf766c3','8f5aa4d9-7249-9515-80a9-ee8839a5db12','{\"text\":\"随便说点啥吧\",\"imgUrl\":[]}','中山纪念堂',1,3,0,194,1508209646,1508209646,0),(102,'f3fbb206-a3b6-f7c7-fd83-6f6d913b2500','c3a9548d-832d-57f2-fdd9-18f9dc397fb5','ec685e49-3456-6a37-8220-be6bb35868ae','{\"text\":\"1111\",\"imgUrl\":[]}','',0,0,0,327,1508400657,1508400657,0),(103,'f496d4f9-8aeb-4bdd-e3ed-26463189e3e1','3e0b1448-7562-48cc-f885-3986a3bee7fa','c95134b4-83d5-ce44-6e79-c3273f807e71','{\"text\":\"66666\",\"imgUrl\":[]}','',1,0,0,78,1508484268,1509601353,1509601353),(104,'f4b44873-ace3-1ec6-f093-c59e7d3686e5','3e0b1448-7562-48cc-f885-3986a3bee7fa','c95134b4-83d5-ce44-6e79-c3273f807e71','{\"text\":\"4444\",\"imgUrl\":[]}','',0,0,0,84,1508483988,1509601400,1509601400),(105,'f59655e9-ce95-d1f7-be64-0b3c3b382635','3e0b1448-7562-48cc-f885-3986a3bee7fa','c95134b4-83d5-ce44-6e79-c3273f807e71','{\"text\":\"1111\",\"imgUrl\":[]}','',0,0,0,33,1508489356,1509435968,1509435968),(106,'fbbe510d-e0fd-2602-b8be-ae42d6f618ea','0f584f9c-befb-a17e-b205-765cd7efde33','ec685e49-3456-6a37-8220-be6bb35868ae','{\"record\":\"http://qxd-mts-output.oss-cn-beijing.aliyuncs.com/wx_download_2017101909490259e8048ed6a0b_oss.mp3\"}','',0,0,0,316,1508377750,1508377750,0),(107,'fe2ac848-e2c2-ca60-7db4-cce9f153fb55','0f584f9c-befb-a17e-b205-765cd7efde33','d4cad79d-6d01-8548-d4f2-86323314cbeb','{\"text\":\"哈哈哈哈哈镜\",\"imgUrl\":[]}','',0,0,0,204,1509000209,1509000209,0),(108,'700e0b17-f0ce-eaab-32e5-661988000820','c3a9548d-832d-57f2-fdd9-18f9dc397fb5','a7e3276b-95c7-806f-c6c9-a6d004011c15','{\"record\":\"http://qxd-mts-output.oss-cn-beijing.aliyuncs.com/wx_download_2017103009563259f686d087a8f_oss.mp3\"}','',0,0,0,108,1509328596,1509328596,0),(109,'33eb3911-59fa-b0fc-5ba3-dfa1f86e7bb4','c3a9548d-832d-57f2-fdd9-18f9dc397fb5','d4cad79d-6d01-8548-d4f2-86323314cbeb','{\"record\":\"http://qxd-mts-output.oss-cn-beijing.aliyuncs.com/wx_download_2017103009594059f6878c97742_oss.mp3\"}','',0,0,0,260,1509328784,1509328784,0),(110,'164d695a-5ab0-b7fc-46cb-a707563e5874','3e0b1448-7562-48cc-f885-3986a3bee7fa','ec685e49-3456-6a37-8220-be6bb35868ae','lalalalalallalal','',0,0,0,28,1509331929,1509435964,1509435964),(111,'e3ebe01c-e78f-b200-9fe6-6fa4aef7288c','16e1481c-86e7-b9a5-e707-a1b2cdf766c3','c8b8ca3f-5716-573b-cfbc-78620ea5a18e','{\"record\":\"http://qxd-mts-output.oss-cn-beijing.aliyuncs.com/wx_download_2017103015254759f6d3fbaccbb_oss.mp3\"}','',1,0,0,48,1509348352,1509348352,0),(112,'d2c137d5-7145-2924-e917-5ddbd2040544','16e1481c-86e7-b9a5-e707-a1b2cdf766c3','8f5aa4d9-7249-9515-80a9-ee8839a5db12','{\"text\":\"\",\"imgUrl\":[\"http://qxd-test.oss-cn-beijing.aliyuncs.com/user-dir/T7F1gBdCXhw6m7SCFh3cH5FPundefinedQfBvniundefined.png\"]}','香洲区南屏V12文化创意产业园',1,1,0,93,1509348407,1509348407,0),(113,'f9a7f5cc-9d0c-93f4-a4ec-984ea11a0928','c3a9548d-832d-57f2-fdd9-18f9dc397fb5','d4cad79d-6d01-8548-d4f2-86323314cbeb','{\"record\":\"http://qxd-mts-output.oss-cn-beijing.aliyuncs.com/wx_download_2017103016442959f6e66d9b39d_oss.mp3\"}','',0,0,0,260,1509353074,1509353074,0),(114,'222499be-f2b9-bac1-3ef0-48d404344120','c3a9548d-832d-57f2-fdd9-18f9dc397fb5','d4cad79d-6d01-8548-d4f2-86323314cbeb','{\"record\":\"http://qxd-mts-output.oss-cn-beijing.aliyuncs.com/wx_download_2017103016484059f6e7682d651_oss.mp3\"}','',0,0,0,268,1509353324,1509353324,0),(115,'51e528be-e090-1e9e-9a72-39e9bbd9d88f','c3a9548d-832d-57f2-fdd9-18f9dc397fb5','d4cad79d-6d01-8548-d4f2-86323314cbeb','{\"record\":\"http://qxd-mts-output.oss-cn-beijing.aliyuncs.com/wx_download_2017103016510359f6e7f7698d0_oss.mp3\"}','',2,1,0,268,1509353468,1509353468,0),(116,'8a724a6d-e6bb-8ef3-6f4a-6d5785b5e194','c3a9548d-832d-57f2-fdd9-18f9dc397fb5','d4cad79d-6d01-8548-d4f2-86323314cbeb','{\"record\":\"http://qxd-mts-output.oss-cn-beijing.aliyuncs.com/wx_download_2017103016580259f6e99a924b7_oss.mp3\"}','',1,0,0,268,1509354001,1509354001,0),(117,'9cb3d00b-a785-4173-619b-d371ebefc292','0f584f9c-befb-a17e-b205-765cd7efde33','c95134b4-83d5-ce44-6e79-c3273f807e71','{\"record\":\"http://qxd-mts-output.oss-cn-beijing.aliyuncs.com/wx_download_2017103115203459f82442383bb_oss.mp3\"}','',0,0,0,17,1509434440,1509436664,1509436664),(118,'87aea986-e46b-d9fe-7130-8ad93b88c1fa','0f584f9c-befb-a17e-b205-765cd7efde33','c95134b4-83d5-ce44-6e79-c3273f807e71','{\"text\":\"必须要输入内容吗\",\"imgUrl\":[]}','香洲区南屏V12文化创意产业园东南',0,0,0,7,1509434548,1509434833,1509434833),(119,'9159c11d-5dfa-d963-a83f-8bbadf072d74','3e0b1448-7562-48cc-f885-3986a3bee7fa','d4cad79d-6d01-8548-d4f2-86323314cbeb','{\"text\":\"11111\",\"imgUrl\":[]}','',0,0,0,68,1509437661,1509601145,1509601145),(120,'7fae9cb7-2b11-7ba8-7960-3d3d1c79774c','16e1481c-86e7-b9a5-e707-a1b2cdf766c3','d4cad79d-6d01-8548-d4f2-86323314cbeb','{\"text\":\"测试发内容\",\"imgUrl\":[\"http://qxd-test.oss-cn-beijing.aliyuncs.com/user-dir/CwrK4VJkH1WYDq2Jggy3DjX9HLhLCgJ9.png\"]}','香洲区南屏广珠花园南门(华发新城东南)',1,0,0,198,1509463864,1509463864,0),(121,'b011cae2-02c4-57f7-16fe-267206946a2a','16e1481c-86e7-b9a5-e707-a1b2cdf766c3','d4cad79d-6d01-8548-d4f2-86323314cbeb','{\"record\":\"http://qxd-mts-output.oss-cn-beijing.aliyuncs.com/wx_download_2017103123321859f8978249751_oss.mp3\"}','',3,0,0,197,1509463946,1509463946,0),(122,'535e4857-8135-94c9-028a-25ec64a3ff02','3e0b1448-7562-48cc-f885-3986a3bee7fa','d4cad79d-6d01-8548-d4f2-86323314cbeb','{\"text\":\"llllll\",\"imgUrl\":[]}','',1,0,0,159,1509601961,1509601961,0),(123,'08986ba2-809b-2e7f-6c19-df4527841ad8','3e0b1448-7562-48cc-f885-3986a3bee7fa','d4cad79d-6d01-8548-d4f2-86323314cbeb','{\"text\":\"啦啦啦啦\",\"imgUrl\":[]}','广东省政府',1,1,0,158,1509601981,1509601981,0),(124,'24efdb82-1710-ab4f-5ac2-16e632ef424f','499d7c58-08b3-45e6-1a12-ab99c53f596b','67ff98d2-677b-fb18-8dad-83a39b2e8766','{\"text\":\"tt\",\"imgUrl\":[\"http://qxd-test.oss-cn-beijing.aliyuncs.com/user-dir/eHwLgq0hm8Fu5JDu7bs532cet5mFundefined0xU.png\"]}','',0,0,0,6,1509630244,1509630244,0),(125,'e6d104e0-5f65-662a-bd40-e484838c2091','a9870c27-b006-c7b4-8d1f-f1c651b6a8fb','81228af2-63f2-f835-4cb8-373f95009e80','{\"text\":\"功能还不全\",\"imgUrl\":[]}','暨南大学',0,0,0,4,1509638917,1509638917,0),(126,'b44fe0c6-7163-6feb-5a84-b9a5e836a0a0','c3a9548d-832d-57f2-fdd9-18f9dc397fb5','d4cad79d-6d01-8548-d4f2-86323314cbeb','{\"record\":\"http://qxd-mts-output.oss-cn-beijing.aliyuncs.com/wx_download_2017110311303259fbe2d8189a8_oss.mp3\"}','',0,0,0,106,1509679837,1509679837,0),(127,'cc57f49d-19db-0f78-e070-6d8e6e86abdc','c3a9548d-832d-57f2-fdd9-18f9dc397fb5','d4cad79d-6d01-8548-d4f2-86323314cbeb','{\"record\":\"http://qxd-mts-output.oss-cn-beijing.aliyuncs.com/wx_download_2017110311331159fbe3774c0b9_oss.mp3\"}','',0,0,0,104,1509679996,1509679996,0),(128,'b5667a99-9a25-02b7-984a-e7c4e9a23d31','c3a9548d-832d-57f2-fdd9-18f9dc397fb5','d4cad79d-6d01-8548-d4f2-86323314cbeb','{\"record\":\"http://qxd-mts-output.oss-cn-beijing.aliyuncs.com/wx_download_2017110311335459fbe3a23aa90_oss.mp3\"}','香洲区南屏V12文化创意产业园',0,0,0,103,1509680237,1509680237,0),(129,'bf9ecece-4d5b-8549-6d9f-6c52c43bdafb','c3a9548d-832d-57f2-fdd9-18f9dc397fb5','d4cad79d-6d01-8548-d4f2-86323314cbeb','{\"record\":\"http://qxd-mts-output.oss-cn-beijing.aliyuncs.com/wx_download_2017110311401959fbe523e762c_oss.mp3\"}','',1,0,0,117,1509680438,1509680438,0),(130,'f46a6168-d616-c356-0eac-7777378dcee3','c3a9548d-832d-57f2-fdd9-18f9dc397fb5','d4cad79d-6d01-8548-d4f2-86323314cbeb','{\"text\":\"啊啊啊啊啊\",\"imgUrl\":[]}','',1,0,0,116,1509680492,1509680492,0),(131,'bee2ba92-24fa-9083-ec26-8f102666cfdc','c3a9548d-832d-57f2-fdd9-18f9dc397fb5','d4cad79d-6d01-8548-d4f2-86323314cbeb','{\"text\":\"啊啊啊啊啊\",\"imgUrl\":[\"http://qxd-test.oss-cn-beijing.aliyuncs.com/user-dir/5z78KGPXjptkgfPundefinedHHDH7JyPhFzqq2C5.png\",\"http://qxd-test.oss-cn-beijing.aliyuncs.com/user-dir/u1yVUJVmfjnahpHuQJ3eGj36H2nufundefinedRv.png\",\"http://qxd-test.oss-cn-beijing.aliyuncs.com/user-dir/pP5hyWVR8UfiJCkSUundefinedfHundefined7mw9YJQvwgi.png\",\"http://qxd-test.oss-cn-beijing.aliyuncs.com/user-dir/p5UrSx6hVmBEaVXtRemi78btc5zL3VFE.png\"]}','香洲区南屏V12文化创意产业园',1,0,0,115,1509680517,1509680517,0),(132,'afb1debb-c2c5-8854-55ca-1ec48ef9d16b','c3a9548d-832d-57f2-fdd9-18f9dc397fb5','d4cad79d-6d01-8548-d4f2-86323314cbeb','{\"record\":\"http://qxd-mts-output.oss-cn-beijing.aliyuncs.com/wx_download_2017110311420759fbe58f588d2_oss.mp3\"}','华发商都',1,0,0,114,1509680538,1509680538,0),(133,'6c912be9-3f9b-7a71-4c25-3bee39d27d54','bf670625-f384-b056-fab9-4c3f45314aa2','8f5aa4d9-7249-9515-80a9-ee8839a5db12','{\"text\":\"厉害了\",\"imgUrl\":[\"http://qxd-test.oss-cn-beijing.aliyuncs.com/user-dir/hmv614zdHUL4Txpkb83Ggp2pURnePEgU.png\"]}','香洲区南屏华发新城四期(屏东路)',0,0,0,49,1509814435,1509814435,0),(134,'b9685499-0599-37dc-bfc6-79d09a09a428','bf670625-f384-b056-fab9-4c3f45314aa2','8f5aa4d9-7249-9515-80a9-ee8839a5db12','{\"text\":\"@不了人，没意思\",\"imgUrl\":[]}','',3,0,0,37,1509814851,1509814851,0),(135,'dfcd53f4-5a64-e7ac-5478-1a21b34fb730','0f584f9c-befb-a17e-b205-765cd7efde33','d4cad79d-6d01-8548-d4f2-86323314cbeb','{\"record\":\"http://qxd-mts-output.oss-cn-beijing.aliyuncs.com/wx_download_2017110611402759ffd9ab489d9_oss.mp3\"}','香洲区南屏V12文化创意产业园',1,0,0,86,1509939656,1509939656,0),(136,'cb147453-638c-5ad2-2c40-83a256ca53d9','c3a9548d-832d-57f2-fdd9-18f9dc397fb5','a0b5e61b-6e67-1a84-7245-ebd522dcb376','{\"text\":\"什么鬼= =ㄖㄙㄖ‖_(눈_눈」∠)_开口跪(ノ°ο°)ノ前方高能预警\",\"imgUrl\":[]}','',0,0,0,7,1510044719,1510044719,0),(137,'58705494-9f45-2add-594b-056e417591e7','13225a3e-f16a-ebb0-450d-3a0a00ade5ca','8f5aa4d9-7249-9515-80a9-ee8839a5db12','{\"text\":\"&#128530;&#128530;&#128530;&#128530;&#128530;\",\"imgUrl\":[]}','',0,1,0,11,1510044887,1510044887,0),(138,'52a29ed6-4e66-2af2-319f-3092a4906f19','c3a9548d-832d-57f2-fdd9-18f9dc397fb5','76bd6046-ab49-7ed7-e8be-babe32a181bd','{\"text\":\"咩哈哈哈哈哈&#128580;\",\"imgUrl\":[]}','',0,0,0,11,1510104859,1510104859,0),(139,'8643486b-ea6c-e884-c240-ed48a6630b4e','c3a9548d-832d-57f2-fdd9-18f9dc397fb5','76bd6046-ab49-7ed7-e8be-babe32a181bd','{\"text\":\"\",\"imgUrl\":[]}','',0,0,0,10,1510104883,1510104883,0),(140,'9fa9e09b-4a5b-5d94-d8af-aa26af160025','c3a9548d-832d-57f2-fdd9-18f9dc397fb5','76bd6046-ab49-7ed7-e8be-babe32a181bd','{\"text\":\"\",\"imgUrl\":[]}','',0,0,0,9,1510104913,1510104913,0),(141,'7042adfc-6f6a-f0f6-26d6-688141f6f121','0f584f9c-befb-a17e-b205-765cd7efde33','58d153d9-1702-e225-7cbc-59a453386bca','{\"text\":\"&#128514;     &#128525;  (⃔ *`꒳´ * )⃕↝ヽ( ຶ▮ ຶ)ﾉ!!!\",\"imgUrl\":[]}','',0,2,0,8,1510105031,1510105031,0),(142,'b71c56ab-5f5b-66a9-27d7-53618d9e9c79','cb2395b7-7660-7134-85c9-612d4f4c74b5','8f5aa4d9-7249-9515-80a9-ee8839a5db12','{\"text\":\"&#128514;&#128512;&#128561;&#128531;&#128516;&#128556;&#128556;\",\"imgUrl\":[]}','',0,0,0,4,1510107805,1510107805,0),(143,'2a8a29ba-f533-836a-7adc-a35d491e39df','0f584f9c-befb-a17e-b205-765cd7efde33','8f5aa4d9-7249-9515-80a9-ee8839a5db12','{\"text\":\"&#128514;         \",\"imgUrl\":[]}','',0,0,0,2,1510107941,1510107941,0),(144,'a9d56716-bab9-e63e-9dec-f603a9d438cd','0f584f9c-befb-a17e-b205-765cd7efde33','58d153d9-1702-e225-7cbc-59a453386bca','{\"text\":\"       \",\"imgUrl\":[]}','',0,0,0,4,1510112024,1510112024,0),(145,'799ce1b9-5048-cf15-f30e-4a31cdbe2073','0f584f9c-befb-a17e-b205-765cd7efde33','58d153d9-1702-e225-7cbc-59a453386bca','{\"text\":\"&#127770;&#127773;&#128580;&#128586;&#127770;&#127773;&#128580;\",\"imgUrl\":[]}','',0,0,0,2,1510112244,1510112244,0),(146,'bfb0b064-757a-33d8-44b8-9141cc5c690b','0f584f9c-befb-a17e-b205-765cd7efde33','58d153d9-1702-e225-7cbc-59a453386bca','{\"text\":\"ヾ(❀╹◡╹)ﾉ~ヾ(●´∇｀●)ﾉ哇～*罒▽罒*ε-(´∀｀; )\",\"imgUrl\":[]}','',0,0,0,1,1510112278,1510112278,0),(147,'b34ecf47-51fe-d6c8-728a-7bc8e8fdd905','c3a9548d-832d-57f2-fdd9-18f9dc397fb5','c95134b4-83d5-ce44-6e79-c3273f807e71','{\"text\":\"\",\"imgUrl\":[\"http://qxd-test.oss-cn-beijing.aliyuncs.com/user-dir/hzhn4Ju6Wdhi5FSypE2GUGGp6kjRpHPh.png\",\"http://qxd-test.oss-cn-beijing.aliyuncs.com/user-dir/qjPktWpUC5XGpd5eJJyjQ2SDhbPHT5jQ.png\",\"http://qxd-test.oss-cn-beijing.aliyuncs.com/user-dir/xa88yzKuFrvDp1D0f9BKxVJ5W9x7jqPm.png\",\"http://qxd-test.oss-cn-beijing.aliyuncs.com/user-dir/4zy4RvHcW4Ezv2vhwrveCmeUT8vnGundefineddg.png\",\"http://qxd-test.oss-cn-beijing.aliyuncs.com/user-dir/hJrs7hfYJ1undefinedDundefinedHBCDPTHnvPVnY128qeC.png\"]}','',0,0,0,8,1510121343,1510121343,0),(148,'1308cf76-e232-080b-3e6c-a15960f891fa','c3a9548d-832d-57f2-fdd9-18f9dc397fb5','c95134b4-83d5-ce44-6e79-c3273f807e71','{\"text\":\"\",\"imgUrl\":[\"http://qxd-test.oss-cn-beijing.aliyuncs.com/user-dir/zpFGRPjG6yGQhmVKybnF0amC5B7iG3b3.png\",\"http://qxd-test.oss-cn-beijing.aliyuncs.com/user-dir/g4BmVmkCfHm6SVTHUb6msadTfdYbL2y5.png\"]}','',0,0,0,5,1510121632,1510121632,0);

#
# Structure for table "qxd_communication_operate"
#

DROP TABLE IF EXISTS `qxd_communication_operate`;
CREATE TABLE `qxd_communication_operate` (
  `id` int(11) unsigned NOT NULL AUTO_INCREMENT,
  `user_id` char(36) NOT NULL DEFAULT '0' COMMENT '联合主键，操作人ID',
  `communication_id` char(36) NOT NULL DEFAULT '0' COMMENT '联合主键，交流表ID',
  `type` enum('1') NOT NULL DEFAULT '1' COMMENT '操作类型：1 顶赞 其他依次扩展（收藏等）',
  `create_time` int(11) unsigned NOT NULL DEFAULT '0' COMMENT '操作时间',
  `delete_time` int(11) NOT NULL DEFAULT '0',
  PRIMARY KEY (`id`),
  KEY `user_id` (`user_id`,`communication_id`)
) ENGINE=InnoDB AUTO_INCREMENT=135 DEFAULT CHARSET=utf8 ROW_FORMAT=DYNAMIC COMMENT='文章操作表';

#
# Data for table "qxd_communication_operate"
#

INSERT INTO `qxd_communication_operate` VALUES (1,'0a9064ba-711f-5049-9300-c0cc88e1edf7','ab4f9b18-3f2a-8432-0be6-eb9450d9197c','1',1508205787,0),(2,'16e1481c-86e7-b9a5-e707-a1b2cdf766c3','ee606678-a5d0-2a6f-2293-225ad3f9b55a','1',1508209962,1508298041),(3,'3e0b1448-7562-48cc-f885-3986a3bee7fa','8884cca8-c547-0400-5b08-d7356c46d947','1',1508225626,0),(4,'16e1481c-86e7-b9a5-e707-a1b2cdf766c3','3648d598-8bfa-e158-02c8-262650972c87','1',1508227848,0),(5,'c3a9548d-832d-57f2-fdd9-18f9dc397fb5','0164737b-832a-9b0c-20e4-f5b5582df1ae','1',1508294457,0),(6,'c3a9548d-832d-57f2-fdd9-18f9dc397fb5','504e2916-900b-cfd2-8f61-ad504258130c','1',1508294458,0),(7,'c3a9548d-832d-57f2-fdd9-18f9dc397fb5','9df90f8a-c610-69a8-fbc2-041fd51637b4','1',1508294459,0),(8,'3e0b1448-7562-48cc-f885-3986a3bee7fa','6b06d05e-f26f-3fd5-1673-f8e005676c52','1',1508294627,1508482000),(9,'3e0b1448-7562-48cc-f885-3986a3bee7fa','504e2916-900b-cfd2-8f61-ad504258130c','1',1508294628,0),(10,'3e0b1448-7562-48cc-f885-3986a3bee7fa','9df90f8a-c610-69a8-fbc2-041fd51637b4','1',1508294629,0),(11,'3e0b1448-7562-48cc-f885-3986a3bee7fa','0164737b-832a-9b0c-20e4-f5b5582df1ae','1',1508294630,0),(12,'16e1481c-86e7-b9a5-e707-a1b2cdf766c3','8884cca8-c547-0400-5b08-d7356c46d947','1',1508298100,0),(13,'0f584f9c-befb-a17e-b205-765cd7efde33','e645267e-daf4-4e39-790e-03c0d6785b7b','1',1508314338,0),(14,'3e0b1448-7562-48cc-f885-3986a3bee7fa','7ccd467f-01a1-9f00-80e2-fa570fbbd2ff','1',1508314643,0),(15,'3e0b1448-7562-48cc-f885-3986a3bee7fa','25e74ad0-a72e-e114-37bf-33dddbb8000f','1',1508314644,0),(16,'3e0b1448-7562-48cc-f885-3986a3bee7fa','9837f7ed-fe25-7dda-d729-d007b18b92c6','1',1508314645,1508377090),(17,'3e0b1448-7562-48cc-f885-3986a3bee7fa','6762c128-32d1-1927-d207-b10afe424a83','1',1508314647,1508377089),(18,'3e0b1448-7562-48cc-f885-3986a3bee7fa','0a294b7f-8057-bdf4-58ef-079f8ebe027d','1',1508314648,0),(19,'0a9064ba-711f-5049-9300-c0cc88e1edf7','2d5b7298-f1c8-92d1-52b0-d38019ff7b47','1',1508391874,0),(20,'b9d25df4-8e9e-f917-f559-4872db0b9ea6','358af815-4941-14ac-0452-f1a8fba8275c','1',1508394524,0),(21,'0a9064ba-711f-5049-9300-c0cc88e1edf7','b3c7d689-096b-db19-30f4-1a99b572a7e9','1',1508395713,0),(22,'b9d25df4-8e9e-f917-f559-4872db0b9ea6','03003c74-f434-a87a-d48b-7240a2dee97d','1',1508399554,0),(23,'c3a9548d-832d-57f2-fdd9-18f9dc397fb5','f3fbb206-a3b6-f7c7-fd83-6f6d913b2500','1',1508401301,1508401308),(24,'c3a9548d-832d-57f2-fdd9-18f9dc397fb5','3a47812a-558d-c7c1-8448-3ee0c38daecb','1',1508401304,0),(25,'c3a9548d-832d-57f2-fdd9-18f9dc397fb5','9ac1fc7d-83a7-64f0-f16e-31a0633f41d3','1',1508401305,0),(26,'c3a9548d-832d-57f2-fdd9-18f9dc397fb5','37a1e2f6-aa23-f217-dcaa-add0dc1b9f37','1',1508401307,0),(27,'c3a9548d-832d-57f2-fdd9-18f9dc397fb5','89805f40-e9ad-5521-5f0f-17c3596b1140','1',1508402455,1508402844),(28,'b9d25df4-8e9e-f917-f559-4872db0b9ea6','4648861d-22c2-3cb2-1c63-cdb4175ef9ba','1',1508402787,0),(29,'c3a9548d-832d-57f2-fdd9-18f9dc397fb5','89805f40-e9ad-5521-5f0f-17c3596b1140','1',1508402845,0),(30,'b9d25df4-8e9e-f917-f559-4872db0b9ea6','32c48360-8c4a-c734-3a88-ece21859370a','1',1508403387,0),(31,'c3a9548d-832d-57f2-fdd9-18f9dc397fb5','32c48360-8c4a-c734-3a88-ece21859370a','1',1508403394,1508403633),(32,'c3a9548d-832d-57f2-fdd9-18f9dc397fb5','358af815-4941-14ac-0452-f1a8fba8275c','1',1508403562,0),(33,'c3a9548d-832d-57f2-fdd9-18f9dc397fb5','32c48360-8c4a-c734-3a88-ece21859370a','1',1508403612,1508403633),(34,'c3a9548d-832d-57f2-fdd9-18f9dc397fb5','32c48360-8c4a-c734-3a88-ece21859370a','1',1508403645,0),(35,'3e0b1448-7562-48cc-f885-3986a3bee7fa','84c8da98-eb41-4492-5e9f-44cc54320ecd','1',1508481124,1508481126),(36,'3e0b1448-7562-48cc-f885-3986a3bee7fa','84c8da98-eb41-4492-5e9f-44cc54320ecd','1',1508481131,0),(37,'b9d25df4-8e9e-f917-f559-4872db0b9ea6','dde2d439-8409-f7db-13ed-503a54e8a33c','1',1508481191,0),(38,'3e0b1448-7562-48cc-f885-3986a3bee7fa','6b06d05e-f26f-3fd5-1673-f8e005676c52','1',1508482001,0),(39,'0a9064ba-711f-5049-9300-c0cc88e1edf7','2031f797-ba51-cb25-db01-16473279d822','1',1508482794,1508813334),(40,'3e0b1448-7562-48cc-f885-3986a3bee7fa','3cb4b0cc-5783-07ac-8718-b3f7f560801f','1',1508483128,1508483131),(41,'3e0b1448-7562-48cc-f885-3986a3bee7fa','3cb4b0cc-5783-07ac-8718-b3f7f560801f','1',1508483128,1508483131),(42,'3e0b1448-7562-48cc-f885-3986a3bee7fa','3cb4b0cc-5783-07ac-8718-b3f7f560801f','1',1508483129,1508483131),(43,'3e0b1448-7562-48cc-f885-3986a3bee7fa','3cb4b0cc-5783-07ac-8718-b3f7f560801f','1',1508483129,1508483131),(44,'3e0b1448-7562-48cc-f885-3986a3bee7fa','3cb4b0cc-5783-07ac-8718-b3f7f560801f','1',1508483130,1508483131),(45,'b9d25df4-8e9e-f917-f559-4872db0b9ea6','e5e42162-ee2f-3982-ae69-71333e21f7a2','1',1508485093,0),(46,'0f584f9c-befb-a17e-b205-765cd7efde33','6b06d05e-f26f-3fd5-1673-f8e005676c52','1',1508485452,0),(47,'9175a40c-31f2-bbec-2134-27935378cf65','5107f5b2-20a4-c51e-3795-2b8c896d27d4','1',1508639329,0),(48,'0f584f9c-befb-a17e-b205-765cd7efde33','5eeddcdd-26e7-c877-fcf0-86b141db58c1','1',1508745909,0),(49,'0a9064ba-711f-5049-9300-c0cc88e1edf7','d5f3ccb0-5b26-adcb-1a62-54194b479cc5','1',1508770152,0),(50,'0a9064ba-711f-5049-9300-c0cc88e1edf7','d27b16c0-6e58-5871-697a-5493e2339798','1',1508770467,1509434664),(51,'0a9064ba-711f-5049-9300-c0cc88e1edf7','653ad8e7-4099-7f88-bdda-871e1571e79f','1',1508811644,1508811852),(52,'0a9064ba-711f-5049-9300-c0cc88e1edf7','653ad8e7-4099-7f88-bdda-871e1571e79f','1',1508811647,1508811852),(53,'0a9064ba-711f-5049-9300-c0cc88e1edf7','653ad8e7-4099-7f88-bdda-871e1571e79f','1',1508811649,1508811852),(54,'0a9064ba-711f-5049-9300-c0cc88e1edf7','653ad8e7-4099-7f88-bdda-871e1571e79f','1',1508811688,1508811852),(55,'0a9064ba-711f-5049-9300-c0cc88e1edf7','653ad8e7-4099-7f88-bdda-871e1571e79f','1',1508811836,1508811852),(56,'0a9064ba-711f-5049-9300-c0cc88e1edf7','653ad8e7-4099-7f88-bdda-871e1571e79f','1',1508811838,1508811852),(57,'0a9064ba-711f-5049-9300-c0cc88e1edf7','b337900a-f2d0-2549-913b-489b3f5ce22a','1',1508812355,1508812387),(58,'0a9064ba-711f-5049-9300-c0cc88e1edf7','2031f797-ba51-cb25-db01-16473279d822','1',1508813239,1508813334),(59,'0a9064ba-711f-5049-9300-c0cc88e1edf7','2031f797-ba51-cb25-db01-16473279d822','1',1508813295,1508813334),(60,'0a9064ba-711f-5049-9300-c0cc88e1edf7','2031f797-ba51-cb25-db01-16473279d822','1',1508813330,1508813334),(61,'0a9064ba-711f-5049-9300-c0cc88e1edf7','2031f797-ba51-cb25-db01-16473279d822','1',1508813459,0),(62,'0a9064ba-711f-5049-9300-c0cc88e1edf7','5107f5b2-20a4-c51e-3795-2b8c896d27d4','1',1508813505,1508813546),(63,'0a9064ba-711f-5049-9300-c0cc88e1edf7','5107f5b2-20a4-c51e-3795-2b8c896d27d4','1',1508813521,1508813546),(64,'0a9064ba-711f-5049-9300-c0cc88e1edf7','5107f5b2-20a4-c51e-3795-2b8c896d27d4','1',1508813530,1508813546),(65,'0a9064ba-711f-5049-9300-c0cc88e1edf7','45ee6b99-dbfc-eac6-647c-6b4dd4c43c22','1',1508813658,1508813707),(66,'0a9064ba-711f-5049-9300-c0cc88e1edf7','45ee6b99-dbfc-eac6-647c-6b4dd4c43c22','1',1508819383,0),(67,'c3a9548d-832d-57f2-fdd9-18f9dc397fb5','4e7b204e-0f0d-2653-52f5-d5a46642243a','1',1508834285,0),(68,'0a9064ba-711f-5049-9300-c0cc88e1edf7','a5f12025-98f1-c332-383e-75b74b41574a','1',1508847132,0),(69,'c3a9548d-832d-57f2-fdd9-18f9dc397fb5','f496d4f9-8aeb-4bdd-e3ed-26463189e3e1','1',1508925459,0),(70,'0a9064ba-711f-5049-9300-c0cc88e1edf7','b337900a-f2d0-2549-913b-489b3f5ce22a','1',1508983637,0),(71,'c3a9548d-832d-57f2-fdd9-18f9dc397fb5','82788a5f-6b14-01f1-599f-95d92602eb48','1',1509067407,1509067409),(72,'c3a9548d-832d-57f2-fdd9-18f9dc397fb5','b011cae2-02c4-57f7-16fe-267206946a2a','1',1509510460,1509602113),(73,'3e0b1448-7562-48cc-f885-3986a3bee7fa','8a724a6d-e6bb-8ef3-6f4a-6d5785b5e194','1',1509523293,1509523323),(74,'3e0b1448-7562-48cc-f885-3986a3bee7fa','8a724a6d-e6bb-8ef3-6f4a-6d5785b5e194','1',1509523301,1509523323),(75,'3e0b1448-7562-48cc-f885-3986a3bee7fa','51e528be-e090-1e9e-9a72-39e9bbd9d88f','1',1509523307,1509523309),(76,'3e0b1448-7562-48cc-f885-3986a3bee7fa','222499be-f2b9-bac1-3ef0-48d404344120','1',1509523311,1509523312),(77,'3e0b1448-7562-48cc-f885-3986a3bee7fa','8a724a6d-e6bb-8ef3-6f4a-6d5785b5e194','1',1509523318,1509523323),(78,'3e0b1448-7562-48cc-f885-3986a3bee7fa','8a724a6d-e6bb-8ef3-6f4a-6d5785b5e194','1',1509523324,0),(79,'3e0b1448-7562-48cc-f885-3986a3bee7fa','51e528be-e090-1e9e-9a72-39e9bbd9d88f','1',1509523333,0),(80,'3e0b1448-7562-48cc-f885-3986a3bee7fa','b011cae2-02c4-57f7-16fe-267206946a2a','1',1509523338,1509604309),(81,'3e0b1448-7562-48cc-f885-3986a3bee7fa','b011cae2-02c4-57f7-16fe-267206946a2a','1',1509523340,1509604309),(82,'3e0b1448-7562-48cc-f885-3986a3bee7fa','b011cae2-02c4-57f7-16fe-267206946a2a','1',1509523341,1509604309),(83,'3e0b1448-7562-48cc-f885-3986a3bee7fa','7fae9cb7-2b11-7ba8-7960-3d3d1c79774c','1',1509523347,1509604318),(84,'3e0b1448-7562-48cc-f885-3986a3bee7fa','b011cae2-02c4-57f7-16fe-267206946a2a','1',1509523356,1509604309),(85,'c3a9548d-832d-57f2-fdd9-18f9dc397fb5','51e528be-e090-1e9e-9a72-39e9bbd9d88f','1',1509588722,0),(86,'c3a9548d-832d-57f2-fdd9-18f9dc397fb5','9159c11d-5dfa-d963-a83f-8bbadf072d74','1',1509594177,1509594178),(87,'c3a9548d-832d-57f2-fdd9-18f9dc397fb5','84c8da98-eb41-4492-5e9f-44cc54320ecd','1',1509601922,1509601923),(88,'c3a9548d-832d-57f2-fdd9-18f9dc397fb5','08986ba2-809b-2e7f-6c19-df4527841ad8','1',1509601999,1509603002),(89,'c3a9548d-832d-57f2-fdd9-18f9dc397fb5','535e4857-8135-94c9-028a-25ec64a3ff02','1',1509602001,1509602997),(90,'c3a9548d-832d-57f2-fdd9-18f9dc397fb5','08986ba2-809b-2e7f-6c19-df4527841ad8','1',1509602009,1509603002),(91,'c3a9548d-832d-57f2-fdd9-18f9dc397fb5','535e4857-8135-94c9-028a-25ec64a3ff02','1',1509602014,1509602997),(92,'c3a9548d-832d-57f2-fdd9-18f9dc397fb5','b011cae2-02c4-57f7-16fe-267206946a2a','1',1509602050,1509602113),(93,'c3a9548d-832d-57f2-fdd9-18f9dc397fb5','7fae9cb7-2b11-7ba8-7960-3d3d1c79774c','1',1509602116,0),(94,'c3a9548d-832d-57f2-fdd9-18f9dc397fb5','535e4857-8135-94c9-028a-25ec64a3ff02','1',1509602153,1509602997),(95,'c3a9548d-832d-57f2-fdd9-18f9dc397fb5','08986ba2-809b-2e7f-6c19-df4527841ad8','1',1509602520,1509603002),(96,'3e0b1448-7562-48cc-f885-3986a3bee7fa','08986ba2-809b-2e7f-6c19-df4527841ad8','1',1509602680,1509603408),(97,'3e0b1448-7562-48cc-f885-3986a3bee7fa','535e4857-8135-94c9-028a-25ec64a3ff02','1',1509602683,1509603312),(98,'3e0b1448-7562-48cc-f885-3986a3bee7fa','08986ba2-809b-2e7f-6c19-df4527841ad8','1',1509602766,1509603408),(99,'3e0b1448-7562-48cc-f885-3986a3bee7fa','535e4857-8135-94c9-028a-25ec64a3ff02','1',1509602800,1509603312),(100,'3e0b1448-7562-48cc-f885-3986a3bee7fa','08986ba2-809b-2e7f-6c19-df4527841ad8','1',1509602898,1509603408),(101,'3e0b1448-7562-48cc-f885-3986a3bee7fa','08986ba2-809b-2e7f-6c19-df4527841ad8','1',1509602906,1509603408),(102,'3e0b1448-7562-48cc-f885-3986a3bee7fa','08986ba2-809b-2e7f-6c19-df4527841ad8','1',1509602907,1509603408),(103,'3e0b1448-7562-48cc-f885-3986a3bee7fa','08986ba2-809b-2e7f-6c19-df4527841ad8','1',1509602909,1509603408),(104,'3e0b1448-7562-48cc-f885-3986a3bee7fa','08986ba2-809b-2e7f-6c19-df4527841ad8','1',1509602912,1509603408),(105,'c3a9548d-832d-57f2-fdd9-18f9dc397fb5','08986ba2-809b-2e7f-6c19-df4527841ad8','1',1509602982,1509603002),(106,'c3a9548d-832d-57f2-fdd9-18f9dc397fb5','08986ba2-809b-2e7f-6c19-df4527841ad8','1',1509602996,1509603002),(107,'c3a9548d-832d-57f2-fdd9-18f9dc397fb5','535e4857-8135-94c9-028a-25ec64a3ff02','1',1509602997,1509602997),(108,'c3a9548d-832d-57f2-fdd9-18f9dc397fb5','535e4857-8135-94c9-028a-25ec64a3ff02','1',1509603002,0),(109,'c3a9548d-832d-57f2-fdd9-18f9dc397fb5','b011cae2-02c4-57f7-16fe-267206946a2a','1',1509603003,0),(110,'c3a9548d-832d-57f2-fdd9-18f9dc397fb5','08986ba2-809b-2e7f-6c19-df4527841ad8','1',1509603008,0),(111,'3e0b1448-7562-48cc-f885-3986a3bee7fa','08986ba2-809b-2e7f-6c19-df4527841ad8','1',1509603406,1509603408),(112,'3e0b1448-7562-48cc-f885-3986a3bee7fa','08986ba2-809b-2e7f-6c19-df4527841ad8','1',1509603408,1509603408),(113,'3e0b1448-7562-48cc-f885-3986a3bee7fa','b011cae2-02c4-57f7-16fe-267206946a2a','1',1509603423,1509604309),(114,'3e0b1448-7562-48cc-f885-3986a3bee7fa','b011cae2-02c4-57f7-16fe-267206946a2a','1',1509603780,1509604309),(115,'3e0b1448-7562-48cc-f885-3986a3bee7fa','b011cae2-02c4-57f7-16fe-267206946a2a','1',1509603786,1509604309),(116,'3e0b1448-7562-48cc-f885-3986a3bee7fa','b011cae2-02c4-57f7-16fe-267206946a2a','1',1509604273,1509604309),(117,'3e0b1448-7562-48cc-f885-3986a3bee7fa','b011cae2-02c4-57f7-16fe-267206946a2a','1',1509604307,1509604309),(118,'3e0b1448-7562-48cc-f885-3986a3bee7fa','b011cae2-02c4-57f7-16fe-267206946a2a','1',1509604309,0),(119,'3e0b1448-7562-48cc-f885-3986a3bee7fa','d2c137d5-7145-2924-e917-5ddbd2040544','1',1509604316,0),(120,'3e0b1448-7562-48cc-f885-3986a3bee7fa','e3ebe01c-e78f-b200-9fe6-6fa4aef7288c','1',1509604317,0),(121,'16e1481c-86e7-b9a5-e707-a1b2cdf766c3','b011cae2-02c4-57f7-16fe-267206946a2a','1',1509626025,1509626028),(122,'16e1481c-86e7-b9a5-e707-a1b2cdf766c3','b011cae2-02c4-57f7-16fe-267206946a2a','1',1509626028,0),(123,'16e1481c-86e7-b9a5-e707-a1b2cdf766c3','e73c1bfb-fb37-4726-dd83-cda744763047','1',1509713522,0),(124,'bf670625-f384-b056-fab9-4c3f45314aa2','ee606678-a5d0-2a6f-2293-225ad3f9b55a','1',1509946004,0),(125,'3e0b1448-7562-48cc-f885-3986a3bee7fa','8ab5e9bc-ed2e-8fc0-b0d1-4fc356eb0ad6','1',1509960803,0),(126,'3e0b1448-7562-48cc-f885-3986a3bee7fa','afd30e5b-3e1c-6ff4-aa73-a66f848e144d','1',1509960805,0),(127,'16e1481c-86e7-b9a5-e707-a1b2cdf766c3','b9685499-0599-37dc-bfc6-79d09a09a428','1',1510032638,0),(128,'13225a3e-f16a-ebb0-450d-3a0a00ade5ca','b9685499-0599-37dc-bfc6-79d09a09a428','1',1510044955,0),(129,'bf670625-f384-b056-fab9-4c3f45314aa2','b9685499-0599-37dc-bfc6-79d09a09a428','1',1510112904,0),(130,'3e0b1448-7562-48cc-f885-3986a3bee7fa','dfcd53f4-5a64-e7ac-5478-1a21b34fb730','1',1510194007,0),(131,'3e0b1448-7562-48cc-f885-3986a3bee7fa','afb1debb-c2c5-8854-55ca-1ec48ef9d16b','1',1510194008,0),(132,'3e0b1448-7562-48cc-f885-3986a3bee7fa','bee2ba92-24fa-9083-ec26-8f102666cfdc','1',1510194009,0),(133,'3e0b1448-7562-48cc-f885-3986a3bee7fa','f46a6168-d616-c356-0eac-7777378dcee3','1',1510194010,0),(134,'3e0b1448-7562-48cc-f885-3986a3bee7fa','bf9ecece-4d5b-8549-6d9f-6c52c43bdafb','1',1510194011,0);

#
# Structure for table "qxd_community"
#

DROP TABLE IF EXISTS `qxd_community`;
CREATE TABLE `qxd_community` (
  `p_id` int(11) NOT NULL AUTO_INCREMENT,
  `id` char(36) NOT NULL DEFAULT '' COMMENT '社群ID',
  `outside_id` char(8) NOT NULL DEFAULT '' COMMENT '社群编号(外部ID)',
  `name` varchar(127) NOT NULL DEFAULT '' COMMENT '社群名称',
  `description` varchar(255) NOT NULL DEFAULT '' COMMENT '简介',
  `cover_image` varchar(127) NOT NULL DEFAULT '' COMMENT '封面图',
  `exclusive_url` varchar(127) NOT NULL DEFAULT '' COMMENT '专属链接',
  `qr_code` varchar(127) NOT NULL DEFAULT '' COMMENT '社群二维码',
  `scale_num` enum('10000') NOT NULL DEFAULT '10000' COMMENT '成员数量规模限制',
  `pay_num` enum('500') NOT NULL DEFAULT '500' COMMENT '付费用户人数',
  `status` enum('0','1','2') NOT NULL DEFAULT '0' COMMENT '状态 0 正常 1 冻结 2 封禁',
  `recommended` enum('0','1') NOT NULL DEFAULT '0' COMMENT '是否推荐 0 不推荐 1 推荐',
  `search` enum('0','1') NOT NULL DEFAULT '0' COMMENT '允许被搜索和推荐 0 允许 1 不允许',
  `level` tinyint(3) unsigned NOT NULL DEFAULT '0' COMMENT '0-普通社群；1-优秀社群；2-精英社群；3-专家社群；99-官方社群；',
  `update_num` tinyint(3) NOT NULL DEFAULT '30' COMMENT '编辑社群次数，每月只能修改3次',
  `create_time` int(10) unsigned NOT NULL DEFAULT '0' COMMENT '社群创建时间',
  `update_time` int(10) unsigned NOT NULL DEFAULT '0' COMMENT '更新时间',
  PRIMARY KEY (`p_id`),
  UNIQUE KEY `id` (`id`),
  KEY `name` (`name`) COMMENT '搜索',
  KEY `outside_id` (`outside_id`)
) ENGINE=InnoDB AUTO_INCREMENT=74 DEFAULT CHARSET=utf8 COMMENT='社群表';

#
# Data for table "qxd_community"
#

INSERT INTO `qxd_community` VALUES (1,'038e8181-d58c-2a87-4c6b-8b3eb7ef354e','65566340','不如念诗社','慷慨激昂地表演现代诗朗诵是对仪式感的误解','http://qxd-test.oss-cn-beijing.aliyuncs.com/user-dir/yrk71qh8iHW1zbyqsLuYqDzTGrDJRLeH.png','','http://qxd-test.oss-cn-beijing.aliyuncs.com/images/qr_code2017102509212159efe711f3d86.png','10000','500','0','0','0',0,3,1508894482,1509465601),(2,'05782e51-f174-74e1-f358-91a1011b1daf','77066287','狼来了9','嗯嗯','http://qxd-test.oss-cn-beijing.aliyuncs.com/user-dir/undefinedWF3TUGcxPzpezREs9x7yuUnp1nDpmBU.png','','http://qxd-test.oss-cn-beijing.aliyuncs.com/images/qr_code2017102011465759e971b1b529d.png','10000','500','0','0','0',0,3,1508471217,1509465601),(3,'07abd29c-58f0-608c-a7e3-fadcb877ef2c','79167043','三十六计走为上计','善守着，敌不知其所攻','http://qxd-test.oss-cn-beijing.aliyuncs.com/user-dir/KBjWwiPhwgp0dGLQ2ekWX3kX1W4Tgjgt.png','','http://qxd-test.oss-cn-beijing.aliyuncs.com/images/qr_code2017102011021059e967325d664.png','10000','500','0','0','0',0,3,1508468530,1509465601),(4,'118adfb2-b289-da7e-fbe1-f4533181b9d3','37525588','四川麻糖','嗯嗯','http://qxd-test.oss-cn-beijing.aliyuncs.com/user-dir/kundefinedh63VEaRR20tuPihbYt7a254YJKarYK.png','','http://qxd-test.oss-cn-beijing.aliyuncs.com/images/qr_code2017102013540459e98f7c372f5.png','10000','500','0','0','0',0,3,1508478844,1509607962),(5,'13263a4c-4ad6-f6b3-5cfd-eb6ca7a8c32c','58459208','真是一本正经','按次第，循序渐进，避免囫囵吞枣，深入经藏，智慧如海。每天一品好好读经，建立正信。','http://qxd-test.oss-cn-beijing.aliyuncs.com/user-dir/n80dkGitBWXVb3sieQBKHRxxhdJTgLEX.png','','','10000','500','0','0','0',0,3,1506612074,1509508690),(6,'15ef0f98-5584-6b57-42a9-2103d462b589','24774216','我美不美','快','http://weixin.go-qxd.com/static/img/user/img1.png','','','10000','500','0','0','0',0,3,1505283866,1509465601),(7,'1f83549c-7fb7-4c2a-27e0-0b11cfbd337b','15902334','1111','111111','http://qxd-test.oss-cn-beijing.aliyuncs.com/user-dir/52hsYnG89Ujssnevz3WqUnmwJundefined7BKw1b.png','','','10000','500','0','0','0',0,3,1508229764,1509465601),(8,'24c258ac-b17f-5558-79bc-9c56f6a8fb59','25059039','111111','1111111','http://qxd-test.oss-cn-beijing.aliyuncs.com/user-dir/7s8B14i7V1LcYVJsWGUmLsX9UgsEcbd4.png','','http://qxd-test.oss-cn-beijing.aliyuncs.com/images/qr_code2017102009404359e9541b62bb0.png','10000','500','0','0','0',0,3,1508463643,1509465601),(9,'2553b1b3-7ecc-990b-ef97-dd727eb4ae2a','75532463','再来一个试试2','这个就看看result.data是什么','http://weixin.go-qxd.com/static/img/user/img1.png','','','10000','500','0','0','0',0,3,1505209038,1509465601),(10,'2d186dae-8300-492a-fa64-5ed167ed8510','94633630','建个社群看看二维码','看看二维码','http://qxd-test.oss-cn-beijing.aliyuncs.com/user-dir/hHVQ4DnvRVauiundefined0g0Uw9BqGEUbWQgfPd.png','','http://qxd-test.oss-cn-beijing.aliyuncs.com/images/qr_code2017102010363159e9612faf454.png','10000','500','0','0','0',0,3,1508466991,1509465601),(11,'31a57836-1dc2-1d9a-03d4-4f996b9b1187','64397461','狼来了7','嗯嗯','http://qxd-test.oss-cn-beijing.aliyuncs.com/user-dir/qPiDFrB34hundefinedFwfpS7QbDqq91wzRQkQuB.png','','http://qxd-test.oss-cn-beijing.aliyuncs.com/images/qr_code2017102011384259e96fc2da327.png','10000','500','0','0','1',0,3,1508470722,1509465601),(12,'3a4d382d-fae8-dc11-0db4-2c214897fa91','28795483','二手玫瑰','摇滚老炮儿','http://qxd-test.oss-cn-beijing.aliyuncs.com/user-dir/VCvE3z2xLFrFYaj8wQd9m2ff7pqxfxjU.png','','http://qxd-test.oss-cn-beijing.aliyuncs.com/images/qr_code2017102014014559e9914971cf5.png','10000','500','0','0','0',0,3,1508479305,1509465601),(13,'3a67e406-29e8-1e4c-d922-6062f8e4f09b','33981890','狼来了6','嗯嗯','http://qxd-test.oss-cn-beijing.aliyuncs.com/user-dir/UP6mczundefinedgmLG9FLmemY3giJDK3SDYCCjD.png','','http://qxd-test.oss-cn-beijing.aliyuncs.com/images/qr_code2017102011324159e96e59f3402.png','10000','500','0','0','0',0,3,1508470362,1509465601),(14,'3d47ba2f-c77f-d0e6-2c3a-157ceba4a2e1','71948547','QWERTY','去玩儿如果','http://qxd-test.oss-cn-beijing.aliyuncs.com/user-dir/PWWuqHKhyC73sPV9k85FvSb1UL5WYundefinedgT.png','','','10000','500','0','0','0',0,3,1506048972,1509465601),(15,'3d8a56d6-aaa4-d006-78aa-559041e73565','14866442','一只狼在放哨','读第一章','http://qxd-test.oss-cn-beijing.aliyuncs.com/user-dir/JJP5ksmtTDG4JwqsdXKjtGiuj7qundefinedLUF6.png','','http://qxd-test.oss-cn-beijing.aliyuncs.com/images/qr_code2017102010124359e95b9b6eeb1.png','10000','500','0','0','0',0,3,1508465563,1509465601),(16,'4716c7f4-2195-0a17-2d7d-9cfed7a5cb3a','74977576','脑力勤练社','哪怕生活工作学习再无趣也不能放任脑s','http://qxd-test.oss-cn-beijing.aliyuncs.com/user-dir/BidVrqhyeTFn1UwvUVjPwCr9T1Lb5rW1.png','','','10000','500','0','0','0',0,3,1508296499,1509465601),(17,'4bb22543-ec8c-e247-1f1e-b6d519811c90','66806880','职场充电社','工作只是学习开始的全新起点 而已','http://qxd-test.oss-cn-beijing.aliyuncs.com/user-dir/undefinedRbYUPVvsKrTQU9fGkYdtkbGjb3RUundefinedgE.png','','','10000','500','0','0','0',0,3,1508296908,1509465601),(18,'4c129a60-59e2-4ef2-63c2-f2bde7ccca19','33146465','啦啦啦','哩哩啦啦','http://weixin.go-qxd.com/static/img/user/img1.png','','','10000','500','0','0','0',0,3,1505350887,1509465601),(19,'523255d2-8de8-3a03-ea11-26c4a0099866','97993966','测试创建','测试安卓','http://weixin.go-qxd.com/static/img/user/img1.png','','','10000','500','0','0','0',0,3,1505375620,1509465601),(20,'55eef094-9373-44d1-8ebb-fbb0d28bbffe','25150744','狼来了3','嗯嗯','http://qxd-test.oss-cn-beijing.aliyuncs.com/user-dir/Qe1iundefinedgKaiS9rK8siCaYDR2V4ScYhvCgb.png','','http://qxd-test.oss-cn-beijing.aliyuncs.com/images/qr_code2017102011225259e96c0c53220.png','10000','500','0','0','0',0,3,1508469772,1509465601),(21,'57cf5bc4-f4b0-51a1-3a6e-cb7563598570','63515449','22','134649','http://weixin.go-qxd.com/static/img/user/img1.png','','','10000','500','0','0','0',0,3,1505354221,1509465601),(22,'58d153d9-1702-e225-7cbc-59a453386bca','21313657','社群222','焦恩俊睡觉啊可','http://qxd-test.oss-cn-beijing.aliyuncs.com/user-dir/SD5Sndr7aSjk0cundefinedundefinedLKH40LC1swrFP1xy.png','','','10000','500','0','0','0',0,3,1505354305,1510109911),(23,'5ae00970-ee16-db8f-5344-5698cd6dab40','99192870','阿弥陀佛么么哒','读第一章','http://qxd-test.oss-cn-beijing.aliyuncs.com/user-dir/xq1yx4iUSrVznbT7Tb4KUuuU5w9undefinedKmtL.png','','http://qxd-test.oss-cn-beijing.aliyuncs.com/images/qr_code2017102010173159e95cbb4b403.png','10000','500','0','0','0',0,3,1508465851,1509465601),(24,'5b4a5093-0237-ef6c-eeae-3c0d1b835046','39363238','嗯嗯嗯','嗯嗯……','http://qxd-test.oss-cn-beijing.aliyuncs.com/user-dir/L33pyUtPk35DpuqgkxCWx4Q5EBE2X9Uundefined.png','','','10000','500','0','0','0',0,3,1506302396,1509636481),(25,'5e539f48-231e-7eb5-145c-646da24ae942','31676103','这些好看','这种类专业人士透露自己','http://qxd-test.oss-cn-beijing.aliyuncs.com/user-dir/YUWchpXC5BQ3JqssEuuDBfEc5hahKJkp.png','','','10000','500','0','0','0',0,3,1506051076,1510129276),(26,'5f3d274c-0ab9-d9a6-8e5a-4a150f8ba29d','50347194','还是不懂就到家九点半','九分就是大姐夫你付款','http://qxd-test.oss-cn-beijing.aliyuncs.com/user-dir/RgPFp8S4Uks3yjHVdx8aqeeT7ST5Puz7.png','','','10000','500','0','0','0',0,3,1506051579,1509465601),(27,'60470447-7bac-250f-892d-5e72e7987285','30056807','测试第二版','今天的测试','http://weixin.go-qxd.com/static/img/user/img1.png','','','10000','500','0','0','0',0,3,1505268038,1510195289),(28,'67ff98d2-677b-fb18-8dad-83a39b2e8766','47377862','社群444','wjjwjsjsjs','http://qxd-test.oss-cn-beijing.aliyuncs.com/user-dir/G96ieDL5kbfbdXEdYiWTQE1e9JqEqundefinedud.png','','','10000','500','0','0','0',0,3,1505354258,1509636530),(29,'681a0f22-4c1c-5344-be33-39f8a06e69c1','50264980','航海圈','哈哈哈哈','http://qxd-test.oss-cn-beijing.aliyuncs.com/user-dir/Vt8RU0sHCjundefinedRvidTEryLiXjundefinedR7z2udL1.png','','','10000','500','0','0','0',0,3,1506228486,1509465601),(30,'6bbad53c-f230-5f6d-56ae-7717d7ffe2c5','51879317','改行动','改行动','http://qxd-test.oss-cn-beijing.aliyuncs.com/user-dir/Ymh3Wdzn4YDDtjb67BPp84R5xppX8Xs4.png','','','10000','500','0','0','0',0,3,1508292189,1510139357),(31,'76826caa-6894-f6b9-3ac3-de33e01879c2','83008910','电影欣赏06','简介方法 v 反反复复反反复复看一下哦','http://weixin.go-qxd.com/static/img/user/img1.png','','','','500','0','1','0',0,3,1503369259,1509634993),(32,'7bf0abd7-36fc-ef35-ead2-2bcbccb8b2cf','26981026','狼来了','读第一章','http://qxd-test.oss-cn-beijing.aliyuncs.com/user-dir/Uepmb3undefinedz6J20UEQ3LwmLVPUvz7HESSz6.png','','http://qxd-test.oss-cn-beijing.aliyuncs.com/images/qr_code2017102011034359e9678f0cc95.png','10000','500','0','0','0',0,3,1508468623,1509465601),(33,'7cb0ad89-113b-2a14-f3ad-9b7fa77b33fd','34158620','222','企鹅区委区233','http://weixin.go-qxd.com/static/img/user/img1.png','','','10000','500','0','0','0',0,3,1505208788,1509465601),(34,'7d081b3c-1c59-b827-d71a-561c58db5a87','42210646','亲职社群','为建立与孩子之间的亲密关系，成为他们值得交往的伙伴，让我们来一起探索有趣有效的方法吧！','http://qxd-test.oss-cn-beijing.aliyuncs.com/user-dir/GLetb02fCq7p4DPFk3Ywk8WmV2C4undefinediFq.png','','','10000','500','0','0','0',0,3,1508291462,1509465601),(35,'8321ad0b-7e93-2cc4-9db0-4032432e170d','98049394','绘画新人社','三个月掌握基本儿童简笔画技巧','http://qxd-test.oss-cn-beijing.aliyuncs.com/user-dir/tKF9btRy3undefinedKqSzSiq91J6jmxwgK5Saz1.png','','','10000','500','0','0','0',0,3,1508297318,1509465601),(36,'8801efbd-1bd5-50d8-3b89-bea68d6a316c','88619517','嗯嗯','嗯嗯哈哈哈哈','http://qxd-test.oss-cn-beijing.aliyuncs.com/user-dir/mGBrcEGFhesuWFSundefinedPcsf66DnwisFqk40.png','','','10000','500','0','0','0',0,3,1508292073,1509465601),(37,'89217c66-df49-cd9b-b11e-50a51d6e33be','47183041','电影赏析03','16224','http://api.go-qxd.com/images/nx-qxd-logo.jpg','','','','500','0','0','0',0,3,1503373975,1509465601),(38,'892c80b0-750c-0742-c6a4-5c1105285bee','35794877','中国电商领导者联盟','再次测试 测试编辑后跳转然后返回到index','http://qxd-test.oss-cn-beijing.aliyuncs.com/user-dir/bexz0mVeCugundefined7bteURKYDqSrexttqf8v.png','','','10000','500','0','0','0',0,3,1503311264,1509612385),(39,'8eb5e73e-89e6-760d-1ba9-f05fe6a8b983','56346536','狼来了5','嗯嗯','http://qxd-test.oss-cn-beijing.aliyuncs.com/user-dir/nz3w6undefinedGwreJPwJdT0rChD2KRKLWQBxg5.png','','http://qxd-test.oss-cn-beijing.aliyuncs.com/images/qr_code2017102011293659e96da0aa618.png','10000','500','0','0','0',0,3,1508470176,1509465601),(40,'8f5aa4d9-7249-9515-80a9-ee8839a5db12','37327689','八戒的社群','八戒社群的简介','http://qxd-test.oss-cn-beijing.aliyuncs.com/user-dir/Rt0csWVFtLfd0bXmLF4tUv062if4sicp.png','','','10000','500','0','1','0',0,3,1506076611,1510047759),(41,'915b0a9c-cd31-de64-9b67-0412dd064938','36372697','qwers','为撒','http://qxd-test.oss-cn-beijing.aliyuncs.com/user-dir/bbxBHkCFE0nKPzaDQ34phfYFUGY6mPvE.png','','','10000','500','0','0','0',0,3,1506048167,1509465601),(42,'91a3292d-b171-086e-a1db-328dbfdb096f','61915011','暖象科技行动测试','巴拉巴拉','http://qxd-test.oss-cn-beijing.aliyuncs.com/user-dir/kQgHPpEundefinedtyLWsjC93s0FqTwCaeQxYJs9.png','','','10000','500','0','0','0',0,3,1506610710,1509465601),(43,'932d9b98-59b7-a7e3-10f5-31d175e4413a','23647127','狼来了2','嗯嗯','http://qxd-test.oss-cn-beijing.aliyuncs.com/user-dir/krJYcGseHXundefinedasv34bG08j35UTFccw9ri.png','','http://qxd-test.oss-cn-beijing.aliyuncs.com/images/qr_code2017102011203659e96b84794f4.png','10000','500','0','0','0',0,3,1508469636,1509465601),(44,'982c30c7-ebc7-a797-964e-4669484c5103','58035622','狼来了8','嗯嗯','http://qxd-test.oss-cn-beijing.aliyuncs.com/user-dir/Yy3iY8yeLSHK6tnYTaft7RUvby3Rp1H1.png','','http://qxd-test.oss-cn-beijing.aliyuncs.com/images/qr_code2017102011410059e9704cb4c3d.png','10000','500','0','0','0',0,3,1508470860,1509607979),(45,'9b3c8069-acba-6686-3e35-a3dbc4872d8d','51001064','test','test','http://qxd-test.oss-cn-beijing.aliyuncs.com/user-dir/52GCszuJF4BF0fSXsrjCFhuRkrayundefinedt7Q.png','','','10000','500','0','0','0',0,3,1506050916,1509465601),(46,'a35c2d83-eef2-b6c3-d4ad-5776068293ff','12278648','请问让他','去无为人团圆','http://qxd-test.oss-cn-beijing.aliyuncs.com/user-dir/jwtvDKGtwb1QaH1YhPYaRQVTmJRkbTLC.png','','','10000','500','0','0','0',0,3,1506049825,1509952127),(47,'a39fb9d1-42fb-96e6-9a4a-4e38e85237f6','91146348','去无为儿童','去条鱼呵呵还是','http://qxd-test.oss-cn-beijing.aliyuncs.com/user-dir/VFTF5R5WdPfXgJReuszJ2gQGihJ83gXT.png','','','10000','500','0','0','0',0,3,1506050583,1510043069),(48,'a7e3276b-95c7-806f-c6c9-a6d004011c15','33224771','社群改2','请问嗯','http://qxd-test.oss-cn-beijing.aliyuncs.com/user-dir/VdeWdaWKvundefinedmundefinedxCzcg3ezVeHwnkv4S6Hv.png','','','10000','500','0','0','0',0,3,1506051573,1509938304),(49,'a9b72d0c-90f3-a247-63ec-0d586467a2be','67542320','摆渡人','读第一章','http://qxd-test.oss-cn-beijing.aliyuncs.com/user-dir/fUHEERhJ5w678vCxmXe91tJntz6CEWiD.png','','http://qxd-test.oss-cn-beijing.aliyuncs.com/images/qr_code2017102010251059e95e8621c70.png','10000','500','0','0','0',0,3,1508466310,1509465601),(50,'aa16fe42-d585-9ee1-ce3d-231081876daf','36016730','浪来了4','嗯嗯','http://qxd-test.oss-cn-beijing.aliyuncs.com/user-dir/x0YDBzd0pwiKbeFEnvqQetcaQG5xHREf.png','','http://qxd-test.oss-cn-beijing.aliyuncs.com/images/qr_code2017102011251259e96c98eaf90.png','10000','500','0','0','0',0,3,1508469913,1509465601),(51,'ac6f603f-6880-3b25-25d5-89f8f57fce55','58804156','公寓1112','嫌疑人消防队员333','http://weixin.go-qxd.com/static/img/user/img1.png','','','10000','500','0','0','0',0,3,1505209432,1509465601),(52,'b71c1509-6809-e1a5-67e0-b96fe3fec8df','91810107','男孩','好听','http://qxd-test.oss-cn-beijing.aliyuncs.com/user-dir/BbHPL7yHDS3tsundefinedQ6KSxJGtuc2x26iSnh.png','','http://qxd-test.oss-cn-beijing.aliyuncs.com/images/qr_code2017102014123359e993d182c17.png','10000','500','0','0','0',0,3,1508479953,1509524388),(53,'bb39ad52-70ec-ebcd-958e-bd3feba67443','88049510','三十六计','善攻者，敌不知其所守','http://qxd-test.oss-cn-beijing.aliyuncs.com/user-dir/Sfe1faLSkDTehCV042y5RUjy0BpxLCTF.png','','http://qxd-test.oss-cn-beijing.aliyuncs.com/images/qr_code2017102010461159e96373aabe9.png','10000','500','0','0','0',0,3,1508467571,1509465601),(54,'beb74c98-bce7-a3de-305c-dffa190326c4','19011558','自在独行','贾平凹','http://qxd-test.oss-cn-beijing.aliyuncs.com/user-dir/BTXwDVzBzuh9L2K3a0LY5SLHh2b5ESet.png','','http://qxd-test.oss-cn-beijing.aliyuncs.com/images/qr_code2017102010391559e961d361518.png','10000','500','0','0','0',0,3,1508467155,1509465601),(55,'c8b8ca3f-5716-573b-cfbc-78620ea5a18e','68565839','沙僧的社群','沙僧的社群简介','http://qxd-test.oss-cn-beijing.aliyuncs.com/user-dir/hBgGD837Gj3wx3QQRpkferB5PhSJykks.png','','http://qxd-test.oss-cn-beijing.aliyuncs.com/images/qr_code2017102016302859e9b42401790.png','10000','500','0','0','0',0,3,1508488228,1509465601),(56,'c95134b4-83d5-ce44-6e79-c3273f807e71','35629250','测试第一版跳转222','测试 非第0个index应该是可以了222','http://weixin.go-qxd.com/static/img/user/img1.png','','','10000','500','0','0','0',0,3,1505267942,1510138361),(57,'d14e020f-fe08-5ddb-020f-1fb439342478','45096318','哈哈哈','哈哈哈哈哈哈','http://weixin.go-qxd.com/static/img/user/img1.png','','','10000','500','0','0','0',0,3,1505379254,1510043235),(58,'d4cad79d-6d01-8548-d4f2-86323314cbeb','30651522','看二维码','1111','http://qxd-test.oss-cn-beijing.aliyuncs.com/user-dir/Sz5VGzRqfvmHundefinedUUB2QpYE92bQzUwceJW.png','','http://qxd-test.oss-cn-beijing.aliyuncs.com/images/qr_code2017102609202959f1385d87de4.png','10000','500','0','0','0',0,3,1508980829,1510123327),(59,'dc632f78-d7e8-18e6-1e37-d2e759329e7c','35418236','test返回id','我的风格是按到大啊','http://qxd-test.oss-cn-beijing.aliyuncs.com/user-dir/0Xkundefineds86119KYy7CnjuuXY4DQeUgXEpjm.png','','','10000','500','0','0','0',0,3,1506050362,1509504943),(60,'de0450ee-9208-d3d7-2397-ad5f52f5845e','24151623','黑客与画家','读第一章','http://qxd-test.oss-cn-beijing.aliyuncs.com/user-dir/7fxYrH2UcntyPGzG7F41VyWXUGq9TCST.png','','http://qxd-test.oss-cn-beijing.aliyuncs.com/images/qr_code2017102009583459e9584a04b3d.png','10000','500','0','0','0',0,3,1508464714,1509465601),(61,'e20d3eea-4164-01ab-fd23-aa2e93836b09','70151805','社群333','热节哀口腔健康','http://weixin.go-qxd.com/static/img/user/img1.png','','','10000','500','0','0','0',0,3,1505354280,1509465601),(62,'ec16645b-cc9c-a7c8-536f-955219154cd2','66612548','电影欣赏02','简介','http://api.go-qxd.com/images/nx-qxd-logo.jpg','','','','500','0','0','0',0,3,1505379481,1509465601),(63,'ec685e49-3456-6a37-8220-be6bb35868ae','29165367','悟空的社群','悟空的社群的简介','http://qxd-test.oss-cn-beijing.aliyuncs.com/user-dir/LkvW9ngSpPhf4KBa3tabvGUK8zRk5r5k.png','','','10000','500','0','1','0',0,3,1505385971,1510047261),(64,'f0f46fdc-7bab-a032-0103-11808713c251','11524951','qwrtgg','请问让他','http://qxd-test.oss-cn-beijing.aliyuncs.com/user-dir/bezVcundefinedVdXcQxrW7YikydVbDfbundefineddpH5xP.png','','','10000','500','0','0','0',0,3,1506049714,1509465601),(65,'f6400fc1-b391-d97f-276e-049953606ad5','74570191','皮囊','读第一章','http://qxd-test.oss-cn-beijing.aliyuncs.com/user-dir/cjTgBVVaidvtdyFTrc5TKSwaEnundefinedna3xw.png','','http://qxd-test.oss-cn-beijing.aliyuncs.com/images/qr_code2017102010350859e960dc3d59f.png','10000','500','0','0','0',0,3,1508466908,1509465601),(66,'0627d56d-cc04-49ec-874f-0d4f19896c44','85076483','我的社群','简介','http://qxd-test.oss-cn-beijing.aliyuncs.com/user-dir/yrk71qh8iHW1zbyqsLuYqDzTGrDJRLeH.png','','http://qxd-test.oss-cn-beijing.aliyuncs.com/images/qr_code2017110214061159fab5d3c2323.png','10000','500','0','0','0',0,30,1509602772,1509634871),(67,'7d04569a-e7e0-a3e4-920c-d70d9ddfc3e6','20089197','唐同学','简介','http://qxd-test.oss-cn-beijing.aliyuncs.com/user-dir/LChyEXjTEJzVY6WSUPETRSqBQqW5VH3v.png','','http://qxd-test.oss-cn-beijing.aliyuncs.com/images/qr_code2017110215312359fac9cbac08d.png','10000','500','0','0','0',0,30,1509607883,1510199416),(68,'81228af2-63f2-f835-4cb8-373f95009e80','61521732','测试','test','http://qxd-test.oss-cn-beijing.aliyuncs.com/user-dir/PLyUCKundefinedHr4nydxRLECFxbf2r1jEg5RHu.png','','http://qxd-test.oss-cn-beijing.aliyuncs.com/images/qr_code2017110300064259fb429286343.png','10000','500','0','0','0',0,30,1509638802,1509638802),(69,'a0b5e61b-6e67-1a84-7245-ebd522dcb376','46125465','我新建的','哈哈哈哈哈哈哈','http://qxd-test.oss-cn-beijing.aliyuncs.com/user-dir/pFjvn6undefined65DV6uTJXkdC85FURHSpkvqyb.png','','http://qxd-test.oss-cn-beijing.aliyuncs.com/images/qr_code201711061510015a000ac9bd11d.png','10000','500','0','0','0',0,30,1509952201,1510047683),(70,'76bd6046-ab49-7ed7-e8be-babe32a181bd','30316820','comeonbaby啦啦啦','test','http://qxd-test.oss-cn-beijing.aliyuncs.com/user-dir/FmJ03uU8P7resvgeECF63ty4s6grSveX.png','','http://qxd-test.oss-cn-beijing.aliyuncs.com/images/qr_code201711061538045a00115c10d4a.png','10000','500','0','0','0',0,30,1509953884,1510113902),(71,'2a7861c4-bfe3-cbbd-099c-5efc3b426900','45054983','圆角矩形','嗯嗯','http://qxd-test.oss-cn-beijing.aliyuncs.com/user-dir/8G4FSxPKmCzzscSTSd4j7LxP4L8E6qkz.png','','http://qxd-test.oss-cn-beijing.aliyuncs.com/images/qr_code201711061838485a003bb8ab21b.png','10000','500','0','0','0',0,30,1509964728,1509965334),(72,'dff0e9b2-c6cc-0ad0-d6b9-c5e4d0ad9030','99444516','测试测试','测试头像','http://qxd-test.oss-cn-beijing.aliyuncs.com/user-dir/cwGUfh10EnK1jWD8WdEdQV9VF0e0QfW1.png','','http://qxd-test.oss-cn-beijing.aliyuncs.com/images/qr_code201711081500245a02ab88f3d6f.png','10000','500','0','0','0',0,30,1510124425,1510124839),(73,'64f224d1-fd71-01fb-904b-e465308d566b','44074559','啊啊啊啊啊','撒啊啊啊啊','http://qxd-test.oss-cn-beijing.aliyuncs.com/user-dir/fzw9k1je1RXLGundefined1K5i3qrHBkyY76V8kG.png','','http://qxd-test.oss-cn-beijing.aliyuncs.com/images/qr_code201711081513015a02ae7d66841.png','10000','500','0','0','0',0,30,1510125181,1510125229);

#
# Structure for table "qxd_community_recommend"
#

DROP TABLE IF EXISTS `qxd_community_recommend`;
CREATE TABLE `qxd_community_recommend` (
  `id` int(11) NOT NULL AUTO_INCREMENT,
  `community_id` char(36) NOT NULL DEFAULT '',
  `create_time` int(11) NOT NULL DEFAULT '0',
  PRIMARY KEY (`id`)
) ENGINE=InnoDB AUTO_INCREMENT=2 DEFAULT CHARSET=utf8 ROW_FORMAT=DYNAMIC COMMENT='社群推荐表';

#
# Data for table "qxd_community_recommend"
#

INSERT INTO `qxd_community_recommend` VALUES (1,'48eed6c0-f298-8020-d673-633d4101d5f3',15222222);

#
# Structure for table "qxd_community_transfer"
#

DROP TABLE IF EXISTS `qxd_community_transfer`;
CREATE TABLE `qxd_community_transfer` (
  `Id` int(11) NOT NULL AUTO_INCREMENT,
  `user_id` char(36) NOT NULL DEFAULT '' COMMENT '转让人',
  `to_user_id` char(36) NOT NULL DEFAULT '' COMMENT '被转让人',
  `community_id` char(36) NOT NULL DEFAULT '' COMMENT '被转让社群ID',
  `create_time` int(10) unsigned NOT NULL DEFAULT '0' COMMENT '转让时间',
  PRIMARY KEY (`Id`),
  KEY `user_id` (`user_id`,`to_user_id`)
) ENGINE=InnoDB AUTO_INCREMENT=21 DEFAULT CHARSET=utf8 COMMENT='社群转让记录表';

#
# Data for table "qxd_community_transfer"
#

INSERT INTO `qxd_community_transfer` VALUES (1,'0a9064ba-711f-5049-9300-c0cc88e1edf7','cb2395b7-7660-7134-85c9-612d4f4c74b5','48eed6c0-f298-8020-d673-633d4101d5f3',1503893124),(2,'0a9064ba-711f-5049-9300-c0cc88e1edf7','cb2395b7-7660-7134-85c9-612d4f4c74b5','48eed6c0-f298-8020-d673-633d4101d5f3',1503901326),(3,'0a9064ba-711f-5049-9300-c0cc88e1edf7','cb2395b7-7660-7134-85c9-612d4f4c74b5','48eed6c0-f298-8020-d673-633d4101d5f3',1503901357),(4,'0a9064ba-711f-5049-9300-c0cc88e1edf7','cb2395b7-7660-7134-85c9-612d4f4c74b5','48eed6c0-f298-8020-d673-633d4101d5f3',1503901427),(5,'0a9064ba-711f-5049-9300-c0cc88e1edf7','cb2395b7-7660-7134-85c9-612d4f4c74b5','892c80b0-750c-0742-c6a4-5c1105285bee',1503901971),(7,'0a9064ba-711f-5049-9300-c0cc88e1edf7','499d7c58-08b3-45e6-1a12-ab99c53f596b','5b4a5093-0237-ef6c-eeae-3c0d1b835046',1506389736),(8,'b9d25df4-8e9e-f917-f559-4872db0b9ea6','3e0b1448-7562-48cc-f885-3986a3bee7fa','60470447-7bac-250f-892d-5e72e7987285',1506406585),(9,'16e1481c-86e7-b9a5-e707-a1b2cdf766c3','0f584f9c-befb-a17e-b205-765cd7efde33','ec685e49-3456-6a37-8220-be6bb35868ae',1506408676),(10,'0f584f9c-befb-a17e-b205-765cd7efde33','16e1481c-86e7-b9a5-e707-a1b2cdf766c3','ec685e49-3456-6a37-8220-be6bb35868ae',1506408888),(11,'b9d25df4-8e9e-f917-f559-4872db0b9ea6','3e0b1448-7562-48cc-f885-3986a3bee7fa','c95134b4-83d5-ce44-6e79-c3273f807e71',1506409167),(12,'b9d25df4-8e9e-f917-f559-4872db0b9ea6','3e0b1448-7562-48cc-f885-3986a3bee7fa','892c80b0-750c-0742-c6a4-5c1105285bee',1506409430),(13,'b9d25df4-8e9e-f917-f559-4872db0b9ea6','3e0b1448-7562-48cc-f885-3986a3bee7fa','5e539f48-231e-7eb5-145c-646da24ae942',1506409762),(14,'3e0b1448-7562-48cc-f885-3986a3bee7fa','b9d25df4-8e9e-f917-f559-4872db0b9ea6','5e539f48-231e-7eb5-145c-646da24ae942',1506409901),(15,'3e0b1448-7562-48cc-f885-3986a3bee7fa','b9d25df4-8e9e-f917-f559-4872db0b9ea6','c95134b4-83d5-ce44-6e79-c3273f807e71',1506410068),(16,'3e0b1448-7562-48cc-f885-3986a3bee7fa','b9d25df4-8e9e-f917-f559-4872db0b9ea6','60470447-7bac-250f-892d-5e72e7987285',1506410101),(17,'3e0b1448-7562-48cc-f885-3986a3bee7fa','b9d25df4-8e9e-f917-f559-4872db0b9ea6','a39fb9d1-42fb-96e6-9a4a-4e38e85237f6',1506410171),(18,'b9d25df4-8e9e-f917-f559-4872db0b9ea6','3e0b1448-7562-48cc-f885-3986a3bee7fa','c95134b4-83d5-ce44-6e79-c3273f807e71',1506495278),(19,'b9d25df4-8e9e-f917-f559-4872db0b9ea6','3e0b1448-7562-48cc-f885-3986a3bee7fa','60470447-7bac-250f-892d-5e72e7987285',1506495679),(20,'3e0b1448-7562-48cc-f885-3986a3bee7fa','b9d25df4-8e9e-f917-f559-4872db0b9ea6','60470447-7bac-250f-892d-5e72e7987285',1508481926);

#
# Structure for table "qxd_community_user"
#

DROP TABLE IF EXISTS `qxd_community_user`;
CREATE TABLE `qxd_community_user` (
  `id` int(11) NOT NULL AUTO_INCREMENT,
  `community_id` char(36) NOT NULL DEFAULT '0' COMMENT '所属社群ID',
  `user_id` char(36) NOT NULL DEFAULT '0' COMMENT '所有者ID(用户ID)',
  `type` enum('0','1','2') NOT NULL DEFAULT '2' COMMENT '关联类型 0 社长 1 管理员 2 成员',
  `msg_only_admin` enum('0','1') NOT NULL DEFAULT '0' COMMENT '只接受管理员私信 0=关闭，1=开启。',
  `status` enum('0','1','2') NOT NULL DEFAULT '0' COMMENT '0 未退群 1 已退群 2被暂停成员资格',
  `pay` enum('0','1') NOT NULL DEFAULT '0' COMMENT '是否为付费用户 0 否 1 是',
  `create_time` int(11) unsigned NOT NULL DEFAULT '0' COMMENT '加入时间',
  `update_time` int(11) unsigned NOT NULL DEFAULT '0' COMMENT '更新状态时间',
  `delete_time` int(11) unsigned NOT NULL DEFAULT '0' COMMENT '退出时间',
  PRIMARY KEY (`id`),
  KEY `community_id` (`community_id`,`user_id`) COMMENT '复合主键',
  KEY `type` (`type`) COMMENT 'type',
  KEY `pay` (`pay`)
) ENGINE=InnoDB AUTO_INCREMENT=198 DEFAULT CHARSET=utf8 ROW_FORMAT=DYNAMIC COMMENT='社群用户对应表';

#
# Data for table "qxd_community_user"
#

INSERT INTO `qxd_community_user` VALUES (2,'76826caa-6894-f6b9-3ac3-de33e01879c2','cb2395b7-7660-7134-85c9-612d4f4c74b5','0','0','0','0',1503369259,1503369259,0),(4,'76826caa-6894-f6b9-3ac3-de33e01879c2','86966993-d3e4-e722-223d-bf16fc2e8421','1','0','0','1',1505300251,1505300251,0),(5,'892c80b0-750c-0742-c6a4-5c1105285bee','cb2395b7-7660-7134-85c9-612d4f4c74b5','0','0','0','0',1505300251,1503901971,0),(6,'76826caa-6894-f6b9-3ac3-de33e01879c2','0a9064ba-711f-5049-9300-c0cc88e1edf7','2','0','0','1',1505300251,1505201312,0),(7,'89217c66-df49-cd9b-b11e-50a51d6e33be','0a9064ba-711f-5049-9300-c0cc88e1edf7','0','0','0','0',1505300251,1505300251,0),(8,'892c80b0-750c-0742-c6a4-5c1105285bee','b9d25df4-8e9e-f917-f559-4872db0b9ea6','2','0','0','1',1505300251,1506498679,0),(9,'892c80b0-750c-0742-c6a4-5c1105285bee','3e0b1448-7562-48cc-f885-3986a3bee7fa','0','0','0','0',1505300251,1506409430,0),(10,'7cb0ad89-113b-2a14-f3ad-9b7fa77b33fd','3e0b1448-7562-48cc-f885-3986a3bee7fa','0','0','0','0',1505208788,1505208788,0),(11,'2553b1b3-7ecc-990b-ef97-dd727eb4ae2a','3e0b1448-7562-48cc-f885-3986a3bee7fa','0','0','0','0',1505209038,1505209038,0),(12,'ac6f603f-6880-3b25-25d5-89f8f57fce55','3e0b1448-7562-48cc-f885-3986a3bee7fa','0','0','0','0',1505209432,1505209432,0),(14,'60470447-7bac-250f-892d-5e72e7987285','b9d25df4-8e9e-f917-f559-4872db0b9ea6','0','0','0','0',1505268038,1508481926,0),(15,'15ef0f98-5584-6b57-42a9-2103d462b589','499d7c58-08b3-45e6-1a12-ab99c53f596b','0','0','0','0',1505283866,1505283866,0),(17,'57cf5bc4-f4b0-51a1-3a6e-cb7563598570','c3a9548d-832d-57f2-fdd9-18f9dc397fb5','0','0','0','0',1505354221,1505354221,0),(18,'67ff98d2-677b-fb18-8dad-83a39b2e8766','c3a9548d-832d-57f2-fdd9-18f9dc397fb5','0','0','0','0',1505354258,1505354258,0),(19,'e20d3eea-4164-01ab-fd23-aa2e93836b09','c3a9548d-832d-57f2-fdd9-18f9dc397fb5','0','0','0','0',1505354280,1505354280,0),(20,'58d153d9-1702-e225-7cbc-59a453386bca','c3a9548d-832d-57f2-fdd9-18f9dc397fb5','0','0','0','0',1505354305,1505354305,0),(21,'523255d2-8de8-3a03-ea11-26c4a0099866','0f584f9c-befb-a17e-b205-765cd7efde33','0','0','0','0',1505375620,1505375620,0),(22,'d14e020f-fe08-5ddb-020f-1fb439342478','13225a3e-f16a-ebb0-450d-3a0a00ade5ca','0','0','0','0',1505379254,1505379254,0),(23,'ec685e49-3456-6a37-8220-be6bb35868ae','16e1481c-86e7-b9a5-e707-a1b2cdf766c3','0','0','0','0',1505385971,1506408888,0),(25,'ec16645b-cc9c-a7c8-536f-955219154cd2','b9d25df4-8e9e-f917-f559-4872db0b9ea6','1','0','0','0',0,0,0),(26,'915b0a9c-cd31-de64-9b67-0412dd064938','3e0b1448-7562-48cc-f885-3986a3bee7fa','0','0','0','0',1506048167,1506048167,0),(27,'3d47ba2f-c77f-d0e6-2c3a-157ceba4a2e1','0f584f9c-befb-a17e-b205-765cd7efde33','0','0','0','0',1506048972,1506048972,0),(28,'f0f46fdc-7bab-a032-0103-11808713c251','3e0b1448-7562-48cc-f885-3986a3bee7fa','0','0','0','0',1506049714,1506049714,0),(29,'a35c2d83-eef2-b6c3-d4ad-5776068293ff','3e0b1448-7562-48cc-f885-3986a3bee7fa','0','0','0','0',1506049825,1506049825,0),(30,'dc632f78-d7e8-18e6-1e37-d2e759329e7c','3e0b1448-7562-48cc-f885-3986a3bee7fa','0','0','0','0',1506050362,1506050362,0),(31,'a39fb9d1-42fb-96e6-9a4a-4e38e85237f6','3e0b1448-7562-48cc-f885-3986a3bee7fa','2','0','2','1',1506050583,1508833264,0),(32,'9b3c8069-acba-6686-3e35-a3dbc4872d8d','0f584f9c-befb-a17e-b205-765cd7efde33','0','0','0','0',1506050916,1506050916,0),(33,'5e539f48-231e-7eb5-145c-646da24ae942','b9d25df4-8e9e-f917-f559-4872db0b9ea6','0','0','0','0',1506051076,1506409901,0),(34,'a7e3276b-95c7-806f-c6c9-a6d004011c15','c3a9548d-832d-57f2-fdd9-18f9dc397fb5','0','0','0','0',1506051573,1506051573,0),(35,'5f3d274c-0ab9-d9a6-8e5a-4a150f8ba29d','0f584f9c-befb-a17e-b205-765cd7efde33','0','0','0','0',1506051579,1506051579,0),(36,'8f5aa4d9-7249-9515-80a9-ee8839a5db12','16e1481c-86e7-b9a5-e707-a1b2cdf766c3','0','0','0','0',1506076611,1506076611,0),(37,'681a0f22-4c1c-5344-be33-39f8a06e69c1','3ca03517-fc7f-d67c-45c3-5ce84f58d92d','0','0','0','0',1506228486,1506228486,0),(41,'5e539f48-231e-7eb5-145c-646da24ae942','c3a9548d-832d-57f2-fdd9-18f9dc397fb5','2','0','2','1',1506326257,1509441777,0),(43,'5b4a5093-0237-ef6c-eeae-3c0d1b835046','499d7c58-08b3-45e6-1a12-ab99c53f596b','0','0','0','0',1506389736,1506389736,0),(47,'60470447-7bac-250f-892d-5e72e7987285','3e0b1448-7562-48cc-f885-3986a3bee7fa','2','0','0','0',1506406585,1508481926,0),(50,'8f5aa4d9-7249-9515-80a9-ee8839a5db12','0f584f9c-befb-a17e-b205-765cd7efde33','2','0','0','1',1506409230,1510047540,0),(53,'5e539f48-231e-7eb5-145c-646da24ae942','3e0b1448-7562-48cc-f885-3986a3bee7fa','2','0','0','1',1506409762,1507799108,0),(54,'a39fb9d1-42fb-96e6-9a4a-4e38e85237f6','b9d25df4-8e9e-f917-f559-4872db0b9ea6','0','0','0','0',1506410171,1506410171,0),(55,'c95134b4-83d5-ce44-6e79-c3273f807e71','3e0b1448-7562-48cc-f885-3986a3bee7fa','0','0','0','0',1506475008,1506495278,0),(56,'892c80b0-750c-0742-c6a4-5c1105285bee','0a9064ba-711f-5049-9300-c0cc88e1edf7','2','0','0','1',1506479229,1506479563,0),(57,'5e539f48-231e-7eb5-145c-646da24ae942','0f584f9c-befb-a17e-b205-765cd7efde33','2','0','0','1',1506572759,1507691420,0),(59,'a39fb9d1-42fb-96e6-9a4a-4e38e85237f6','0f584f9c-befb-a17e-b205-765cd7efde33','2','0','2','1',1506580102,1508466304,0),(60,'5e539f48-231e-7eb5-145c-646da24ae942','0a9064ba-711f-5049-9300-c0cc88e1edf7','2','0','0','1',1506581173,1508770811,0),(61,'5e539f48-231e-7eb5-145c-646da24ae942','cb2395b7-7660-7134-85c9-612d4f4c74b5','2','0','0','1',1506581426,1506581449,0),(63,'9b3c8069-acba-6686-3e35-a3dbc4872d8d','b9d25df4-8e9e-f917-f559-4872db0b9ea6','2','0','0','1',1506595058,1507704150,0),(64,'892c80b0-750c-0742-c6a4-5c1105285bee','0f584f9c-befb-a17e-b205-765cd7efde33','2','0','0','1',1506596070,1507622267,0),(66,'a7e3276b-95c7-806f-c6c9-a6d004011c15','0f584f9c-befb-a17e-b205-765cd7efde33','2','0','0','1',1506596204,1508138678,0),(67,'ec685e49-3456-6a37-8220-be6bb35868ae','9175a40c-31f2-bbec-2134-27935378cf65','2','0','0','1',1506607806,1506607829,0),(69,'ec685e49-3456-6a37-8220-be6bb35868ae','501969d6-b26d-bb2d-29e3-5264a923def9','2','0','0','1',1506610490,1508587476,0),(70,'91a3292d-b171-086e-a1db-328dbfdb096f','501969d6-b26d-bb2d-29e3-5264a923def9','0','0','0','0',1506610710,1506610710,0),(73,'13263a4c-4ad6-f6b3-5cfd-eb6ca7a8c32c','bf670625-f384-b056-fab9-4c3f45314aa2','0','0','0','0',1506612074,1506612074,0),(74,'dc632f78-d7e8-18e6-1e37-d2e759329e7c','b9d25df4-8e9e-f917-f559-4872db0b9ea6','2','0','0','1',1506661835,1508467543,0),(75,'67ff98d2-677b-fb18-8dad-83a39b2e8766','3e0b1448-7562-48cc-f885-3986a3bee7fa','2','0','0','1',1507532678,1508481990,0),(76,'67ff98d2-677b-fb18-8dad-83a39b2e8766','0f584f9c-befb-a17e-b205-765cd7efde33','2','0','0','1',1507600970,1508226045,0),(78,'67ff98d2-677b-fb18-8dad-83a39b2e8766','499d7c58-08b3-45e6-1a12-ab99c53f596b','2','0','0','1',1507641413,1507641685,0),(82,'a7e3276b-95c7-806f-c6c9-a6d004011c15','b9d25df4-8e9e-f917-f559-4872db0b9ea6','2','0','2','1',1508117494,1509436618,0),(83,'60470447-7bac-250f-892d-5e72e7987285','c3a9548d-832d-57f2-fdd9-18f9dc397fb5','2','0','0','0',1508118054,1508118054,0),(85,'a7e3276b-95c7-806f-c6c9-a6d004011c15','3e0b1448-7562-48cc-f885-3986a3bee7fa','2','0','0','1',1508138306,1509351822,0),(86,'a7e3276b-95c7-806f-c6c9-a6d004011c15','bf670625-f384-b056-fab9-4c3f45314aa2','2','0','0','1',1508158958,1508159696,0),(87,'ec685e49-3456-6a37-8220-be6bb35868ae','3e0b1448-7562-48cc-f885-3986a3bee7fa','2','0','0','1',1508203628,1508470141,0),(88,'ec685e49-3456-6a37-8220-be6bb35868ae','13225a3e-f16a-ebb0-450d-3a0a00ade5ca','2','0','0','1',1508224670,1510047327,0),(89,'1f83549c-7fb7-4c2a-27e0-0b11cfbd337b','0f584f9c-befb-a17e-b205-765cd7efde33','0','0','0','0',1508229764,1508229764,0),(90,'7d081b3c-1c59-b827-d71a-561c58db5a87','9175a40c-31f2-bbec-2134-27935378cf65','0','0','0','0',1508291462,1508291462,0),(91,'ec685e49-3456-6a37-8220-be6bb35868ae','c3a9548d-832d-57f2-fdd9-18f9dc397fb5','2','0','0','1',1508291501,1508312088,0),(92,'8801efbd-1bd5-50d8-3b89-bea68d6a316c','0a9064ba-711f-5049-9300-c0cc88e1edf7','0','0','0','0',1508292073,1508292073,0),(93,'6bbad53c-f230-5f6d-56ae-7717d7ffe2c5','13225a3e-f16a-ebb0-450d-3a0a00ade5ca','0','0','0','0',1508292189,1508292189,0),(94,'4716c7f4-2195-0a17-2d7d-9cfed7a5cb3a','9175a40c-31f2-bbec-2134-27935378cf65','0','0','0','0',1508296499,1508296499,0),(95,'4bb22543-ec8c-e247-1f1e-b6d519811c90','9175a40c-31f2-bbec-2134-27935378cf65','0','0','0','0',1508296908,1508296908,0),(96,'8321ad0b-7e93-2cc4-9db0-4032432e170d','9175a40c-31f2-bbec-2134-27935378cf65','0','0','0','0',1508297318,1508297318,0),(98,'ec685e49-3456-6a37-8220-be6bb35868ae','0a9064ba-711f-5049-9300-c0cc88e1edf7','2','0','0','1',1508310834,1508770251,0),(101,'dc632f78-d7e8-18e6-1e37-d2e759329e7c','c3a9548d-832d-57f2-fdd9-18f9dc397fb5','2','0','0','1',1508403389,1508832339,0),(103,'24c258ac-b17f-5558-79bc-9c56f6a8fb59','0f584f9c-befb-a17e-b205-765cd7efde33','0','0','0','0',1508463643,1508463643,0),(111,'de0450ee-9208-d3d7-2397-ad5f52f5845e','0a9064ba-711f-5049-9300-c0cc88e1edf7','0','0','0','0',1508464714,1508464714,0),(113,'3d8a56d6-aaa4-d006-78aa-559041e73565','0a9064ba-711f-5049-9300-c0cc88e1edf7','0','0','0','0',1508465563,1508465563,0),(114,'5ae00970-ee16-db8f-5344-5698cd6dab40','0a9064ba-711f-5049-9300-c0cc88e1edf7','0','0','0','0',1508465851,1508465851,0),(115,'a9b72d0c-90f3-a247-63ec-0d586467a2be','0a9064ba-711f-5049-9300-c0cc88e1edf7','0','0','0','0',1508466310,1508466310,0),(116,'f6400fc1-b391-d97f-276e-049953606ad5','0a9064ba-711f-5049-9300-c0cc88e1edf7','0','0','0','0',1508466908,1508466908,0),(117,'2d186dae-8300-492a-fa64-5ed167ed8510','0f584f9c-befb-a17e-b205-765cd7efde33','0','0','0','0',1508466991,1508466991,0),(118,'beb74c98-bce7-a3de-305c-dffa190326c4','0a9064ba-711f-5049-9300-c0cc88e1edf7','0','0','0','0',1508467155,1508467155,0),(119,'bb39ad52-70ec-ebcd-958e-bd3feba67443','0a9064ba-711f-5049-9300-c0cc88e1edf7','0','0','0','0',1508467571,1508467571,0),(120,'07abd29c-58f0-608c-a7e3-fadcb877ef2c','0a9064ba-711f-5049-9300-c0cc88e1edf7','0','0','0','0',1508468530,1508468530,0),(121,'7bf0abd7-36fc-ef35-ead2-2bcbccb8b2cf','0a9064ba-711f-5049-9300-c0cc88e1edf7','0','0','0','0',1508468623,1508468623,0),(122,'932d9b98-59b7-a7e3-10f5-31d175e4413a','0a9064ba-711f-5049-9300-c0cc88e1edf7','0','0','0','0',1508469636,1508469636,0),(123,'55eef094-9373-44d1-8ebb-fbb0d28bbffe','0a9064ba-711f-5049-9300-c0cc88e1edf7','0','0','0','0',1508469772,1508469772,0),(124,'aa16fe42-d585-9ee1-ce3d-231081876daf','0a9064ba-711f-5049-9300-c0cc88e1edf7','0','0','0','0',1508469913,1508469913,0),(125,'8eb5e73e-89e6-760d-1ba9-f05fe6a8b983','0a9064ba-711f-5049-9300-c0cc88e1edf7','0','0','0','0',1508470176,1508470176,0),(126,'3a67e406-29e8-1e4c-d922-6062f8e4f09b','0a9064ba-711f-5049-9300-c0cc88e1edf7','0','0','0','0',1508470362,1508470362,0),(127,'31a57836-1dc2-1d9a-03d4-4f996b9b1187','0a9064ba-711f-5049-9300-c0cc88e1edf7','0','0','0','0',1508470722,1508470722,0),(128,'982c30c7-ebc7-a797-964e-4669484c5103','0a9064ba-711f-5049-9300-c0cc88e1edf7','0','0','0','0',1508470860,1508470860,0),(129,'05782e51-f174-74e1-f358-91a1011b1daf','0a9064ba-711f-5049-9300-c0cc88e1edf7','0','0','0','0',1508471217,1508471217,0),(130,'118adfb2-b289-da7e-fbe1-f4533181b9d3','0a9064ba-711f-5049-9300-c0cc88e1edf7','0','0','0','0',1508478844,1508478844,0),(131,'3a4d382d-fae8-dc11-0db4-2c214897fa91','0a9064ba-711f-5049-9300-c0cc88e1edf7','0','0','0','0',1508479305,1508479305,0),(132,'b71c1509-6809-e1a5-67e0-b96fe3fec8df','0a9064ba-711f-5049-9300-c0cc88e1edf7','0','0','0','0',1508479953,1508479953,0),(133,'1f83549c-7fb7-4c2a-27e0-0b11cfbd337b','b9d25df4-8e9e-f917-f559-4872db0b9ea6','2','0','0','1',1508482042,1508483972,0),(135,'c8b8ca3f-5716-573b-cfbc-78620ea5a18e','16e1481c-86e7-b9a5-e707-a1b2cdf766c3','0','0','0','0',1508488228,1508488228,0),(138,'ec685e49-3456-6a37-8220-be6bb35868ae','bf670625-f384-b056-fab9-4c3f45314aa2','2','0','0','0',1508572846,1508572846,0),(139,'7d081b3c-1c59-b827-d71a-561c58db5a87','501969d6-b26d-bb2d-29e3-5264a923def9','2','0','0','1',1508587333,1508593999,0),(140,'c8b8ca3f-5716-573b-cfbc-78620ea5a18e','501969d6-b26d-bb2d-29e3-5264a923def9','2','0','0','0',1508587372,1508587372,0),(141,'7d081b3c-1c59-b827-d71a-561c58db5a87','0f584f9c-befb-a17e-b205-765cd7efde33','2','0','0','1',1508639157,1508639194,0),(142,'7d081b3c-1c59-b827-d71a-561c58db5a87','16e1481c-86e7-b9a5-e707-a1b2cdf766c3','2','0','0','1',1508639547,1508655869,0),(143,'7d081b3c-1c59-b827-d71a-561c58db5a87','3e0b1448-7562-48cc-f885-3986a3bee7fa','2','0','0','1',1508723654,1508723984,0),(144,'8321ad0b-7e93-2cc4-9db0-4032432e170d','0f584f9c-befb-a17e-b205-765cd7efde33','2','0','0','1',1508745781,1508745801,0),(145,'58d153d9-1702-e225-7cbc-59a453386bca','3e0b1448-7562-48cc-f885-3986a3bee7fa','2','0','0','1',1508825585,1509333048,0),(149,'038e8181-d58c-2a87-4c6b-8b3eb7ef354e','9175a40c-31f2-bbec-2134-27935378cf65','0','0','0','0',1508894482,1508894482,0),(150,'8f5aa4d9-7249-9515-80a9-ee8839a5db12','0a9064ba-711f-5049-9300-c0cc88e1edf7','2','0','0','1',1508919590,1509000545,0),(151,'c95134b4-83d5-ce44-6e79-c3273f807e71','c3a9548d-832d-57f2-fdd9-18f9dc397fb5','2','0','2','1',1508920435,1509439617,0),(152,'c95134b4-83d5-ce44-6e79-c3273f807e71','b9d25df4-8e9e-f917-f559-4872db0b9ea6','2','0','0','1',1508980443,1509613354,0),(153,'d4cad79d-6d01-8548-d4f2-86323314cbeb','0f584f9c-befb-a17e-b205-765cd7efde33','0','0','0','0',1508980829,1508980829,0),(154,'d4cad79d-6d01-8548-d4f2-86323314cbeb','b9d25df4-8e9e-f917-f559-4872db0b9ea6','2','0','0','1',1508981196,1509334900,0),(155,'c95134b4-83d5-ce44-6e79-c3273f807e71','0a9064ba-711f-5049-9300-c0cc88e1edf7','2','0','0','1',1508983078,1509013666,0),(156,'d4cad79d-6d01-8548-d4f2-86323314cbeb','c3a9548d-832d-57f2-fdd9-18f9dc397fb5','2','0','0','1',1508996949,1509430591,0),(157,'1f83549c-7fb7-4c2a-27e0-0b11cfbd337b','3e0b1448-7562-48cc-f885-3986a3bee7fa','2','0','0','1',1509013309,1509326282,0),(158,'8f5aa4d9-7249-9515-80a9-ee8839a5db12','026d27a6-eb7e-2688-a6e4-2f3199fce4ef','2','0','0','0',1509023261,1509023261,0),(159,'ec685e49-3456-6a37-8220-be6bb35868ae','5ebb9e8c-78ee-ffcc-1212-66411a91bf23','2','0','0','0',1509023262,1509023262,0),(160,'d4cad79d-6d01-8548-d4f2-86323314cbeb','0a9064ba-711f-5049-9300-c0cc88e1edf7','2','0','0','1',1509096183,1509518341,0),(161,'d4cad79d-6d01-8548-d4f2-86323314cbeb','3e0b1448-7562-48cc-f885-3986a3bee7fa','2','0','0','1',1509096231,1509521900,0),(162,'d4cad79d-6d01-8548-d4f2-86323314cbeb','16e1481c-86e7-b9a5-e707-a1b2cdf766c3','2','0','0','1',1509355328,1509507895,0),(163,'c95134b4-83d5-ce44-6e79-c3273f807e71','0f584f9c-befb-a17e-b205-765cd7efde33','2','0','0','1',1509415541,1509415574,0),(164,'58d153d9-1702-e225-7cbc-59a453386bca','0f584f9c-befb-a17e-b205-765cd7efde33','2','0','0','1',1509433365,1509433394,0),(165,'0627d56d-cc04-49ec-874f-0d4f19896c44','0a9064ba-711f-5049-9300-c0cc88e1edf7','0','0','0','0',1509602772,1509602772,0),(166,'7d04569a-e7e0-a3e4-920c-d70d9ddfc3e6','0a9064ba-711f-5049-9300-c0cc88e1edf7','0','0','0','0',1509607883,1509607883,0),(167,'ec685e49-3456-6a37-8220-be6bb35868ae','1a46a22c-b516-e250-e6e5-ca5ff2a33565','2','0','0','0',1509625588,1509625588,0),(168,'8f5aa4d9-7249-9515-80a9-ee8839a5db12','1a46a22c-b516-e250-e6e5-ca5ff2a33565','2','0','0','0',1509625601,1509625601,0),(170,'8f5aa4d9-7249-9515-80a9-ee8839a5db12','a9870c27-b006-c7b4-8d1f-f1c651b6a8fb','2','0','0','0',1509638565,1509638565,0),(171,'81228af2-63f2-f835-4cb8-373f95009e80','a9870c27-b006-c7b4-8d1f-f1c651b6a8fb','0','0','0','0',1509638802,1509638802,0),(172,'8f5aa4d9-7249-9515-80a9-ee8839a5db12','bf670625-f384-b056-fab9-4c3f45314aa2','2','0','0','1',1509807504,1509807513,0),(173,'a0b5e61b-6e67-1a84-7245-ebd522dcb376','c3a9548d-832d-57f2-fdd9-18f9dc397fb5','0','0','0','0',1509952201,1509952201,0),(175,'76bd6046-ab49-7ed7-e8be-babe32a181bd','c3a9548d-832d-57f2-fdd9-18f9dc397fb5','0','0','0','0',1509953884,1509953884,0),(181,'76bd6046-ab49-7ed7-e8be-babe32a181bd','3e0b1448-7562-48cc-f885-3986a3bee7fa','2','0','0','1',1509954876,1510109789,0),(182,'a0b5e61b-6e67-1a84-7245-ebd522dcb376','0a9064ba-711f-5049-9300-c0cc88e1edf7','2','0','0','1',1509962779,1510154764,0),(183,'2a7861c4-bfe3-cbbd-099c-5efc3b426900','0a9064ba-711f-5049-9300-c0cc88e1edf7','0','0','0','0',1509964728,1509964728,0),(185,'8f5aa4d9-7249-9515-80a9-ee8839a5db12','aab70efb-92e5-7f6c-423f-e3d4e4f5ac83','2','0','0','0',1510030240,1510030240,0),(188,'8f5aa4d9-7249-9515-80a9-ee8839a5db12','13225a3e-f16a-ebb0-450d-3a0a00ade5ca','2','0','0','1',1510030625,1510044830,0),(189,'d14e020f-fe08-5ddb-020f-1fb439342478','16e1481c-86e7-b9a5-e707-a1b2cdf766c3','2','0','0','0',1510032845,1510032845,0),(193,'a39fb9d1-42fb-96e6-9a4a-4e38e85237f6','c3a9548d-832d-57f2-fdd9-18f9dc397fb5','2','0','0','0',1510043095,1510043095,0),(194,'76bd6046-ab49-7ed7-e8be-babe32a181bd','0a9064ba-711f-5049-9300-c0cc88e1edf7','2','0','0','1',1510047615,1510047657,0),(195,'8f5aa4d9-7249-9515-80a9-ee8839a5db12','cb2395b7-7660-7134-85c9-612d4f4c74b5','2','0','0','1',1510107777,1510107787,0),(196,'dff0e9b2-c6cc-0ad0-d6b9-c5e4d0ad9030','c3a9548d-832d-57f2-fdd9-18f9dc397fb5','0','0','0','0',1510124425,1510124425,0),(197,'64f224d1-fd71-01fb-904b-e465308d566b','c3a9548d-832d-57f2-fdd9-18f9dc397fb5','0','0','0','0',1510125181,1510125181,0);

#
# Structure for table "qxd_community_user_record"
#

DROP TABLE IF EXISTS `qxd_community_user_record`;
CREATE TABLE `qxd_community_user_record` (
  `id` int(11) NOT NULL AUTO_INCREMENT,
  `community_id` char(36) NOT NULL DEFAULT '',
  `user_id` char(36) NOT NULL DEFAULT '',
  `type` enum('1','2') NOT NULL DEFAULT '2' COMMENT '关联类型 1 管理员 2 成员',
  `pay` enum('0','1') NOT NULL DEFAULT '0' COMMENT '是否为付费用户 0 否 1 是',
  `join_time` int(11) unsigned NOT NULL DEFAULT '0' COMMENT '加入时间',
  `create_time` int(11) NOT NULL DEFAULT '0' COMMENT '退出时间',
  PRIMARY KEY (`id`)
) ENGINE=InnoDB AUTO_INCREMENT=60 DEFAULT CHARSET=utf8 COMMENT='用户退出行动记录表';

#
# Data for table "qxd_community_user_record"
#

INSERT INTO `qxd_community_user_record` VALUES (2,'5b4a5093-0237-ef6c-eeae-3c0d1b835046','0a9064ba-711f-5049-9300-c0cc88e1edf7','2','0',0,1506389737),(4,'4c129a60-59e2-4ef2-63c2-f2bde7ccca19','0a9064ba-711f-5049-9300-c0cc88e1edf7','2','0',0,1506390127),(5,'892c80b0-750c-0742-c6a4-5c1105285bee','0a9064ba-711f-5049-9300-c0cc88e1edf7','2','0',0,1506390159),(6,'58d153d9-1702-e225-7cbc-59a453386bca','0a9064ba-711f-5049-9300-c0cc88e1edf7','1','0',0,1506390357),(7,'58d153d9-1702-e225-7cbc-59a453386bca','0a9064ba-711f-5049-9300-c0cc88e1edf7','2','0',2017,1506390582),(8,'58d153d9-1702-e225-7cbc-59a453386bca','0a9064ba-711f-5049-9300-c0cc88e1edf7','2','0',1506390671,1506390676),(9,'e20d3eea-4164-01ab-fd23-aa2e93836b09','b9d25df4-8e9e-f917-f559-4872db0b9ea6','2','0',1506390930,1506391009),(10,'58d153d9-1702-e225-7cbc-59a453386bca','b9d25df4-8e9e-f917-f559-4872db0b9ea6','2','0',1506323955,1506391142),(11,'ec685e49-3456-6a37-8220-be6bb35868ae','0f584f9c-befb-a17e-b205-765cd7efde33','2','0',1506408676,1506409259),(12,'c95134b4-83d5-ce44-6e79-c3273f807e71','3e0b1448-7562-48cc-f885-3986a3bee7fa','2','0',1506409167,1506475003),(13,'c95134b4-83d5-ce44-6e79-c3273f807e71','b9d25df4-8e9e-f917-f559-4872db0b9ea6','2','0',1505267942,1506495293),(14,'76826caa-6894-f6b9-3ac3-de33e01879c2','b9d25df4-8e9e-f917-f559-4872db0b9ea6','2','1',0,1506495312),(15,'58d153d9-1702-e225-7cbc-59a453386bca','0f584f9c-befb-a17e-b205-765cd7efde33','2','0',1506596166,1506596187),(16,'a7e3276b-95c7-806f-c6c9-a6d004011c15','16e1481c-86e7-b9a5-e707-a1b2cdf766c3','2','0',1506610854,1506610889),(17,'5f3d274c-0ab9-d9a6-8e5a-4a150f8ba29d','b9d25df4-8e9e-f917-f559-4872db0b9ea6','2','1',1506573437,1506648507),(18,'60470447-7bac-250f-892d-5e72e7987285','16e1481c-86e7-b9a5-e707-a1b2cdf766c3','2','0',1506409475,1507519649),(19,'67ff98d2-677b-fb18-8dad-83a39b2e8766','b9d25df4-8e9e-f917-f559-4872db0b9ea6','2','0',1507606604,1507606681),(20,'c95134b4-83d5-ce44-6e79-c3273f807e71','16e1481c-86e7-b9a5-e707-a1b2cdf766c3','2','0',1508059433,1508059483),(21,'ec685e49-3456-6a37-8220-be6bb35868ae','0f584f9c-befb-a17e-b205-765cd7efde33','2','1',1507708231,1508308639),(22,'523255d2-8de8-3a03-ea11-26c4a0099866','16e1481c-86e7-b9a5-e707-a1b2cdf766c3','2','1',1506409366,1508308765),(23,'ec685e49-3456-6a37-8220-be6bb35868ae','b9d25df4-8e9e-f917-f559-4872db0b9ea6','2','0',1508376664,1508381961),(24,'1f83549c-7fb7-4c2a-27e0-0b11cfbd337b','16e1481c-86e7-b9a5-e707-a1b2cdf766c3','2','0',1508308785,1508405418),(25,'76826caa-6894-f6b9-3ac3-de33e01879c2','16e1481c-86e7-b9a5-e707-a1b2cdf766c3','2','1',1508455221,1508455346),(26,'76826caa-6894-f6b9-3ac3-de33e01879c2','16e1481c-86e7-b9a5-e707-a1b2cdf766c3','2','0',1508464126,1508464135),(27,'76826caa-6894-f6b9-3ac3-de33e01879c2','16e1481c-86e7-b9a5-e707-a1b2cdf766c3','2','0',1508464143,1508464167),(28,'76826caa-6894-f6b9-3ac3-de33e01879c2','b9d25df4-8e9e-f917-f559-4872db0b9ea6','2','0',1508464309,1508464329),(29,'ec685e49-3456-6a37-8220-be6bb35868ae','0f584f9c-befb-a17e-b205-765cd7efde33','2','0',1508377707,1508464353),(30,'ec685e49-3456-6a37-8220-be6bb35868ae','b9d25df4-8e9e-f917-f559-4872db0b9ea6','2','0',1508464426,1508464590),(31,'ec685e49-3456-6a37-8220-be6bb35868ae','b9d25df4-8e9e-f917-f559-4872db0b9ea6','2','0',1508464685,1508464706),(32,'76826caa-6894-f6b9-3ac3-de33e01879c2','16e1481c-86e7-b9a5-e707-a1b2cdf766c3','2','0',1508464181,1508464742),(33,'ec685e49-3456-6a37-8220-be6bb35868ae','b9d25df4-8e9e-f917-f559-4872db0b9ea6','2','1',1508488007,1508488225),(34,'ec685e49-3456-6a37-8220-be6bb35868ae','b9d25df4-8e9e-f917-f559-4872db0b9ea6','2','0',1508488233,1508488354),(35,'ec685e49-3456-6a37-8220-be6bb35868ae','b9d25df4-8e9e-f917-f559-4872db0b9ea6','2','0',1508488640,1508488673),(36,'ec685e49-3456-6a37-8220-be6bb35868ae','bf670625-f384-b056-fab9-4c3f45314aa2','2','1',1506609948,1508572841),(37,'58d153d9-1702-e225-7cbc-59a453386bca','b9d25df4-8e9e-f917-f559-4872db0b9ea6','2','0',1508832877,1508832907),(38,'58d153d9-1702-e225-7cbc-59a453386bca','b9d25df4-8e9e-f917-f559-4872db0b9ea6','2','1',1508833003,1508833465),(39,'76826caa-6894-f6b9-3ac3-de33e01879c2','16e1481c-86e7-b9a5-e707-a1b2cdf766c3','2','0',1508464746,1508991970),(40,'a7e3276b-95c7-806f-c6c9-a6d004011c15','16e1481c-86e7-b9a5-e707-a1b2cdf766c3','2','1',1508134233,1508991985),(41,'91a3292d-b171-086e-a1db-328dbfdb096f','16e1481c-86e7-b9a5-e707-a1b2cdf766c3','2','0',1506610802,1508991997),(42,'892c80b0-750c-0742-c6a4-5c1105285bee','13225a3e-f16a-ebb0-450d-3a0a00ade5ca','2','1',1506323531,1509612388),(43,'67ff98d2-677b-fb18-8dad-83a39b2e8766','13225a3e-f16a-ebb0-450d-3a0a00ade5ca','2','0',1507797083,1509612401),(44,'5e539f48-231e-7eb5-145c-646da24ae942','13225a3e-f16a-ebb0-450d-3a0a00ade5ca','2','1',1506581436,1509612418),(45,'8f5aa4d9-7249-9515-80a9-ee8839a5db12','a9870c27-b006-c7b4-8d1f-f1c651b6a8fb','2','0',1509638321,1509638563),(46,'76bd6046-ab49-7ed7-e8be-babe32a181bd','3e0b1448-7562-48cc-f885-3986a3bee7fa','2','0',1509954004,1509954122),(47,'a0b5e61b-6e67-1a84-7245-ebd522dcb376','3e0b1448-7562-48cc-f885-3986a3bee7fa','2','0',1509953647,1509954132),(48,'a0b5e61b-6e67-1a84-7245-ebd522dcb376','3e0b1448-7562-48cc-f885-3986a3bee7fa','2','0',1509954315,1509954322),(49,'a0b5e61b-6e67-1a84-7245-ebd522dcb376','3e0b1448-7562-48cc-f885-3986a3bee7fa','2','0',1509954684,1509954819),(50,'76bd6046-ab49-7ed7-e8be-babe32a181bd','3e0b1448-7562-48cc-f885-3986a3bee7fa','2','0',1509954329,1509954831),(51,'76bd6046-ab49-7ed7-e8be-babe32a181bd','3e0b1448-7562-48cc-f885-3986a3bee7fa','2','0',1509954833,1509954839),(52,'a39fb9d1-42fb-96e6-9a4a-4e38e85237f6','c3a9548d-832d-57f2-fdd9-18f9dc397fb5','2','1',1508833021,1510030570),(53,'a39fb9d1-42fb-96e6-9a4a-4e38e85237f6','c3a9548d-832d-57f2-fdd9-18f9dc397fb5','2','0',1510030572,1510030581),(54,'8f5aa4d9-7249-9515-80a9-ee8839a5db12','13225a3e-f16a-ebb0-450d-3a0a00ade5ca','2','0',1510030172,1510030618),(55,'a39fb9d1-42fb-96e6-9a4a-4e38e85237f6','c3a9548d-832d-57f2-fdd9-18f9dc397fb5','2','0',1510030586,1510042624),(56,'a39fb9d1-42fb-96e6-9a4a-4e38e85237f6','c3a9548d-832d-57f2-fdd9-18f9dc397fb5','2','0',1510042633,1510043043),(57,'a39fb9d1-42fb-96e6-9a4a-4e38e85237f6','c3a9548d-832d-57f2-fdd9-18f9dc397fb5','2','0',1510043054,1510043072),(58,'ec685e49-3456-6a37-8220-be6bb35868ae','0f584f9c-befb-a17e-b205-765cd7efde33','2','0',1508464365,1510047264),(59,'6bbad53c-f230-5f6d-56ae-7717d7ffe2c5','16e1481c-86e7-b9a5-e707-a1b2cdf766c3','2','1',1510032921,1510139369);

#
# Structure for table "qxd_execution"
#

DROP TABLE IF EXISTS `qxd_execution`;
CREATE TABLE `qxd_execution` (
  `id` int(11) NOT NULL AUTO_INCREMENT,
  `user_id` char(36) NOT NULL DEFAULT '',
  `task_id` char(36) NOT NULL DEFAULT '' COMMENT '任务ID',
  `act_plan_id` char(36) NOT NULL DEFAULT '' COMMENT '冗余字段：社群ID',
  `execution` int(11) NOT NULL DEFAULT '0' COMMENT '行动力值',
  `create_time` int(11) NOT NULL DEFAULT '0',
  `update_time` int(11) NOT NULL DEFAULT '0',
  PRIMARY KEY (`id`),
  KEY `user_id` (`user_id`,`task_id`,`act_plan_id`,`execution`)
) ENGINE=InnoDB DEFAULT CHARSET=utf8 COMMENT='行动力记录表';

#
# Data for table "qxd_execution"
#


#
# Structure for table "qxd_execution_record"
#

DROP TABLE IF EXISTS `qxd_execution_record`;
CREATE TABLE `qxd_execution_record` (
  `Id` int(11) NOT NULL AUTO_INCREMENT,
  PRIMARY KEY (`Id`)
) ENGINE=InnoDB DEFAULT CHARSET=utf8 COMMENT='行动力积累表';

#
# Data for table "qxd_execution_record"
#


#
# Structure for table "qxd_income_expenses"
#

DROP TABLE IF EXISTS `qxd_income_expenses`;
CREATE TABLE `qxd_income_expenses` (
  `id` int(11) NOT NULL AUTO_INCREMENT,
  `act_plan_id` char(36) NOT NULL DEFAULT '' COMMENT '行动计划ID',
  `order_no` varchar(20) NOT NULL COMMENT '订单号',
  `fee` decimal(10,2) NOT NULL DEFAULT '0.00' COMMENT '消费金额',
  `name` varchar(255) NOT NULL DEFAULT '' COMMENT '计划名称',
  `create_time` int(11) NOT NULL DEFAULT '0',
  `update_time` int(11) NOT NULL DEFAULT '0',
  PRIMARY KEY (`id`),
  UNIQUE KEY `order_no` (`order_no`),
  KEY `act_plan_id` (`act_plan_id`)
) ENGINE=InnoDB AUTO_INCREMENT=165 DEFAULT CHARSET=utf8 COMMENT='收支明细交易表';

#
# Data for table "qxd_income_expenses"
#

INSERT INTO `qxd_income_expenses` VALUES (11,'185b6957-3732-3ca0-3b96-8fd9a7295363','A901620085576844',1.99,'行动计划名称',1504262008,1504262008),(12,'185b6957-3732-3ca0-3b96-8fd9a7295363','A901620624007858',1.99,'行动计划名称',1504262062,1504262062),(13,'b890bdde-48f4-28d9-6f24-3791b32a986e','A907505704780862',19.00,'行动计划002',1504750570,1504750570),(14,'4db41cdd-ee87-54a9-9864-4c0efb4237e2','A907638878415470',19.00,'行动计划003',1504763887,1504763887),(15,'0f6f6fba-c7ab-a432-d47a-0ff04b75a972','A907800616973137',19.00,'行动计划004',1504780061,1504780061),(16,'b885ed62-8eaa-6b98-213d-30ef17e2f189','A907804255607868',19.00,'行动计划002',1504780425,1504780425),(17,'b885ed62-8eaa-6b98-213d-30ef17e2f189','A908681166925343',19.00,'行动计划002',1504868116,1504868116),(18,'b885ed62-8eaa-6b98-213d-30ef17e2f189','A912013108395671',19.00,'行动计划002',1505201310,1505201310),(19,'4db41cdd-ee87-54a9-9864-4c0efb4237e2','A921648542750787',19.00,'行动计划003',1505964854,1505964854),(20,'0f6f6fba-c7ab-a432-d47a-0ff04b75a972','A921649018062661',19.00,'行动计划004',1505964901,1505964901),(21,'e059d9f5-0b98-1a68-dd19-70e19c83da87','A921649809560402',45.00,'这是第三个行动计划',1505964980,1505964980),(22,'9425baea-cf1d-5bb5-203a-91f72fcd18fd','A921650005626128',45.00,'这是第五个行动计划',1505965000,1505965000),(24,'185b6957-3732-3ca0-3b96-8fd9a7295363','A921652276141542',20.00,'行动计划001',1505965227,1505965227),(25,'b885ed62-8eaa-6b98-213d-30ef17e2f189','A921652929017391',19.00,'行动计划002',1505965292,1505965292),(26,'f53c4e29-43f7-80a3-e5c5-36606a0725a1','A927793531312297',45.00,'这是第八个行动计划',1506479353,1506479353),(27,'f2c7eaa1-3a19-ec2c-0077-a8bb9dca9bb3','A927795619823617',45.00,'这是第七个行动计划',1506479562,1506479562),(28,'ef9c7602-db5d-5a87-b2d8-137a71632563','A927964751075581',45.00,'这是第二个行动计划',1506496475,1506496475),(29,'2eab278c-a0fd-b21f-3cbb-262a928ce51f','A927986797381602',45.00,'这是第四个行动计划',1506498679,1506498679),(39,'503025f3-04d9-2d41-3d57-e18a662b443a','A928621468747832',45.00,'竖着耳朵的兔子',1506562146,1506562146),(40,'6d68daf3-4f26-5b4c-229b-9907453a8781','A928621824998694',48.00,'这是从编辑页面过来的',1506562182,1506562182),(41,'aee0a494-0b37-0291-276e-7ec55f430c9b','A928739985968286',49.00,'季默',1506573998,1506573998),(42,'9360c704-5532-9ab2-812a-814b45f40e91','A928740389988911',48.00,'门诊量',1506574039,1506574039),(43,'503025f3-04d9-2d41-3d57-e18a662b443a','A928741630935379',45.00,'竖着耳朵的兔子',1506574163,1506574163),(44,'f03b0eb6-245d-d349-5f61-d0f966fd90ce','A928748030418629',46.00,'哦哟哟',1506574803,1506574803),(45,'cc3c26eb-fe84-78c2-4ef6-d5bcb512a033','A928749288050829',45.00,'哦哟阿德莱德',1506574928,1506574928),(46,'d5dd2511-4020-6fc5-175b-ed02ecc88d86','A928750526253951',39.00,'魔图',1506575052,1506575052),(47,'c8b749ba-86bf-deaa-82a4-59dc7db14975','A928801190045040',20.00,'这个性感又很快速发展',1506580119,1506580119),(48,'d5d1eb94-bebd-1f2f-bf31-23e1616f935e','A928811853994052',45.00,'强调节能够意思吧唧',1506581185,1506581185),(49,'6d68daf3-4f26-5b4c-229b-9907453a8781','A928812465481917',48.00,'这是从编辑页面过来的',1506581246,1506581246),(50,'503025f3-04d9-2d41-3d57-e18a662b443a','A928812562238021',45.00,'竖着耳朵的兔子',1506581256,1506581256),(51,'69b6961c-d4f8-754a-1b3b-68277d8db3a0','A928812657178311',33.00,'是啊他用来吧',1506581265,1506581265),(52,'a88b4fc0-0652-d590-a162-4574de7b903d','A928814065095328',45.00,'这是第一个行动计划',1506581406,1506581406),(53,'d5d1eb94-bebd-1f2f-bf31-23e1616f935e','A928814490044205',45.00,'强调节能够意思吧唧',1506581449,1506581449),(54,'d5d1eb94-bebd-1f2f-bf31-23e1616f935e','A928814520219568',45.00,'强调节能够意思吧唧',1506581452,1506581452),(55,'d5d1eb94-bebd-1f2f-bf31-23e1616f935e','A928942743935386',45.00,'强调节能够意思吧唧',1506594274,1506594274),(56,'7683c426-100a-8ba0-aec7-6377c0d997fc','A928943665313067',40.00,'感又很快速发展',1506594366,1506594366),(57,'6d68daf3-4f26-5b4c-229b-9907453a8781','A928943964925460',48.00,'这是从编辑页面过来的',1506594396,1506594396),(58,'705fb4c8-2542-b5c9-1205-e43ba6fa4e69','A928944149674673',45.00,'为你来自拍拍屁股份',1506594414,1506594414),(59,'6898ecc5-cb5b-c7cd-0cfc-79706b8a5473','A928950744003072',43.00,'魔肚肚疼的',1506595074,1506595074),(60,'fad07257-cbc7-ca58-c5f4-502c387cd2f0','A928952302924158',43.00,'物语',1506595230,1506595230),(61,'9b047d08-5096-6a4e-2603-7629673c3bf2','A928962232842488',49.00,'行动eurifjsaj',1506596223,1506596223),(62,'80e0efd0-7232-cd54-72fd-57b6811cb81f','A928078289734211',1.00,'第一个社群的第一个',1506607828,1506607828),(63,'80e0efd0-7232-cd54-72fd-57b6811cb81f','A928114510973281',1.00,'第一个社群的第一个',1506611451,1506611451),(64,'8e53a120-c0cc-dde6-9cfe-e52ec40723b4','A929484314746155',33.00,'托管我啥事都没有',1506648431,1506648431),(65,'8b93f5b0-927f-f4fb-0696-547bf81548a2','A929620289768518',30.00,'111',1506662028,1506662028),(66,'4cca7506-c80d-8311-281f-158a3fe74346','A929639369219102',20.00,'222',1506663936,1506663936),(67,'a88b4fc0-0652-d590-a162-4574de7b903d','AA10222676468486',45.00,'这是第一个行动计划',1507622267,1507622267),(68,'69a7e45a-fedd-649c-b075-645bb79cec4d','AA10416853628592',5.00,'先随便搞个别弹窗了',1507641685,1507641685),(69,'69b6961c-d4f8-754a-1b3b-68277d8db3a0','AA11914208776215',33.00,'是啊他用来吧',1507691420,1507691420),(70,'d400d687-795f-e3eb-caa4-e3401f4bc348','AA11029423020141',1.00,'这些',1507702942,1507702942),(71,'4ca6236d-d2e9-dd27-24b2-6f02459cbbe8','AA11031088537042',1.00,'界面剂',1507703108,1507703108),(72,'e4162903-c02c-3690-04b6-43234093607c','AA11041507728643',1.00,'孔雀东南飞',1507704150,1507704150),(73,'80e0efd0-7232-cd54-72fd-57b6811cb81f','AA11082665958995',1.00,'第一个社群的第一个',1507708266,1507708266),(74,'186e78c3-d884-40b0-5b4b-87991525f143','AA11115733938257',2.00,'2222',1507711573,1507711573),(75,'d5d1eb94-bebd-1f2f-bf31-23e1616f935e','AA12972714293327',45.00,'强调节能够意思吧唧',1507797271,1507797271),(76,'d5d1eb94-bebd-1f2f-bf31-23e1616f935e','AA12991081869215',45.00,'强调节能够意思吧唧',1507799108,1507799108),(77,'c8b749ba-86bf-deaa-82a4-59dc7db14975','AA13623026729124',20.00,'这个性感又很快速发展',1507862302,1507862302),(78,'7683c426-100a-8ba0-aec7-6377c0d997fc','AA13623498125088',40.00,'感又很快速发展',1507862349,1507862349),(79,'e18ce753-d466-1234-5f23-7ef5b16bbdef','AA13651477861534',20.00,'444',1507865147,1507865147),(80,'627066d0-b85e-b929-369d-767e5e99d45c','AA13651697112228',33.00,'333',1507865169,1507865169),(81,'d400d687-795f-e3eb-caa4-e3401f4bc348','AA13653297304402',1.00,'这些',1507865329,1507865329),(82,'6a7a3466-99be-d490-393b-862199fff6a4','AA16182270909392',1.00,'行动计划12223',1508118227,1508118227),(83,'728162a2-06b2-0053-7c30-d0a7e1350d7c','AA16183342177469',40.00,'qazwsxfs',1508118334,1508118334),(84,'6a7a3466-99be-d490-393b-862199fff6a4','AA16383199597525',1.00,'行动计划12223',1508138319,1508138319),(85,'9b047d08-5096-6a4e-2603-7629673c3bf2','AA16384135817150',49.00,'行动eurifjsaj',1508138413,1508138413),(86,'6a7a3466-99be-d490-393b-862199fff6a4','AA16385277594038',1.00,'行动计划12223',1508138527,1508138527),(87,'194d762c-b1c4-1a41-94cb-249da58a1378','AA16386786817200',1.00,'1016',1508138678,1508138678),(88,'194d762c-b1c4-1a41-94cb-249da58a1378','AA16387332957241',1.00,'1016',1508138733,1508138733),(89,'194d762c-b1c4-1a41-94cb-249da58a1378','AA16442111319841',1.00,'1016',1508144211,1508144211),(90,'6a7a3466-99be-d490-393b-862199fff6a4','AA16594526410152',1.00,'行动计划12223',1508159452,1508159452),(91,'9b047d08-5096-6a4e-2603-7629673c3bf2','AA16596959789480',49.00,'行动eurifjsaj',1508159695,1508159695),(92,'6a7a3466-99be-d490-393b-862199fff6a4','AA16597413594267',1.00,'行动计划12223',1508159741,1508159741),(93,'69a7e45a-fedd-649c-b075-645bb79cec4d','AA17260453207512',5.00,'先随便搞个别弹窗了',1508226045,1508226045),(94,'80e0efd0-7232-cd54-72fd-57b6811cb81f','AA18120884337780',1.00,'第一个社群的第一个',1508312088,1508312088),(95,'185b6957-3732-3ca0-3b96-8fd9a7295363','AA20552819866529',20.00,'行动计划001',1508455281,1508455281),(96,'80e0efd0-7232-cd54-72fd-57b6811cb81f','AA20701416316615',1.00,'第一个社群的第一个',1508470141,1508470141),(97,'69a7e45a-fedd-649c-b075-645bb79cec4d','AA20819902257314',5.00,'先随便搞个别弹窗了',1508481990,1508481990),(98,'66ab003d-e034-25d1-265d-d5e61fd5536f','AA20839192677879',1.00,'测试任务的社群',1508483919,1508483919),(99,'e71e2036-6d73-5aa4-471f-df9c2d1d1bcf','AA20839724895485',1.00,'测试的社群2',1508483972,1508483972),(100,'80e0efd0-7232-cd54-72fd-57b6811cb81f','AA20880500576371',1.00,'第一个社群的第一个',1508488050,1508488050),(101,'80e0efd0-7232-cd54-72fd-57b6811cb81f','AA21874762174511',1.00,'第一个社群的第一个',1508587476,1508587476),(102,'f7727250-7fa5-6898-1baf-fb31052cbd67','AA21939997440393',30.00,'一天一点思维游戏',1508593999,1508593999),(103,'f7727250-7fa5-6898-1baf-fb31052cbd67','AA22391942175184',30.00,'一天一点思维游戏',1508639194,1508639194),(104,'f7727250-7fa5-6898-1baf-fb31052cbd67','AA22558699185055',30.00,'一天一点思维游戏',1508655869,1508655869),(105,'0b5c4926-860f-3c9c-f7dc-196937ecbced','AA23239848853661',29.00,'为你读诗',1508723984,1508723984),(106,'5294c02e-6f7c-de8d-6b83-754809954c7e','AA23458013115202',49.00,'三个月轻松玩转儿童简笔画',1508745801,1508745801),(107,'80e0efd0-7232-cd54-72fd-57b6811cb81f','AA23702514048090',1.00,'第一个社群的第一个',1508770251,1508770251),(108,'705fb4c8-2542-b5c9-1205-e43ba6fa4e69','AA23708114919045',45.00,'为你来自拍拍屁股份',1508770811,1508770811),(109,'9b047d08-5096-6a4e-2603-7629673c3bf2','AA24322339683836',49.00,'行动eurifjsaj',1508832233,1508832233),(110,'8b93f5b0-927f-f4fb-0696-547bf81548a2','AA24323397282930',30.00,'111',1508832339,1508832339),(111,'b9819e90-164e-4728-1729-0a2683d27359','AA24332268852555',1.00,'qwertyy',1508833226,1508833226),(112,'48e7eb69-8b48-3ca2-e575-836db28c5256','AA24332358497769',1.00,'计划一',1508833235,1508833235),(113,'ce71f10a-fe5d-ed75-f49f-c61ca56536df','AA24332515121521',5.00,'计划二',1508833251,1508833251),(114,'bace4a01-49da-ebc1-1057-b5be052e2d9f','AA24332640509060',1.00,'计划三',1508833264,1508833264),(115,'48e7eb69-8b48-3ca2-e575-836db28c5256','AA24342215768403',1.00,'计划一',1508834221,1508834221),(116,'b9819e90-164e-4728-1729-0a2683d27359','AA25973788918838',1.00,'qwertyy',1508897378,1508897378),(117,'98272263-0337-dc22-1e8f-f14951683dbd','AA25204449187325',1.00,'1111',1508920444,1508920444),(118,'b882428e-e2c9-5cd2-10d3-6842a67daf0b','AA25234494027899',1.00,'222',1508923449,1508923449),(119,'323c8ea3-1955-566d-d8a8-e17839bf61e0','AA25234613147369',1.00,'3',1508923461,1508923461),(120,'0fc1011e-9baf-0360-4c27-6489c2740589','AA25253619793439',1.00,'4',1508925361,1508925361),(121,'98272263-0337-dc22-1e8f-f14951683dbd','AA26816561152789',1.00,'1111',1508981656,1508981656),(122,'323c8ea3-1955-566d-d8a8-e17839bf61e0','AA26987896900433',1.00,'3',1508998789,1508998789),(123,'0fc1011e-9baf-0360-4c27-6489c2740589','AA26988313838999',1.00,'4',1508998831,1508998831),(124,'323c8ea3-1955-566d-d8a8-e17839bf61e0','AA26998525683573',1.00,'3',1508999852,1508999852),(125,'67342c86-f436-a536-0be6-4e99b43eb66a','AA26005454795534',1.00,'第一个行动计划',1509000545,1509000545),(126,'98272263-0337-dc22-1e8f-f14951683dbd','AA26055785051191',1.00,'1111',1509005578,1509005578),(127,'e71e2036-6d73-5aa4-471f-df9c2d1d1bcf','AA26133239539978',1.00,'测试的社群2',1509013323,1509013323),(128,'b882428e-e2c9-5cd2-10d3-6842a67daf0b','AA26136664985073',1.00,'222',1509013666,1509013666),(129,'b882428e-e2c9-5cd2-10d3-6842a67daf0b','AA27859365291552',1.00,'222',1509085936,1509085936),(130,'47804edb-3cd8-d788-6234-bb4b7ef83482','AA27961917273585',1.00,'普通2',1509096191,1509096191),(131,'b9d5b618-4349-af90-4151-567715d9639c','AA27962379691484',1.00,'俩2',1509096237,1509096237),(132,'66ab003d-e034-25d1-265d-d5e61fd5536f','AA30262823897542',1.00,'测试任务的社群',1509326282,1509326282),(133,'57818010-8294-465f-7c52-1778ad775f24','AA30262969607010',1.00,'俩1',1509326296,1509326296),(134,'2b367999-f19d-fe14-6070-59cb341bc950','AA30271123964962',1.00,'普通1',1509327112,1509327112),(135,'57818010-8294-465f-7c52-1778ad775f24','AA30286335229553',1.00,'俩1',1509328633,1509328633),(136,'2b367999-f19d-fe14-6070-59cb341bc950','AA30288047957173',1.00,'普通1',1509328804,1509328804),(137,'47804edb-3cd8-d788-6234-bb4b7ef83482','AA30315730031763',1.00,'普通2',1509331573,1509331573),(138,'3f5159cb-9ca7-ab7d-b1a5-08011b3ac4b4','AA30330488661436',1.00,'111',1509333048,1509333048),(139,'57818010-8294-465f-7c52-1778ad775f24','AA30349006122630',1.00,'俩1',1509334900,1509334900),(140,'2b367999-f19d-fe14-6070-59cb341bc950','AA30450591608385',1.00,'普通1',1509345059,1509345059),(141,'728162a2-06b2-0053-7c30-d0a7e1350d7c','AA30518228879263',40.00,'qazwsxfs',1509351822,1509351822),(142,'57818010-8294-465f-7c52-1778ad775f24','AA30569394139077',1.00,'俩1',1509356939,1509356939),(143,'98272263-0337-dc22-1e8f-f14951683dbd','AA31155739278627',1.00,'1111',1509415573,1509415573),(144,'b0b25ecb-bc0b-69e8-3fe8-d8e616b5c8ea','AA31219098306434',5.00,'俩4',1509421909,1509421909),(145,'b9d5b618-4349-af90-4151-567715d9639c','AA31305911655454',1.00,'俩2',1509430591,1509430591),(146,'3f5159cb-9ca7-ab7d-b1a5-08011b3ac4b4','AA31333939839300',1.00,'111',1509433393,1509433393),(147,'2b367999-f19d-fe14-6070-59cb341bc950','AB01999827996680',1.00,'普通1',1509499982,1509499982),(148,'2b367999-f19d-fe14-6070-59cb341bc950','AB01075336227433',1.00,'普通1',1509507533,1509507533),(149,'47804edb-3cd8-d788-6234-bb4b7ef83482','AB01078954150283',1.00,'普通2',1509507895,1509507895),(150,'1c0e7e6b-ab03-6fe3-5304-594258140f0e','AB01157573908381',1.00,'俩3',1509515757,1509515757),(151,'1c0e7e6b-ab03-6fe3-5304-594258140f0e','AB01183412466948',1.00,'俩3',1509518341,1509518341),(152,'b9d5b618-4349-af90-4151-567715d9639c','AB01191485029372',1.00,'俩2',1509519148,1509519148),(153,'b0b25ecb-bc0b-69e8-3fe8-d8e616b5c8ea','AB01219005073744',5.00,'俩4',1509521900,1509521900),(154,'67342c86-f436-a536-0be6-4e99b43eb66a','AB04075136000420',1.00,'第一个行动计划',1509807513,1509807513),(155,'c8b749ba-86bf-deaa-82a4-59dc7db14975','AB06483137315776',20.00,'这个性感又很快速发展',1509948313,1509948313),(156,'d400d687-795f-e3eb-caa4-e3401f4bc348','AB06517172068678',1.00,'修改一下',1509951717,1509951717),(157,'7f5e895d-5a2e-8e23-5af7-5a170be636d0','AB07329823749835',1.00,'哈哈哈哈哈哈',1510032982,1510032982),(158,'67342c86-f436-a536-0be6-4e99b43eb66a','AB07448306749636',1.00,'第一个行动计划',1510044830,1510044830),(159,'80e0efd0-7232-cd54-72fd-57b6811cb81f','AB07473273020742',1.00,'第一个社群的第一个',1510047327,1510047327),(160,'67342c86-f436-a536-0be6-4e99b43eb66a','AB07475402879883',1.00,'第一个行动计划',1510047540,1510047540),(161,'4be7bb3b-cb10-673b-87cd-af75a678ba3b','AB07476573281084',1.00,'哦吼',1510047657,1510047657),(162,'67342c86-f436-a536-0be6-4e99b43eb66a','AB08077875484484',1.00,'第一个行动计划',1510107787,1510107787),(163,'4be7bb3b-cb10-673b-87cd-af75a678ba3b','AB08097890216458',1.00,'哦吼',1510109789,1510109789),(164,'f1318988-2886-002f-631f-8fb594d7fd88','AB08547646399064',1.00,'啦啦啦',1510154764,1510154764);

#
# Structure for table "qxd_income_expenses_user"
#

DROP TABLE IF EXISTS `qxd_income_expenses_user`;
CREATE TABLE `qxd_income_expenses_user` (
  `id` int(11) NOT NULL AUTO_INCREMENT,
  `user_id` char(36) NOT NULL DEFAULT '' COMMENT '用户ID',
  `ie_id` int(11) unsigned DEFAULT '0' COMMENT '收支明细表ID',
  `type` enum('0','1') NOT NULL DEFAULT '0' COMMENT '0 支出 1 收入',
  `create_time` int(10) NOT NULL DEFAULT '0' COMMENT '交易时间',
  PRIMARY KEY (`id`),
  KEY `user_id` (`user_id`,`type`,`ie_id`)
) ENGINE=InnoDB AUTO_INCREMENT=315 DEFAULT CHARSET=utf8 COMMENT='收支对应用户表';

#
# Data for table "qxd_income_expenses_user"
#

INSERT INTO `qxd_income_expenses_user` VALUES (17,'0a9064ba-711f-5049-9300-c0cc88e1edf7',11,'0',1504262008),(18,'cb2395b7-7660-7134-85c9-612d4f4c74b5',11,'1',1504262009),(19,'0a9064ba-711f-5049-9300-c0cc88e1edf7',12,'0',1504262062),(20,'cb2395b7-7660-7134-85c9-612d4f4c74b5',12,'1',1504262063),(21,'0a9064ba-711f-5049-9300-c0cc88e1edf7',13,'0',1504750570),(22,'cb2395b7-7660-7134-85c9-612d4f4c74b5',13,'1',1504750571),(23,'0a9064ba-711f-5049-9300-c0cc88e1edf7',14,'0',1504763888),(24,'cb2395b7-7660-7134-85c9-612d4f4c74b5',14,'1',1504763888),(25,'0a9064ba-711f-5049-9300-c0cc88e1edf7',15,'0',1404780061),(26,'cb2395b7-7660-7134-85c9-612d4f4c74b5',15,'1',1504780062),(27,'0a9064ba-711f-5049-9300-c0cc88e1edf7',16,'0',1504780425),(28,'cb2395b7-7660-7134-85c9-612d4f4c74b5',16,'1',1504780426),(29,'0a9064ba-711f-5049-9300-c0cc88e1edf7',17,'0',1504868117),(30,'cb2395b7-7660-7134-85c9-612d4f4c74b5',17,'1',1504868117),(31,'0a9064ba-711f-5049-9300-c0cc88e1edf7',18,'0',1505201311),(32,'cb2395b7-7660-7134-85c9-612d4f4c74b5',18,'1',1505201311),(33,'b9d25df4-8e9e-f917-f559-4872db0b9ea6',19,'0',1505964854),(34,'cb2395b7-7660-7134-85c9-612d4f4c74b5',19,'1',1505964854),(35,'b9d25df4-8e9e-f917-f559-4872db0b9ea6',20,'0',1505964901),(36,'cb2395b7-7660-7134-85c9-612d4f4c74b5',20,'1',1505964901),(37,'b9d25df4-8e9e-f917-f559-4872db0b9ea6',21,'0',1505964980),(38,'3e0b1448-7562-48cc-f885-3986a3bee7fa',21,'1',1505964980),(39,'b9d25df4-8e9e-f917-f559-4872db0b9ea6',22,'0',1505965000),(40,'3e0b1448-7562-48cc-f885-3986a3bee7fa',22,'1',1505965000),(42,'b9d25df4-8e9e-f917-f559-4872db0b9ea6',24,'0',1505965227),(43,'cb2395b7-7660-7134-85c9-612d4f4c74b5',24,'1',1505965227),(44,'b9d25df4-8e9e-f917-f559-4872db0b9ea6',25,'0',1505965292),(45,'cb2395b7-7660-7134-85c9-612d4f4c74b5',25,'1',1505965292),(46,'0a9064ba-711f-5049-9300-c0cc88e1edf7',26,'0',1506479353),(47,'3e0b1448-7562-48cc-f885-3986a3bee7fa',26,'1',1506479353),(48,'0a9064ba-711f-5049-9300-c0cc88e1edf7',27,'0',1506479562),(49,'3e0b1448-7562-48cc-f885-3986a3bee7fa',27,'1',1506479562),(50,'b9d25df4-8e9e-f917-f559-4872db0b9ea6',28,'0',1506496475),(51,'3e0b1448-7562-48cc-f885-3986a3bee7fa',28,'1',1506496475),(52,'b9d25df4-8e9e-f917-f559-4872db0b9ea6',29,'0',1506498679),(53,'3e0b1448-7562-48cc-f885-3986a3bee7fa',29,'1',1506498679),(63,'3e0b1448-7562-48cc-f885-3986a3bee7fa',39,'0',1506562146),(64,'b9d25df4-8e9e-f917-f559-4872db0b9ea6',39,'1',1506562146),(65,'3e0b1448-7562-48cc-f885-3986a3bee7fa',40,'0',1506562182),(66,'b9d25df4-8e9e-f917-f559-4872db0b9ea6',40,'1',1506562182),(67,'b9d25df4-8e9e-f917-f559-4872db0b9ea6',41,'0',1506573998),(68,'0f584f9c-befb-a17e-b205-765cd7efde33',41,'1',1506573998),(69,'b9d25df4-8e9e-f917-f559-4872db0b9ea6',42,'0',1506574039),(70,'0f584f9c-befb-a17e-b205-765cd7efde33',42,'1',1506574039),(71,'0f584f9c-befb-a17e-b205-765cd7efde33',43,'0',1506574163),(72,'b9d25df4-8e9e-f917-f559-4872db0b9ea6',43,'1',1506574163),(73,'b9d25df4-8e9e-f917-f559-4872db0b9ea6',44,'0',1506574803),(74,'0f584f9c-befb-a17e-b205-765cd7efde33',44,'1',1506574803),(75,'b9d25df4-8e9e-f917-f559-4872db0b9ea6',45,'0',1506574928),(76,'0f584f9c-befb-a17e-b205-765cd7efde33',45,'1',1506574928),(77,'b9d25df4-8e9e-f917-f559-4872db0b9ea6',46,'0',1506575052),(78,'0f584f9c-befb-a17e-b205-765cd7efde33',46,'1',1506575052),(79,'0f584f9c-befb-a17e-b205-765cd7efde33',47,'0',1506580119),(80,'b9d25df4-8e9e-f917-f559-4872db0b9ea6',47,'1',1506580119),(81,'0a9064ba-711f-5049-9300-c0cc88e1edf7',48,'0',1506581185),(82,'b9d25df4-8e9e-f917-f559-4872db0b9ea6',48,'1',1506581185),(83,'0a9064ba-711f-5049-9300-c0cc88e1edf7',49,'0',1506581246),(84,'b9d25df4-8e9e-f917-f559-4872db0b9ea6',49,'1',1506581246),(85,'0a9064ba-711f-5049-9300-c0cc88e1edf7',50,'0',1506581256),(86,'b9d25df4-8e9e-f917-f559-4872db0b9ea6',50,'1',1506581256),(87,'0a9064ba-711f-5049-9300-c0cc88e1edf7',51,'0',1506581265),(88,'b9d25df4-8e9e-f917-f559-4872db0b9ea6',51,'1',1506581265),(89,'13225a3e-f16a-ebb0-450d-3a0a00ade5ca',52,'0',1506581406),(90,'3e0b1448-7562-48cc-f885-3986a3bee7fa',52,'1',1506581406),(91,'cb2395b7-7660-7134-85c9-612d4f4c74b5',53,'0',1506581449),(92,'b9d25df4-8e9e-f917-f559-4872db0b9ea6',53,'1',1506581449),(93,'13225a3e-f16a-ebb0-450d-3a0a00ade5ca',54,'0',1506581452),(94,'b9d25df4-8e9e-f917-f559-4872db0b9ea6',54,'1',1506581452),(95,'0f584f9c-befb-a17e-b205-765cd7efde33',55,'0',1506594274),(96,'b9d25df4-8e9e-f917-f559-4872db0b9ea6',55,'1',1506594274),(97,'0f584f9c-befb-a17e-b205-765cd7efde33',56,'0',1506594366),(98,'b9d25df4-8e9e-f917-f559-4872db0b9ea6',56,'1',1506594366),(99,'0f584f9c-befb-a17e-b205-765cd7efde33',57,'0',1506594396),(100,'b9d25df4-8e9e-f917-f559-4872db0b9ea6',57,'1',1506594396),(101,'0f584f9c-befb-a17e-b205-765cd7efde33',58,'0',1506594414),(102,'b9d25df4-8e9e-f917-f559-4872db0b9ea6',58,'1',1506594415),(103,'b9d25df4-8e9e-f917-f559-4872db0b9ea6',59,'0',1506595074),(104,'0f584f9c-befb-a17e-b205-765cd7efde33',59,'1',1506595074),(105,'b9d25df4-8e9e-f917-f559-4872db0b9ea6',60,'0',1506595230),(106,'0f584f9c-befb-a17e-b205-765cd7efde33',60,'1',1506595230),(107,'0f584f9c-befb-a17e-b205-765cd7efde33',61,'0',1506596223),(108,'c3a9548d-832d-57f2-fdd9-18f9dc397fb5',61,'1',1506596223),(109,'9175a40c-31f2-bbec-2134-27935378cf65',62,'0',1506607828),(110,'16e1481c-86e7-b9a5-e707-a1b2cdf766c3',62,'1',1506607829),(111,'bf670625-f384-b056-fab9-4c3f45314aa2',63,'0',1506611451),(112,'16e1481c-86e7-b9a5-e707-a1b2cdf766c3',63,'1',1506611451),(113,'b9d25df4-8e9e-f917-f559-4872db0b9ea6',64,'0',1506648431),(114,'0f584f9c-befb-a17e-b205-765cd7efde33',64,'1',1506648431),(115,'b9d25df4-8e9e-f917-f559-4872db0b9ea6',65,'0',1506662028),(116,'3e0b1448-7562-48cc-f885-3986a3bee7fa',65,'1',1506662029),(117,'b9d25df4-8e9e-f917-f559-4872db0b9ea6',66,'0',1506663936),(118,'3e0b1448-7562-48cc-f885-3986a3bee7fa',66,'1',1506663936),(119,'0f584f9c-befb-a17e-b205-765cd7efde33',67,'0',1507622267),(120,'3e0b1448-7562-48cc-f885-3986a3bee7fa',67,'1',1507622267),(121,'499d7c58-08b3-45e6-1a12-ab99c53f596b',68,'0',1507641685),(122,'c3a9548d-832d-57f2-fdd9-18f9dc397fb5',68,'1',1507641685),(123,'0f584f9c-befb-a17e-b205-765cd7efde33',69,'0',1507691420),(124,'b9d25df4-8e9e-f917-f559-4872db0b9ea6',69,'1',1507691420),(125,'0f584f9c-befb-a17e-b205-765cd7efde33',70,'0',1507702942),(126,'b9d25df4-8e9e-f917-f559-4872db0b9ea6',70,'1',1507702942),(127,'b9d25df4-8e9e-f917-f559-4872db0b9ea6',71,'0',1507703108),(128,'0f584f9c-befb-a17e-b205-765cd7efde33',71,'1',1507703108),(129,'b9d25df4-8e9e-f917-f559-4872db0b9ea6',72,'0',1507704150),(130,'0f584f9c-befb-a17e-b205-765cd7efde33',72,'1',1507704150),(131,'0f584f9c-befb-a17e-b205-765cd7efde33',73,'0',1507708266),(132,'16e1481c-86e7-b9a5-e707-a1b2cdf766c3',73,'1',1507708266),(133,'16e1481c-86e7-b9a5-e707-a1b2cdf766c3',74,'0',1507711573),(134,'0f584f9c-befb-a17e-b205-765cd7efde33',74,'1',1507711573),(135,'c3a9548d-832d-57f2-fdd9-18f9dc397fb5',75,'0',1507797271),(136,'b9d25df4-8e9e-f917-f559-4872db0b9ea6',75,'1',1507797271),(137,'3e0b1448-7562-48cc-f885-3986a3bee7fa',76,'0',1507799108),(138,'b9d25df4-8e9e-f917-f559-4872db0b9ea6',76,'1',1507799108),(139,'3e0b1448-7562-48cc-f885-3986a3bee7fa',77,'0',1507862302),(140,'b9d25df4-8e9e-f917-f559-4872db0b9ea6',77,'1',1507862302),(141,'3e0b1448-7562-48cc-f885-3986a3bee7fa',78,'0',1507862349),(142,'b9d25df4-8e9e-f917-f559-4872db0b9ea6',78,'1',1507862349),(143,'b9d25df4-8e9e-f917-f559-4872db0b9ea6',79,'0',1507865147),(144,'3e0b1448-7562-48cc-f885-3986a3bee7fa',79,'1',1507865147),(145,'b9d25df4-8e9e-f917-f559-4872db0b9ea6',80,'0',1507865169),(146,'3e0b1448-7562-48cc-f885-3986a3bee7fa',80,'1',1507865169),(147,'3e0b1448-7562-48cc-f885-3986a3bee7fa',81,'0',1507865329),(148,'b9d25df4-8e9e-f917-f559-4872db0b9ea6',81,'1',1507865329),(149,'b9d25df4-8e9e-f917-f559-4872db0b9ea6',82,'0',1508118227),(150,'c3a9548d-832d-57f2-fdd9-18f9dc397fb5',82,'1',1508118227),(151,'b9d25df4-8e9e-f917-f559-4872db0b9ea6',83,'0',1508118334),(152,'c3a9548d-832d-57f2-fdd9-18f9dc397fb5',83,'1',1508118334),(153,'3e0b1448-7562-48cc-f885-3986a3bee7fa',84,'0',1508138319),(154,'c3a9548d-832d-57f2-fdd9-18f9dc397fb5',84,'1',1508138320),(155,'3e0b1448-7562-48cc-f885-3986a3bee7fa',85,'0',1508138413),(156,'c3a9548d-832d-57f2-fdd9-18f9dc397fb5',85,'1',1508138413),(157,'0f584f9c-befb-a17e-b205-765cd7efde33',86,'0',1508138527),(158,'c3a9548d-832d-57f2-fdd9-18f9dc397fb5',86,'1',1508138527),(159,'0f584f9c-befb-a17e-b205-765cd7efde33',87,'0',1508138678),(160,'c3a9548d-832d-57f2-fdd9-18f9dc397fb5',87,'1',1508138678),(161,'3e0b1448-7562-48cc-f885-3986a3bee7fa',88,'0',1508138733),(162,'c3a9548d-832d-57f2-fdd9-18f9dc397fb5',88,'1',1508138733),(163,'b9d25df4-8e9e-f917-f559-4872db0b9ea6',89,'0',1508144211),(164,'c3a9548d-832d-57f2-fdd9-18f9dc397fb5',89,'1',1508144211),(165,'bf670625-f384-b056-fab9-4c3f45314aa2',90,'0',1508159452),(166,'c3a9548d-832d-57f2-fdd9-18f9dc397fb5',90,'1',1508159452),(167,'bf670625-f384-b056-fab9-4c3f45314aa2',91,'0',1508159696),(168,'c3a9548d-832d-57f2-fdd9-18f9dc397fb5',91,'1',1508159696),(169,'16e1481c-86e7-b9a5-e707-a1b2cdf766c3',92,'0',1508159741),(170,'c3a9548d-832d-57f2-fdd9-18f9dc397fb5',92,'1',1508159741),(171,'0f584f9c-befb-a17e-b205-765cd7efde33',93,'0',1508226045),(172,'c3a9548d-832d-57f2-fdd9-18f9dc397fb5',93,'1',1508226045),(173,'c3a9548d-832d-57f2-fdd9-18f9dc397fb5',94,'0',1508312088),(174,'16e1481c-86e7-b9a5-e707-a1b2cdf766c3',94,'1',1508312088),(175,'16e1481c-86e7-b9a5-e707-a1b2cdf766c3',95,'0',1508455282),(176,'cb2395b7-7660-7134-85c9-612d4f4c74b5',95,'1',1508455282),(177,'3e0b1448-7562-48cc-f885-3986a3bee7fa',96,'0',1508470141),(178,'16e1481c-86e7-b9a5-e707-a1b2cdf766c3',96,'1',1508470141),(179,'3e0b1448-7562-48cc-f885-3986a3bee7fa',97,'0',1508481990),(180,'c3a9548d-832d-57f2-fdd9-18f9dc397fb5',97,'1',1508481990),(181,'b9d25df4-8e9e-f917-f559-4872db0b9ea6',98,'0',1508483919),(182,'0f584f9c-befb-a17e-b205-765cd7efde33',98,'1',1508483919),(183,'b9d25df4-8e9e-f917-f559-4872db0b9ea6',99,'0',1508483972),(184,'0f584f9c-befb-a17e-b205-765cd7efde33',99,'1',1508483972),(185,'b9d25df4-8e9e-f917-f559-4872db0b9ea6',100,'0',1508488050),(186,'16e1481c-86e7-b9a5-e707-a1b2cdf766c3',100,'1',1508488050),(187,'501969d6-b26d-bb2d-29e3-5264a923def9',101,'0',1508587476),(188,'16e1481c-86e7-b9a5-e707-a1b2cdf766c3',101,'1',1508587476),(189,'501969d6-b26d-bb2d-29e3-5264a923def9',102,'0',1508593999),(190,'9175a40c-31f2-bbec-2134-27935378cf65',102,'1',1508593999),(191,'0f584f9c-befb-a17e-b205-765cd7efde33',103,'0',1508639194),(192,'9175a40c-31f2-bbec-2134-27935378cf65',103,'1',1508639194),(193,'16e1481c-86e7-b9a5-e707-a1b2cdf766c3',104,'0',1508655869),(194,'9175a40c-31f2-bbec-2134-27935378cf65',104,'1',1508655869),(195,'3e0b1448-7562-48cc-f885-3986a3bee7fa',105,'0',1508723984),(196,'9175a40c-31f2-bbec-2134-27935378cf65',105,'1',1508723984),(197,'0f584f9c-befb-a17e-b205-765cd7efde33',106,'0',1508745801),(198,'9175a40c-31f2-bbec-2134-27935378cf65',106,'1',1508745801),(199,'0a9064ba-711f-5049-9300-c0cc88e1edf7',107,'0',1508770251),(200,'16e1481c-86e7-b9a5-e707-a1b2cdf766c3',107,'1',1508770251),(201,'0a9064ba-711f-5049-9300-c0cc88e1edf7',108,'0',1508770811),(202,'b9d25df4-8e9e-f917-f559-4872db0b9ea6',108,'1',1508770811),(203,'b9d25df4-8e9e-f917-f559-4872db0b9ea6',109,'0',1508832233),(204,'c3a9548d-832d-57f2-fdd9-18f9dc397fb5',109,'1',1508832234),(205,'c3a9548d-832d-57f2-fdd9-18f9dc397fb5',110,'0',1508832339),(206,'3e0b1448-7562-48cc-f885-3986a3bee7fa',110,'1',1508832339),(207,'b9d25df4-8e9e-f917-f559-4872db0b9ea6',111,'0',1508833226),(208,'c3a9548d-832d-57f2-fdd9-18f9dc397fb5',111,'1',1508833226),(209,'3e0b1448-7562-48cc-f885-3986a3bee7fa',112,'0',1508833235),(210,'b9d25df4-8e9e-f917-f559-4872db0b9ea6',112,'1',1508833235),(211,'3e0b1448-7562-48cc-f885-3986a3bee7fa',113,'0',1508833251),(212,'b9d25df4-8e9e-f917-f559-4872db0b9ea6',113,'1',1508833251),(213,'3e0b1448-7562-48cc-f885-3986a3bee7fa',114,'0',1508833264),(214,'b9d25df4-8e9e-f917-f559-4872db0b9ea6',114,'1',1508833264),(215,'c3a9548d-832d-57f2-fdd9-18f9dc397fb5',115,'0',1508834221),(216,'b9d25df4-8e9e-f917-f559-4872db0b9ea6',115,'1',1508834221),(217,'3e0b1448-7562-48cc-f885-3986a3bee7fa',116,'0',1508897378),(218,'c3a9548d-832d-57f2-fdd9-18f9dc397fb5',116,'1',1508897378),(219,'c3a9548d-832d-57f2-fdd9-18f9dc397fb5',117,'0',1508920444),(220,'3e0b1448-7562-48cc-f885-3986a3bee7fa',117,'1',1508920444),(221,'c3a9548d-832d-57f2-fdd9-18f9dc397fb5',118,'0',1508923449),(222,'3e0b1448-7562-48cc-f885-3986a3bee7fa',118,'1',1508923449),(223,'c3a9548d-832d-57f2-fdd9-18f9dc397fb5',119,'0',1508923461),(224,'3e0b1448-7562-48cc-f885-3986a3bee7fa',119,'1',1508923461),(225,'c3a9548d-832d-57f2-fdd9-18f9dc397fb5',120,'0',1508925361),(226,'3e0b1448-7562-48cc-f885-3986a3bee7fa',120,'1',1508925362),(227,'b9d25df4-8e9e-f917-f559-4872db0b9ea6',121,'0',1508981656),(228,'3e0b1448-7562-48cc-f885-3986a3bee7fa',121,'1',1508981656),(229,'0a9064ba-711f-5049-9300-c0cc88e1edf7',122,'0',1508998789),(230,'3e0b1448-7562-48cc-f885-3986a3bee7fa',122,'1',1508998789),(231,'0a9064ba-711f-5049-9300-c0cc88e1edf7',123,'0',1508998831),(232,'3e0b1448-7562-48cc-f885-3986a3bee7fa',123,'1',1508998831),(233,'b9d25df4-8e9e-f917-f559-4872db0b9ea6',124,'0',1508999852),(234,'3e0b1448-7562-48cc-f885-3986a3bee7fa',124,'1',1508999852),(235,'0a9064ba-711f-5049-9300-c0cc88e1edf7',125,'0',1509000545),(236,'16e1481c-86e7-b9a5-e707-a1b2cdf766c3',125,'1',1509000545),(237,'0a9064ba-711f-5049-9300-c0cc88e1edf7',126,'0',1509005578),(238,'3e0b1448-7562-48cc-f885-3986a3bee7fa',126,'1',1509005578),(239,'3e0b1448-7562-48cc-f885-3986a3bee7fa',127,'0',1509013323),(240,'0f584f9c-befb-a17e-b205-765cd7efde33',127,'1',1509013324),(241,'0a9064ba-711f-5049-9300-c0cc88e1edf7',128,'0',1509013666),(242,'3e0b1448-7562-48cc-f885-3986a3bee7fa',128,'1',1509013666),(243,'b9d25df4-8e9e-f917-f559-4872db0b9ea6',129,'0',1509085936),(244,'3e0b1448-7562-48cc-f885-3986a3bee7fa',129,'1',1509085936),(245,'0a9064ba-711f-5049-9300-c0cc88e1edf7',130,'0',1509096191),(246,'0f584f9c-befb-a17e-b205-765cd7efde33',130,'1',1509096191),(247,'0a9064ba-711f-5049-9300-c0cc88e1edf7',131,'0',1509096237),(248,'0f584f9c-befb-a17e-b205-765cd7efde33',131,'1',1509096238),(249,'3e0b1448-7562-48cc-f885-3986a3bee7fa',132,'0',1509326282),(250,'0f584f9c-befb-a17e-b205-765cd7efde33',132,'1',1509326282),(251,'3e0b1448-7562-48cc-f885-3986a3bee7fa',133,'0',1509326296),(252,'0f584f9c-befb-a17e-b205-765cd7efde33',133,'1',1509326297),(253,'b9d25df4-8e9e-f917-f559-4872db0b9ea6',134,'0',1509327112),(254,'0f584f9c-befb-a17e-b205-765cd7efde33',134,'1',1509327112),(255,'c3a9548d-832d-57f2-fdd9-18f9dc397fb5',135,'0',1509328633),(256,'0f584f9c-befb-a17e-b205-765cd7efde33',135,'1',1509328633),(257,'c3a9548d-832d-57f2-fdd9-18f9dc397fb5',136,'0',1509328804),(258,'0f584f9c-befb-a17e-b205-765cd7efde33',136,'1',1509328804),(259,'b9d25df4-8e9e-f917-f559-4872db0b9ea6',137,'0',1509331573),(260,'0f584f9c-befb-a17e-b205-765cd7efde33',137,'1',1509331573),(261,'3e0b1448-7562-48cc-f885-3986a3bee7fa',138,'0',1509333048),(262,'c3a9548d-832d-57f2-fdd9-18f9dc397fb5',138,'1',1509333048),(263,'b9d25df4-8e9e-f917-f559-4872db0b9ea6',139,'0',1509334900),(264,'0f584f9c-befb-a17e-b205-765cd7efde33',139,'1',1509334900),(265,'0a9064ba-711f-5049-9300-c0cc88e1edf7',140,'0',1509345059),(266,'0f584f9c-befb-a17e-b205-765cd7efde33',140,'1',1509345059),(267,'3e0b1448-7562-48cc-f885-3986a3bee7fa',141,'0',1509351822),(268,'c3a9548d-832d-57f2-fdd9-18f9dc397fb5',141,'1',1509351822),(269,'16e1481c-86e7-b9a5-e707-a1b2cdf766c3',142,'0',1509356939),(270,'0f584f9c-befb-a17e-b205-765cd7efde33',142,'1',1509356939),(271,'0f584f9c-befb-a17e-b205-765cd7efde33',143,'0',1509415573),(272,'3e0b1448-7562-48cc-f885-3986a3bee7fa',143,'1',1509415573),(273,'16e1481c-86e7-b9a5-e707-a1b2cdf766c3',144,'0',1509421909),(274,'0f584f9c-befb-a17e-b205-765cd7efde33',144,'1',1509421909),(275,'c3a9548d-832d-57f2-fdd9-18f9dc397fb5',145,'0',1509430591),(276,'0f584f9c-befb-a17e-b205-765cd7efde33',145,'1',1509430591),(277,'0f584f9c-befb-a17e-b205-765cd7efde33',146,'0',1509433394),(278,'c3a9548d-832d-57f2-fdd9-18f9dc397fb5',146,'1',1509433394),(279,'3e0b1448-7562-48cc-f885-3986a3bee7fa',147,'0',1509499982),(280,'0f584f9c-befb-a17e-b205-765cd7efde33',147,'1',1509499982),(281,'16e1481c-86e7-b9a5-e707-a1b2cdf766c3',148,'0',1509507533),(282,'0f584f9c-befb-a17e-b205-765cd7efde33',148,'1',1509507533),(283,'16e1481c-86e7-b9a5-e707-a1b2cdf766c3',149,'0',1509507895),(284,'0f584f9c-befb-a17e-b205-765cd7efde33',149,'1',1509507895),(285,'3e0b1448-7562-48cc-f885-3986a3bee7fa',150,'0',1509515757),(286,'0f584f9c-befb-a17e-b205-765cd7efde33',150,'1',1509515757),(287,'0a9064ba-711f-5049-9300-c0cc88e1edf7',151,'0',1509518341),(288,'0f584f9c-befb-a17e-b205-765cd7efde33',151,'1',1509518341),(289,'3e0b1448-7562-48cc-f885-3986a3bee7fa',152,'0',1509519148),(290,'0f584f9c-befb-a17e-b205-765cd7efde33',152,'1',1509519148),(291,'3e0b1448-7562-48cc-f885-3986a3bee7fa',153,'0',1509521900),(292,'0f584f9c-befb-a17e-b205-765cd7efde33',153,'1',1509521900),(293,'bf670625-f384-b056-fab9-4c3f45314aa2',154,'0',1509807513),(294,'16e1481c-86e7-b9a5-e707-a1b2cdf766c3',154,'1',1509807513),(295,'c3a9548d-832d-57f2-fdd9-18f9dc397fb5',155,'0',1509948313),(296,'b9d25df4-8e9e-f917-f559-4872db0b9ea6',155,'1',1509948313),(297,'c3a9548d-832d-57f2-fdd9-18f9dc397fb5',156,'0',1509951717),(298,'b9d25df4-8e9e-f917-f559-4872db0b9ea6',156,'1',1509951717),(299,'16e1481c-86e7-b9a5-e707-a1b2cdf766c3',157,'0',1510032982),(300,'13225a3e-f16a-ebb0-450d-3a0a00ade5ca',157,'1',1510032982),(301,'13225a3e-f16a-ebb0-450d-3a0a00ade5ca',158,'0',1510044830),(302,'16e1481c-86e7-b9a5-e707-a1b2cdf766c3',158,'1',1510044830),(303,'13225a3e-f16a-ebb0-450d-3a0a00ade5ca',159,'0',1510047327),(304,'16e1481c-86e7-b9a5-e707-a1b2cdf766c3',159,'1',1510047327),(305,'0f584f9c-befb-a17e-b205-765cd7efde33',160,'0',1510047540),(306,'16e1481c-86e7-b9a5-e707-a1b2cdf766c3',160,'1',1510047540),(307,'0a9064ba-711f-5049-9300-c0cc88e1edf7',161,'0',1510047657),(308,'c3a9548d-832d-57f2-fdd9-18f9dc397fb5',161,'1',1510047657),(309,'cb2395b7-7660-7134-85c9-612d4f4c74b5',162,'0',1510107787),(310,'16e1481c-86e7-b9a5-e707-a1b2cdf766c3',162,'1',1510107787),(311,'3e0b1448-7562-48cc-f885-3986a3bee7fa',163,'0',1510109789),(312,'c3a9548d-832d-57f2-fdd9-18f9dc397fb5',163,'1',1510109789),(313,'0a9064ba-711f-5049-9300-c0cc88e1edf7',164,'0',1510154764),(314,'c3a9548d-832d-57f2-fdd9-18f9dc397fb5',164,'1',1510154764);

#
# Structure for table "qxd_login_history"
#

DROP TABLE IF EXISTS `qxd_login_history`;
CREATE TABLE `qxd_login_history` (
  `Id` int(11) NOT NULL AUTO_INCREMENT,
  `user_id` char(36) NOT NULL DEFAULT '' COMMENT '登录用户主键ID',
  `device_type` enum('0','1','2','3') NOT NULL DEFAULT '0' COMMENT '0 APP第三方授权 1 PC授权 2 安卓 3 苹果',
  `create_time` int(10) unsigned NOT NULL DEFAULT '0' COMMENT '登录时间',
  PRIMARY KEY (`Id`),
  KEY `user_id` (`user_id`,`device_type`,`create_time`)
) ENGINE=InnoDB AUTO_INCREMENT=1208 DEFAULT CHARSET=utf8 ROW_FORMAT=DYNAMIC COMMENT='用户登录记录表';

#
# Data for table "qxd_login_history"
#

INSERT INTO `qxd_login_history` VALUES (1,'0a9064ba-711f-5049-9300-c0cc88e1edf7','1',1502846529),(2,'0a9064ba-711f-5049-9300-c0cc88e1edf7','1',1502846854),(3,'0a9064ba-711f-5049-9300-c0cc88e1edf7','1',1502847199),(4,'0a9064ba-711f-5049-9300-c0cc88e1edf7','0',1502847287),(5,'0a9064ba-711f-5049-9300-c0cc88e1edf7','0',1502849670),(6,'0a9064ba-711f-5049-9300-c0cc88e1edf7','0',1502849885),(7,'0a9064ba-711f-5049-9300-c0cc88e1edf7','1',1502855749),(8,'0a9064ba-711f-5049-9300-c0cc88e1edf7','1',1502868288),(9,'0a9064ba-711f-5049-9300-c0cc88e1edf7','1',1502877709),(10,'0a9064ba-711f-5049-9300-c0cc88e1edf7','0',1502882795),(11,'0a9064ba-711f-5049-9300-c0cc88e1edf7','0',1502956583),(12,'0a9064ba-711f-5049-9300-c0cc88e1edf7','0',1502957394),(13,'0a9064ba-711f-5049-9300-c0cc88e1edf7','0',1503044694),(14,'0a9064ba-711f-5049-9300-c0cc88e1edf7','0',1503298062),(15,'0a9064ba-711f-5049-9300-c0cc88e1edf7','0',1503298084),(16,'0a9064ba-711f-5049-9300-c0cc88e1edf7','0',1503298198),(17,'0a9064ba-711f-5049-9300-c0cc88e1edf7','0',1503298820),(18,'0a9064ba-711f-5049-9300-c0cc88e1edf7','0',1503301749),(19,'0a9064ba-711f-5049-9300-c0cc88e1edf7','0',1503301998),(20,'0a9064ba-711f-5049-9300-c0cc88e1edf7','0',1503302245),(21,'0a9064ba-711f-5049-9300-c0cc88e1edf7','0',1503302985),(22,'3e0b1448-7562-48cc-f885-3986a3bee7fa','0',1503303086),(23,'3e0b1448-7562-48cc-f885-3986a3bee7fa','0',1503303101),(24,'3e0b1448-7562-48cc-f885-3986a3bee7fa','0',1503303105),(25,'3e0b1448-7562-48cc-f885-3986a3bee7fa','0',1503303120),(26,'3e0b1448-7562-48cc-f885-3986a3bee7fa','0',1503305541),(27,'3e0b1448-7562-48cc-f885-3986a3bee7fa','0',1503305640),(28,'3e0b1448-7562-48cc-f885-3986a3bee7fa','0',1503305822),(29,'3e0b1448-7562-48cc-f885-3986a3bee7fa','0',1503306529),(30,'0a9064ba-711f-5049-9300-c0cc88e1edf7','0',1503306539),(31,'3e0b1448-7562-48cc-f885-3986a3bee7fa','0',1503310969),(32,'3e0b1448-7562-48cc-f885-3986a3bee7fa','0',1503310980),(33,'3e0b1448-7562-48cc-f885-3986a3bee7fa','0',1503311156),(34,'3e0b1448-7562-48cc-f885-3986a3bee7fa','0',1503311319),(35,'3e0b1448-7562-48cc-f885-3986a3bee7fa','0',1503311869),(36,'3e0b1448-7562-48cc-f885-3986a3bee7fa','0',1503311882),(37,'3e0b1448-7562-48cc-f885-3986a3bee7fa','0',1503311887),(38,'3e0b1448-7562-48cc-f885-3986a3bee7fa','0',1503311921),(39,'3e0b1448-7562-48cc-f885-3986a3bee7fa','0',1503311940),(40,'3e0b1448-7562-48cc-f885-3986a3bee7fa','0',1503313917),(41,'3e0b1448-7562-48cc-f885-3986a3bee7fa','0',1503313926),(42,'16e1481c-86e7-b9a5-e707-a1b2cdf766c3','0',1503329207),(43,'16e1481c-86e7-b9a5-e707-a1b2cdf766c3','0',1503329219),(44,'0a9064ba-711f-5049-9300-c0cc88e1edf7','0',1503368781),(45,'0a9064ba-711f-5049-9300-c0cc88e1edf7','0',1503369812),(46,'3e0b1448-7562-48cc-f885-3986a3bee7fa','0',1503628644),(47,'499d7c58-08b3-45e6-1a12-ab99c53f596b','0',1503640290),(48,'499d7c58-08b3-45e6-1a12-ab99c53f596b','0',1503640483),(49,'3e0b1448-7562-48cc-f885-3986a3bee7fa','0',1503641543),(50,'0a9064ba-711f-5049-9300-c0cc88e1edf7','0',1504164544),(51,'cb2395b7-7660-7134-85c9-612d4f4c74b5','0',1504249902),(52,'0a9064ba-711f-5049-9300-c0cc88e1edf7','0',1504257748),(53,'b9d25df4-8e9e-f917-f559-4872db0b9ea6','0',1504259239),(54,'b9d25df4-8e9e-f917-f559-4872db0b9ea6','0',1504259662),(55,'b9d25df4-8e9e-f917-f559-4872db0b9ea6','0',1504259672),(56,'b9d25df4-8e9e-f917-f559-4872db0b9ea6','0',1504259800),(57,'b9d25df4-8e9e-f917-f559-4872db0b9ea6','0',1504259806),(58,'b9d25df4-8e9e-f917-f559-4872db0b9ea6','0',1504260007),(59,'b9d25df4-8e9e-f917-f559-4872db0b9ea6','0',1504260076),(60,'b9d25df4-8e9e-f917-f559-4872db0b9ea6','0',1504260080),(61,'b9d25df4-8e9e-f917-f559-4872db0b9ea6','0',1504260490),(62,'b9d25df4-8e9e-f917-f559-4872db0b9ea6','0',1504260500),(63,'b9d25df4-8e9e-f917-f559-4872db0b9ea6','0',1504260587),(64,'b9d25df4-8e9e-f917-f559-4872db0b9ea6','0',1504260592),(65,'b9d25df4-8e9e-f917-f559-4872db0b9ea6','0',1504262850),(66,'b9d25df4-8e9e-f917-f559-4872db0b9ea6','0',1504490332),(67,'b9d25df4-8e9e-f917-f559-4872db0b9ea6','0',1504490336),(68,'0a9064ba-711f-5049-9300-c0cc88e1edf7','0',1504492741),(69,'b9d25df4-8e9e-f917-f559-4872db0b9ea6','0',1504495420),(70,'b9d25df4-8e9e-f917-f559-4872db0b9ea6','0',1504495566),(71,'b9d25df4-8e9e-f917-f559-4872db0b9ea6','0',1504495813),(72,'b9d25df4-8e9e-f917-f559-4872db0b9ea6','0',1504496366),(73,'b9d25df4-8e9e-f917-f559-4872db0b9ea6','0',1504497075),(74,'3e0b1448-7562-48cc-f885-3986a3bee7fa','0',1504501646),(75,'3e0b1448-7562-48cc-f885-3986a3bee7fa','0',1504504403),(76,'b9d25df4-8e9e-f917-f559-4872db0b9ea6','0',1504506610),(77,'3e0b1448-7562-48cc-f885-3986a3bee7fa','0',1504506774),(78,'3e0b1448-7562-48cc-f885-3986a3bee7fa','0',1504507146),(79,'b9d25df4-8e9e-f917-f559-4872db0b9ea6','0',1504508457),(80,'b9d25df4-8e9e-f917-f559-4872db0b9ea6','0',1504509058),(81,'3e0b1448-7562-48cc-f885-3986a3bee7fa','0',1504511068),(82,'3e0b1448-7562-48cc-f885-3986a3bee7fa','0',1504511151),(83,'b9d25df4-8e9e-f917-f559-4872db0b9ea6','0',1504511302),(84,'b9d25df4-8e9e-f917-f559-4872db0b9ea6','0',1504511366),(85,'b9d25df4-8e9e-f917-f559-4872db0b9ea6','0',1504511375),(86,'3e0b1448-7562-48cc-f885-3986a3bee7fa','0',1504513423),(87,'3e0b1448-7562-48cc-f885-3986a3bee7fa','0',1504513508),(88,'3e0b1448-7562-48cc-f885-3986a3bee7fa','0',1504513553),(89,'3e0b1448-7562-48cc-f885-3986a3bee7fa','0',1504514535),(90,'3e0b1448-7562-48cc-f885-3986a3bee7fa','0',1504583862),(91,'3e0b1448-7562-48cc-f885-3986a3bee7fa','0',1504583868),(92,'3e0b1448-7562-48cc-f885-3986a3bee7fa','0',1504584570),(93,'3e0b1448-7562-48cc-f885-3986a3bee7fa','0',1504584713),(94,'a9870c27-b006-c7b4-8d1f-f1c651b6a8fb','0',1504584952),(95,'3e0b1448-7562-48cc-f885-3986a3bee7fa','0',1504589680),(96,'3e0b1448-7562-48cc-f885-3986a3bee7fa','0',1504589716),(97,'3e0b1448-7562-48cc-f885-3986a3bee7fa','0',1504589761),(98,'3e0b1448-7562-48cc-f885-3986a3bee7fa','0',1504589854),(99,'3e0b1448-7562-48cc-f885-3986a3bee7fa','0',1504590142),(100,'3e0b1448-7562-48cc-f885-3986a3bee7fa','0',1504590225),(101,'3e0b1448-7562-48cc-f885-3986a3bee7fa','0',1504590445),(102,'3e0b1448-7562-48cc-f885-3986a3bee7fa','0',1504590484),(103,'3e0b1448-7562-48cc-f885-3986a3bee7fa','0',1504590795),(104,'3e0b1448-7562-48cc-f885-3986a3bee7fa','0',1504590949),(105,'3e0b1448-7562-48cc-f885-3986a3bee7fa','0',1504591017),(106,'3e0b1448-7562-48cc-f885-3986a3bee7fa','0',1504591096),(107,'3e0b1448-7562-48cc-f885-3986a3bee7fa','0',1504591240),(108,'b9d25df4-8e9e-f917-f559-4872db0b9ea6','0',1504591353),(109,'3e0b1448-7562-48cc-f885-3986a3bee7fa','0',1504591491),(110,'3e0b1448-7562-48cc-f885-3986a3bee7fa','0',1504591697),(111,'3e0b1448-7562-48cc-f885-3986a3bee7fa','0',1504591783),(112,'3e0b1448-7562-48cc-f885-3986a3bee7fa','0',1504592909),(113,'3e0b1448-7562-48cc-f885-3986a3bee7fa','0',1504592972),(114,'3e0b1448-7562-48cc-f885-3986a3bee7fa','0',1504593021),(115,'3e0b1448-7562-48cc-f885-3986a3bee7fa','0',1504593488),(116,'3e0b1448-7562-48cc-f885-3986a3bee7fa','0',1504593514),(117,'3e0b1448-7562-48cc-f885-3986a3bee7fa','0',1504593646),(118,'3e0b1448-7562-48cc-f885-3986a3bee7fa','0',1504593672),(119,'3e0b1448-7562-48cc-f885-3986a3bee7fa','0',1504593704),(120,'3e0b1448-7562-48cc-f885-3986a3bee7fa','0',1504593715),(121,'3e0b1448-7562-48cc-f885-3986a3bee7fa','0',1504593790),(122,'3e0b1448-7562-48cc-f885-3986a3bee7fa','0',1504593800),(123,'3e0b1448-7562-48cc-f885-3986a3bee7fa','0',1504594218),(124,'b9d25df4-8e9e-f917-f559-4872db0b9ea6','0',1504594239),(125,'3e0b1448-7562-48cc-f885-3986a3bee7fa','0',1504594241),(126,'3e0b1448-7562-48cc-f885-3986a3bee7fa','0',1504594291),(127,'b9d25df4-8e9e-f917-f559-4872db0b9ea6','0',1504594292),(128,'3e0b1448-7562-48cc-f885-3986a3bee7fa','0',1504594317),(129,'b9d25df4-8e9e-f917-f559-4872db0b9ea6','0',1504594343),(130,'3e0b1448-7562-48cc-f885-3986a3bee7fa','0',1504594373),(131,'b9d25df4-8e9e-f917-f559-4872db0b9ea6','0',1504594381),(132,'3e0b1448-7562-48cc-f885-3986a3bee7fa','0',1504594393),(133,'3e0b1448-7562-48cc-f885-3986a3bee7fa','0',1504594404),(134,'3e0b1448-7562-48cc-f885-3986a3bee7fa','0',1504594448),(135,'b9d25df4-8e9e-f917-f559-4872db0b9ea6','0',1504594460),(136,'3e0b1448-7562-48cc-f885-3986a3bee7fa','0',1504594513),(137,'b9d25df4-8e9e-f917-f559-4872db0b9ea6','0',1504594537),(138,'3e0b1448-7562-48cc-f885-3986a3bee7fa','0',1504594611),(139,'b9d25df4-8e9e-f917-f559-4872db0b9ea6','0',1504594615),(140,'3e0b1448-7562-48cc-f885-3986a3bee7fa','0',1504594631),(141,'b9d25df4-8e9e-f917-f559-4872db0b9ea6','0',1504594662),(142,'3e0b1448-7562-48cc-f885-3986a3bee7fa','0',1504594662),(143,'b9d25df4-8e9e-f917-f559-4872db0b9ea6','0',1504606887),(144,'3e0b1448-7562-48cc-f885-3986a3bee7fa','0',1504609208),(145,'3e0b1448-7562-48cc-f885-3986a3bee7fa','0',1504609252),(146,'3e0b1448-7562-48cc-f885-3986a3bee7fa','0',1504609493),(147,'3e0b1448-7562-48cc-f885-3986a3bee7fa','0',1504610074),(148,'3e0b1448-7562-48cc-f885-3986a3bee7fa','0',1504659776),(149,'3e0b1448-7562-48cc-f885-3986a3bee7fa','0',1504659882),(150,'3e0b1448-7562-48cc-f885-3986a3bee7fa','0',1504659965),(151,'b9d25df4-8e9e-f917-f559-4872db0b9ea6','0',1504660077),(152,'3e0b1448-7562-48cc-f885-3986a3bee7fa','0',1504660228),(153,'3e0b1448-7562-48cc-f885-3986a3bee7fa','0',1504660308),(154,'3e0b1448-7562-48cc-f885-3986a3bee7fa','0',1504660360),(155,'3e0b1448-7562-48cc-f885-3986a3bee7fa','0',1504660431),(156,'3e0b1448-7562-48cc-f885-3986a3bee7fa','0',1504660657),(157,'3e0b1448-7562-48cc-f885-3986a3bee7fa','0',1504660676),(158,'3e0b1448-7562-48cc-f885-3986a3bee7fa','0',1504660710),(159,'3e0b1448-7562-48cc-f885-3986a3bee7fa','0',1504660800),(160,'3e0b1448-7562-48cc-f885-3986a3bee7fa','0',1504660958),(161,'3e0b1448-7562-48cc-f885-3986a3bee7fa','0',1504661094),(162,'b9d25df4-8e9e-f917-f559-4872db0b9ea6','0',1504661417),(163,'b9d25df4-8e9e-f917-f559-4872db0b9ea6','0',1504666148),(164,'499d7c58-08b3-45e6-1a12-ab99c53f596b','0',1504666757),(165,'3e0b1448-7562-48cc-f885-3986a3bee7fa','0',1504666779),(166,'3e0b1448-7562-48cc-f885-3986a3bee7fa','0',1504669459),(167,'3e0b1448-7562-48cc-f885-3986a3bee7fa','0',1504669900),(168,'3e0b1448-7562-48cc-f885-3986a3bee7fa','0',1504670864),(169,'3e0b1448-7562-48cc-f885-3986a3bee7fa','0',1504670972),(170,'3e0b1448-7562-48cc-f885-3986a3bee7fa','0',1504671916),(171,'3e0b1448-7562-48cc-f885-3986a3bee7fa','0',1504677797),(172,'3e0b1448-7562-48cc-f885-3986a3bee7fa','0',1504677945),(173,'3e0b1448-7562-48cc-f885-3986a3bee7fa','0',1504677959),(174,'3e0b1448-7562-48cc-f885-3986a3bee7fa','0',1504677992),(175,'3e0b1448-7562-48cc-f885-3986a3bee7fa','0',1504678003),(176,'3e0b1448-7562-48cc-f885-3986a3bee7fa','0',1504678084),(177,'3e0b1448-7562-48cc-f885-3986a3bee7fa','0',1504678341),(178,'3e0b1448-7562-48cc-f885-3986a3bee7fa','0',1504679072),(179,'b9d25df4-8e9e-f917-f559-4872db0b9ea6','0',1504679921),(180,'b9d25df4-8e9e-f917-f559-4872db0b9ea6','0',1504679989),(181,'3e0b1448-7562-48cc-f885-3986a3bee7fa','0',1504680740),(182,'3e0b1448-7562-48cc-f885-3986a3bee7fa','0',1504680761),(183,'3e0b1448-7562-48cc-f885-3986a3bee7fa','0',1504680824),(184,'3e0b1448-7562-48cc-f885-3986a3bee7fa','0',1504680837),(185,'3e0b1448-7562-48cc-f885-3986a3bee7fa','0',1504680871),(186,'3e0b1448-7562-48cc-f885-3986a3bee7fa','0',1504680883),(187,'3e0b1448-7562-48cc-f885-3986a3bee7fa','0',1504680894),(188,'b9d25df4-8e9e-f917-f559-4872db0b9ea6','0',1504683298),(189,'b9d25df4-8e9e-f917-f559-4872db0b9ea6','0',1504695196),(190,'b9d25df4-8e9e-f917-f559-4872db0b9ea6','0',1504697043),(191,'b9d25df4-8e9e-f917-f559-4872db0b9ea6','0',1504746658),(192,'b9d25df4-8e9e-f917-f559-4872db0b9ea6','0',1504748000),(193,'b9d25df4-8e9e-f917-f559-4872db0b9ea6','0',1504748192),(194,'3e0b1448-7562-48cc-f885-3986a3bee7fa','0',1504750205),(195,'b9d25df4-8e9e-f917-f559-4872db0b9ea6','0',1504750249),(196,'3e0b1448-7562-48cc-f885-3986a3bee7fa','0',1504756178),(197,'b9d25df4-8e9e-f917-f559-4872db0b9ea6','0',1504756280),(198,'b9d25df4-8e9e-f917-f559-4872db0b9ea6','0',1504756358),(199,'b9d25df4-8e9e-f917-f559-4872db0b9ea6','0',1504756827),(200,'b9d25df4-8e9e-f917-f559-4872db0b9ea6','0',1504756993),(201,'b9d25df4-8e9e-f917-f559-4872db0b9ea6','0',1504757059),(202,'b9d25df4-8e9e-f917-f559-4872db0b9ea6','0',1504757188),(203,'b9d25df4-8e9e-f917-f559-4872db0b9ea6','0',1504757323),(204,'b9d25df4-8e9e-f917-f559-4872db0b9ea6','0',1504758490),(205,'16e1481c-86e7-b9a5-e707-a1b2cdf766c3','0',1504759610),(206,'b9d25df4-8e9e-f917-f559-4872db0b9ea6','0',1504763669),(207,'b9d25df4-8e9e-f917-f559-4872db0b9ea6','0',1504763704),(208,'b9d25df4-8e9e-f917-f559-4872db0b9ea6','0',1504763817),(209,'b9d25df4-8e9e-f917-f559-4872db0b9ea6','0',1504764169),(210,'b9d25df4-8e9e-f917-f559-4872db0b9ea6','0',1504764249),(211,'b9d25df4-8e9e-f917-f559-4872db0b9ea6','0',1504764407),(212,'b9d25df4-8e9e-f917-f559-4872db0b9ea6','0',1504764439),(213,'b9d25df4-8e9e-f917-f559-4872db0b9ea6','0',1504764645),(214,'b9d25df4-8e9e-f917-f559-4872db0b9ea6','0',1504767265),(215,'3e0b1448-7562-48cc-f885-3986a3bee7fa','0',1504768408),(216,'3e0b1448-7562-48cc-f885-3986a3bee7fa','0',1504774013),(217,'b9d25df4-8e9e-f917-f559-4872db0b9ea6','0',1504774083),(218,'3e0b1448-7562-48cc-f885-3986a3bee7fa','0',1504774852),(219,'3e0b1448-7562-48cc-f885-3986a3bee7fa','0',1504776023),(220,'3e0b1448-7562-48cc-f885-3986a3bee7fa','0',1504778596),(221,'3e0b1448-7562-48cc-f885-3986a3bee7fa','0',1504779226),(222,'b9d25df4-8e9e-f917-f559-4872db0b9ea6','0',1504783075),(223,'3e0b1448-7562-48cc-f885-3986a3bee7fa','0',1504785637),(224,'b9d25df4-8e9e-f917-f559-4872db0b9ea6','0',1504832621),(225,'3e0b1448-7562-48cc-f885-3986a3bee7fa','0',1504832867),(226,'3e0b1448-7562-48cc-f885-3986a3bee7fa','0',1504835133),(227,'3e0b1448-7562-48cc-f885-3986a3bee7fa','0',1504836657),(228,'3e0b1448-7562-48cc-f885-3986a3bee7fa','0',1504836673),(229,'3e0b1448-7562-48cc-f885-3986a3bee7fa','0',1504836754),(230,'3e0b1448-7562-48cc-f885-3986a3bee7fa','0',1504836795),(231,'3e0b1448-7562-48cc-f885-3986a3bee7fa','0',1504836926),(232,'b9d25df4-8e9e-f917-f559-4872db0b9ea6','0',1504837880),(233,'b9d25df4-8e9e-f917-f559-4872db0b9ea6','0',1504838301),(234,'3e0b1448-7562-48cc-f885-3986a3bee7fa','0',1504839165),(235,'b9d25df4-8e9e-f917-f559-4872db0b9ea6','0',1504843386),(236,'b9d25df4-8e9e-f917-f559-4872db0b9ea6','0',1504843465),(237,'3e0b1448-7562-48cc-f885-3986a3bee7fa','0',1504843505),(238,'b9d25df4-8e9e-f917-f559-4872db0b9ea6','0',1504843787),(239,'b9d25df4-8e9e-f917-f559-4872db0b9ea6','0',1504851775),(240,'bf670625-f384-b056-fab9-4c3f45314aa2','0',1504853402),(241,'bf670625-f384-b056-fab9-4c3f45314aa2','0',1504854033),(242,'b9d25df4-8e9e-f917-f559-4872db0b9ea6','0',1504861329),(243,'b9d25df4-8e9e-f917-f559-4872db0b9ea6','0',1504861583),(244,'3e0b1448-7562-48cc-f885-3986a3bee7fa','0',1504861603),(245,'b9d25df4-8e9e-f917-f559-4872db0b9ea6','0',1504862203),(246,'3e0b1448-7562-48cc-f885-3986a3bee7fa','0',1504863926),(247,'3e0b1448-7562-48cc-f885-3986a3bee7fa','0',1504864085),(248,'3e0b1448-7562-48cc-f885-3986a3bee7fa','0',1504864205),(249,'3e0b1448-7562-48cc-f885-3986a3bee7fa','0',1504864263),(250,'16e1481c-86e7-b9a5-e707-a1b2cdf766c3','0',1504864338),(251,'3e0b1448-7562-48cc-f885-3986a3bee7fa','0',1504864362),(252,'b9d25df4-8e9e-f917-f559-4872db0b9ea6','0',1504864420),(253,'b9d25df4-8e9e-f917-f559-4872db0b9ea6','0',1504864756),(254,'b9d25df4-8e9e-f917-f559-4872db0b9ea6','0',1504864853),(255,'b9d25df4-8e9e-f917-f559-4872db0b9ea6','0',1504865009),(256,'16e1481c-86e7-b9a5-e707-a1b2cdf766c3','0',1504865151),(257,'16e1481c-86e7-b9a5-e707-a1b2cdf766c3','0',1504865698),(258,'16e1481c-86e7-b9a5-e707-a1b2cdf766c3','0',1504869114),(259,'0a9064ba-711f-5049-9300-c0cc88e1edf7','0',1504925383),(260,'b9d25df4-8e9e-f917-f559-4872db0b9ea6','0',1505091801),(261,'b9d25df4-8e9e-f917-f559-4872db0b9ea6','0',1505092891),(262,'13225a3e-f16a-ebb0-450d-3a0a00ade5ca','0',1505109429),(263,'3e0b1448-7562-48cc-f885-3986a3bee7fa','0',1505112739),(264,'3e0b1448-7562-48cc-f885-3986a3bee7fa','0',1505112986),(265,'b9d25df4-8e9e-f917-f559-4872db0b9ea6','0',1505113182),(266,'b9d25df4-8e9e-f917-f559-4872db0b9ea6','0',1505113277),(267,'3e0b1448-7562-48cc-f885-3986a3bee7fa','0',1505113519),(268,'3e0b1448-7562-48cc-f885-3986a3bee7fa','0',1505113646),(269,'3e0b1448-7562-48cc-f885-3986a3bee7fa','0',1505113870),(270,'3e0b1448-7562-48cc-f885-3986a3bee7fa','0',1505113924),(271,'3e0b1448-7562-48cc-f885-3986a3bee7fa','0',1505114037),(272,'3e0b1448-7562-48cc-f885-3986a3bee7fa','0',1505114510),(273,'3e0b1448-7562-48cc-f885-3986a3bee7fa','0',1505114569),(274,'b9d25df4-8e9e-f917-f559-4872db0b9ea6','0',1505114695),(275,'3e0b1448-7562-48cc-f885-3986a3bee7fa','0',1505114699),(276,'b9d25df4-8e9e-f917-f559-4872db0b9ea6','0',1505114805),(277,'3e0b1448-7562-48cc-f885-3986a3bee7fa','0',1505114972),(278,'3e0b1448-7562-48cc-f885-3986a3bee7fa','0',1505115069),(279,'3e0b1448-7562-48cc-f885-3986a3bee7fa','0',1505115197),(280,'0a9064ba-711f-5049-9300-c0cc88e1edf7','0',1505115857),(281,'3e0b1448-7562-48cc-f885-3986a3bee7fa','0',1505119750),(282,'3e0b1448-7562-48cc-f885-3986a3bee7fa','0',1505123325),(283,'b9d25df4-8e9e-f917-f559-4872db0b9ea6','0',1505178518),(284,'3e0b1448-7562-48cc-f885-3986a3bee7fa','0',1505180402),(285,'3e0b1448-7562-48cc-f885-3986a3bee7fa','0',1505180632),(286,'3e0b1448-7562-48cc-f885-3986a3bee7fa','0',1505184853),(287,'3e0b1448-7562-48cc-f885-3986a3bee7fa','0',1505184951),(288,'3e0b1448-7562-48cc-f885-3986a3bee7fa','0',1505185066),(289,'3e0b1448-7562-48cc-f885-3986a3bee7fa','0',1505185163),(290,'b9d25df4-8e9e-f917-f559-4872db0b9ea6','0',1505185328),(291,'3e0b1448-7562-48cc-f885-3986a3bee7fa','0',1505186116),(292,'b9d25df4-8e9e-f917-f559-4872db0b9ea6','0',1505186189),(293,'3e0b1448-7562-48cc-f885-3986a3bee7fa','0',1505186258),(294,'3e0b1448-7562-48cc-f885-3986a3bee7fa','0',1505186918),(295,'b9d25df4-8e9e-f917-f559-4872db0b9ea6','0',1505187122),(296,'c3a9548d-832d-57f2-fdd9-18f9dc397fb5','0',1505187295),(297,'b9d25df4-8e9e-f917-f559-4872db0b9ea6','0',1505188651),(298,'b9d25df4-8e9e-f917-f559-4872db0b9ea6','0',1505188796),(299,'b9d25df4-8e9e-f917-f559-4872db0b9ea6','0',1505189031),(300,'a9870c27-b006-c7b4-8d1f-f1c651b6a8fb','0',1505191659),(301,'aab70efb-92e5-7f6c-423f-e3d4e4f5ac83','0',1505195124),(302,'3e0b1448-7562-48cc-f885-3986a3bee7fa','0',1505195814),(303,'b9d25df4-8e9e-f917-f559-4872db0b9ea6','0',1505196167),(304,'b9d25df4-8e9e-f917-f559-4872db0b9ea6','0',1505197032),(305,'b9d25df4-8e9e-f917-f559-4872db0b9ea6','0',1505198702),(306,'3e0b1448-7562-48cc-f885-3986a3bee7fa','0',1505200069),(307,'3e0b1448-7562-48cc-f885-3986a3bee7fa','0',1505200184),(308,'3e0b1448-7562-48cc-f885-3986a3bee7fa','0',1505200651),(309,'c3a9548d-832d-57f2-fdd9-18f9dc397fb5','0',1505200747),(310,'b9d25df4-8e9e-f917-f559-4872db0b9ea6','0',1505200783),(311,'b9d25df4-8e9e-f917-f559-4872db0b9ea6','0',1505201166),(312,'3e0b1448-7562-48cc-f885-3986a3bee7fa','0',1505207331),(313,'b9d25df4-8e9e-f917-f559-4872db0b9ea6','0',1505207439),(314,'b9d25df4-8e9e-f917-f559-4872db0b9ea6','0',1505207537),(315,'c3a9548d-832d-57f2-fdd9-18f9dc397fb5','0',1505208762),(316,'3e0b1448-7562-48cc-f885-3986a3bee7fa','0',1505210545),(317,'3e0b1448-7562-48cc-f885-3986a3bee7fa','0',1505211249),(318,'499d7c58-08b3-45e6-1a12-ab99c53f596b','0',1505211370),(319,'499d7c58-08b3-45e6-1a12-ab99c53f596b','0',1505211696),(320,'b9d25df4-8e9e-f917-f559-4872db0b9ea6','0',1505211776),(321,'499d7c58-08b3-45e6-1a12-ab99c53f596b','0',1505211990),(322,'499d7c58-08b3-45e6-1a12-ab99c53f596b','0',1505212318),(323,'c3a9548d-832d-57f2-fdd9-18f9dc397fb5','0',1505212653),(324,'3e0b1448-7562-48cc-f885-3986a3bee7fa','0',1505212724),(325,'3e0b1448-7562-48cc-f885-3986a3bee7fa','0',1505212758),(326,'c3a9548d-832d-57f2-fdd9-18f9dc397fb5','0',1505212856),(327,'499d7c58-08b3-45e6-1a12-ab99c53f596b','0',1505213546),(328,'b9d25df4-8e9e-f917-f559-4872db0b9ea6','0',1505213616),(329,'b9d25df4-8e9e-f917-f559-4872db0b9ea6','0',1505214127),(330,'c3a9548d-832d-57f2-fdd9-18f9dc397fb5','0',1505214195),(331,'3e0b1448-7562-48cc-f885-3986a3bee7fa','0',1505214281),(332,'3e0b1448-7562-48cc-f885-3986a3bee7fa','0',1505214308),(333,'c3a9548d-832d-57f2-fdd9-18f9dc397fb5','0',1505214355),(334,'3e0b1448-7562-48cc-f885-3986a3bee7fa','0',1505215232),(335,'c3a9548d-832d-57f2-fdd9-18f9dc397fb5','0',1505215320),(336,'b9d25df4-8e9e-f917-f559-4872db0b9ea6','0',1505215557),(337,'c3a9548d-832d-57f2-fdd9-18f9dc397fb5','0',1505215655),(338,'3e0b1448-7562-48cc-f885-3986a3bee7fa','0',1505215856),(339,'3e0b1448-7562-48cc-f885-3986a3bee7fa','0',1505216409),(340,'b9d25df4-8e9e-f917-f559-4872db0b9ea6','0',1505264811),(341,'b9d25df4-8e9e-f917-f559-4872db0b9ea6','0',1505264822),(342,'3e0b1448-7562-48cc-f885-3986a3bee7fa','0',1505268343),(343,'16e1481c-86e7-b9a5-e707-a1b2cdf766c3','0',1505276550),(344,'b9d25df4-8e9e-f917-f559-4872db0b9ea6','0',1505281499),(345,'b9d25df4-8e9e-f917-f559-4872db0b9ea6','0',1505281740),(346,'c3a9548d-832d-57f2-fdd9-18f9dc397fb5','0',1505282110),(347,'3e0b1448-7562-48cc-f885-3986a3bee7fa','0',1505282213),(348,'b9d25df4-8e9e-f917-f559-4872db0b9ea6','0',1505282278),(349,'b9d25df4-8e9e-f917-f559-4872db0b9ea6','0',1505282422),(350,'3e0b1448-7562-48cc-f885-3986a3bee7fa','0',1505283028),(351,'499d7c58-08b3-45e6-1a12-ab99c53f596b','0',1505283175),(352,'b9d25df4-8e9e-f917-f559-4872db0b9ea6','0',1505283324),(353,'b9d25df4-8e9e-f917-f559-4872db0b9ea6','0',1505283545),(354,'b9d25df4-8e9e-f917-f559-4872db0b9ea6','0',1505283896),(355,'b9d25df4-8e9e-f917-f559-4872db0b9ea6','0',1505284224),(356,'501969d6-b26d-bb2d-29e3-5264a923def9','0',1505285272),(357,'3e0b1448-7562-48cc-f885-3986a3bee7fa','0',1505285342),(358,'3e0b1448-7562-48cc-f885-3986a3bee7fa','0',1505285468),(359,'b9d25df4-8e9e-f917-f559-4872db0b9ea6','0',1505286036),(360,'b9d25df4-8e9e-f917-f559-4872db0b9ea6','0',1505287318),(361,'b9d25df4-8e9e-f917-f559-4872db0b9ea6','0',1505287493),(362,'3e0b1448-7562-48cc-f885-3986a3bee7fa','0',1505298008),(363,'cb2395b7-7660-7134-85c9-612d4f4c74b5','0',1505298142),(364,'c3a9548d-832d-57f2-fdd9-18f9dc397fb5','0',1505298325),(365,'c3a9548d-832d-57f2-fdd9-18f9dc397fb5','0',1505298644),(366,'b9d25df4-8e9e-f917-f559-4872db0b9ea6','0',1505299211),(367,'3e0b1448-7562-48cc-f885-3986a3bee7fa','0',1505299666),(368,'3e0b1448-7562-48cc-f885-3986a3bee7fa','0',1505300243),(369,'b9d25df4-8e9e-f917-f559-4872db0b9ea6','0',1505300361),(370,'3e0b1448-7562-48cc-f885-3986a3bee7fa','0',1505350826),(371,'b9d25df4-8e9e-f917-f559-4872db0b9ea6','0',1505351484),(372,'c3a9548d-832d-57f2-fdd9-18f9dc397fb5','0',1505354048),(373,'c3a9548d-832d-57f2-fdd9-18f9dc397fb5','0',1505354159),(374,'b9d25df4-8e9e-f917-f559-4872db0b9ea6','0',1505355866),(375,'c3a9548d-832d-57f2-fdd9-18f9dc397fb5','0',1505356047),(376,'3e0b1448-7562-48cc-f885-3986a3bee7fa','0',1505356440),(377,'c3a9548d-832d-57f2-fdd9-18f9dc397fb5','0',1505356866),(378,'c3a9548d-832d-57f2-fdd9-18f9dc397fb5','0',1505357219),(379,'3e0b1448-7562-48cc-f885-3986a3bee7fa','0',1505357844),(380,'b9d25df4-8e9e-f917-f559-4872db0b9ea6','0',1505358059),(381,'c3a9548d-832d-57f2-fdd9-18f9dc397fb5','0',1505359494),(382,'b9d25df4-8e9e-f917-f559-4872db0b9ea6','0',1505359704),(383,'c3a9548d-832d-57f2-fdd9-18f9dc397fb5','0',1505360449),(384,'b9d25df4-8e9e-f917-f559-4872db0b9ea6','0',1505368979),(385,'b9d25df4-8e9e-f917-f559-4872db0b9ea6','0',1505369005),(386,'0f584f9c-befb-a17e-b205-765cd7efde33','0',1505369075),(387,'3e0b1448-7562-48cc-f885-3986a3bee7fa','0',1505369426),(388,'3e0b1448-7562-48cc-f885-3986a3bee7fa','0',1505370559),(389,'c3a9548d-832d-57f2-fdd9-18f9dc397fb5','0',1505373118),(390,'3e0b1448-7562-48cc-f885-3986a3bee7fa','0',1505373619),(391,'c3a9548d-832d-57f2-fdd9-18f9dc397fb5','0',1505374025),(392,'b9d25df4-8e9e-f917-f559-4872db0b9ea6','0',1505374595),(393,'3e0b1448-7562-48cc-f885-3986a3bee7fa','0',1505376592),(394,'c3a9548d-832d-57f2-fdd9-18f9dc397fb5','0',1505377230),(395,'c3a9548d-832d-57f2-fdd9-18f9dc397fb5','0',1505377425),(396,'b9d25df4-8e9e-f917-f559-4872db0b9ea6','0',1505378192),(397,'a4e6de38-15c9-9199-f139-68f8d3571899','0',1505379783),(398,'b9d25df4-8e9e-f917-f559-4872db0b9ea6','0',1505380096),(399,'b9d25df4-8e9e-f917-f559-4872db0b9ea6','0',1505386168),(400,'b9d25df4-8e9e-f917-f559-4872db0b9ea6','0',1505437510),(401,'c3a9548d-832d-57f2-fdd9-18f9dc397fb5','0',1505442348),(402,'3e0b1448-7562-48cc-f885-3986a3bee7fa','0',1505443602),(403,'3e0b1448-7562-48cc-f885-3986a3bee7fa','0',1505444379),(404,'c3a9548d-832d-57f2-fdd9-18f9dc397fb5','0',1505444667),(405,'3e0b1448-7562-48cc-f885-3986a3bee7fa','0',1505450214),(406,'3e0b1448-7562-48cc-f885-3986a3bee7fa','0',1505460979),(407,'c3a9548d-832d-57f2-fdd9-18f9dc397fb5','0',1505461326),(408,'3e0b1448-7562-48cc-f885-3986a3bee7fa','0',1505464028),(409,'3e0b1448-7562-48cc-f885-3986a3bee7fa','0',1505464190),(410,'c3a9548d-832d-57f2-fdd9-18f9dc397fb5','0',1505468821),(411,'b9d25df4-8e9e-f917-f559-4872db0b9ea6','0',1505470048),(412,'b9d25df4-8e9e-f917-f559-4872db0b9ea6','0',1505470388),(413,'b9d25df4-8e9e-f917-f559-4872db0b9ea6','0',1505470660),(414,'b9d25df4-8e9e-f917-f559-4872db0b9ea6','0',1505470950),(415,'b9d25df4-8e9e-f917-f559-4872db0b9ea6','0',1505471263),(416,'b9d25df4-8e9e-f917-f559-4872db0b9ea6','0',1505471356),(417,'b9d25df4-8e9e-f917-f559-4872db0b9ea6','0',1505472086),(418,'b9d25df4-8e9e-f917-f559-4872db0b9ea6','0',1505472486),(419,'b9d25df4-8e9e-f917-f559-4872db0b9ea6','0',1505472637),(420,'b9d25df4-8e9e-f917-f559-4872db0b9ea6','0',1505472729),(421,'b9d25df4-8e9e-f917-f559-4872db0b9ea6','0',1505472815),(422,'b9d25df4-8e9e-f917-f559-4872db0b9ea6','0',1505695996),(423,'b9d25df4-8e9e-f917-f559-4872db0b9ea6','0',1505697098),(424,'b9d25df4-8e9e-f917-f559-4872db0b9ea6','0',1505697173),(425,'b9d25df4-8e9e-f917-f559-4872db0b9ea6','0',1505699468),(426,'c3a9548d-832d-57f2-fdd9-18f9dc397fb5','0',1505699971),(427,'b9d25df4-8e9e-f917-f559-4872db0b9ea6','0',1505700786),(428,'b9d25df4-8e9e-f917-f559-4872db0b9ea6','0',1505700977),(429,'b9d25df4-8e9e-f917-f559-4872db0b9ea6','0',1505701054),(430,'b9d25df4-8e9e-f917-f559-4872db0b9ea6','0',1505701209),(431,'b9d25df4-8e9e-f917-f559-4872db0b9ea6','0',1505701269),(432,'b9d25df4-8e9e-f917-f559-4872db0b9ea6','0',1505701453),(433,'b9d25df4-8e9e-f917-f559-4872db0b9ea6','0',1505701641),(434,'b9d25df4-8e9e-f917-f559-4872db0b9ea6','0',1505701705),(435,'b9d25df4-8e9e-f917-f559-4872db0b9ea6','0',1505701791),(436,'b9d25df4-8e9e-f917-f559-4872db0b9ea6','0',1505701851),(437,'b9d25df4-8e9e-f917-f559-4872db0b9ea6','0',1505702274),(438,'b9d25df4-8e9e-f917-f559-4872db0b9ea6','0',1505702430),(439,'b9d25df4-8e9e-f917-f559-4872db0b9ea6','0',1505703006),(440,'b9d25df4-8e9e-f917-f559-4872db0b9ea6','0',1505703210),(441,'b9d25df4-8e9e-f917-f559-4872db0b9ea6','0',1505703308),(442,'b9d25df4-8e9e-f917-f559-4872db0b9ea6','0',1505703432),(443,'b9d25df4-8e9e-f917-f559-4872db0b9ea6','0',1505703648),(444,'b9d25df4-8e9e-f917-f559-4872db0b9ea6','0',1505704121),(445,'b9d25df4-8e9e-f917-f559-4872db0b9ea6','0',1505704352),(446,'b9d25df4-8e9e-f917-f559-4872db0b9ea6','0',1505707660),(447,'b9d25df4-8e9e-f917-f559-4872db0b9ea6','0',1505712898),(448,'b9d25df4-8e9e-f917-f559-4872db0b9ea6','0',1505713064),(449,'3e0b1448-7562-48cc-f885-3986a3bee7fa','0',1505713170),(450,'b9d25df4-8e9e-f917-f559-4872db0b9ea6','0',1505713949),(451,'c3a9548d-832d-57f2-fdd9-18f9dc397fb5','0',1505714409),(452,'b9d25df4-8e9e-f917-f559-4872db0b9ea6','0',1505714492),(453,'b9d25df4-8e9e-f917-f559-4872db0b9ea6','0',1505715804),(454,'b9d25df4-8e9e-f917-f559-4872db0b9ea6','0',1505715881),(455,'b9d25df4-8e9e-f917-f559-4872db0b9ea6','0',1505716665),(456,'b9d25df4-8e9e-f917-f559-4872db0b9ea6','0',1505717330),(457,'b9d25df4-8e9e-f917-f559-4872db0b9ea6','0',1505717458),(458,'b9d25df4-8e9e-f917-f559-4872db0b9ea6','0',1505717542),(459,'b9d25df4-8e9e-f917-f559-4872db0b9ea6','0',1505718591),(460,'b9d25df4-8e9e-f917-f559-4872db0b9ea6','0',1505720064),(461,'b9d25df4-8e9e-f917-f559-4872db0b9ea6','0',1505720255),(462,'b9d25df4-8e9e-f917-f559-4872db0b9ea6','0',1505720489),(463,'c3a9548d-832d-57f2-fdd9-18f9dc397fb5','0',1505720605),(464,'b9d25df4-8e9e-f917-f559-4872db0b9ea6','0',1505720725),(465,'b9d25df4-8e9e-f917-f559-4872db0b9ea6','0',1505720866),(466,'b9d25df4-8e9e-f917-f559-4872db0b9ea6','0',1505721144),(467,'b9d25df4-8e9e-f917-f559-4872db0b9ea6','0',1505721606),(468,'499d7c58-08b3-45e6-1a12-ab99c53f596b','0',1505722052),(469,'499d7c58-08b3-45e6-1a12-ab99c53f596b','0',1505722258),(470,'b9d25df4-8e9e-f917-f559-4872db0b9ea6','0',1505722880),(471,'b9d25df4-8e9e-f917-f559-4872db0b9ea6','0',1505722956),(472,'b9d25df4-8e9e-f917-f559-4872db0b9ea6','0',1505724462),(473,'b9d25df4-8e9e-f917-f559-4872db0b9ea6','0',1505725806),(474,'499d7c58-08b3-45e6-1a12-ab99c53f596b','0',1505727779),(475,'499d7c58-08b3-45e6-1a12-ab99c53f596b','0',1505728371),(476,'3e0b1448-7562-48cc-f885-3986a3bee7fa','0',1505729664),(477,'b9d25df4-8e9e-f917-f559-4872db0b9ea6','0',1505784818),(478,'b9d25df4-8e9e-f917-f559-4872db0b9ea6','0',1505785139),(479,'b9d25df4-8e9e-f917-f559-4872db0b9ea6','0',1505785575),(480,'c3a9548d-832d-57f2-fdd9-18f9dc397fb5','0',1505786053),(481,'3e0b1448-7562-48cc-f885-3986a3bee7fa','0',1505788195),(482,'b9d25df4-8e9e-f917-f559-4872db0b9ea6','0',1505792381),(483,'b9d25df4-8e9e-f917-f559-4872db0b9ea6','0',1505792961),(484,'b9d25df4-8e9e-f917-f559-4872db0b9ea6','0',1505800039),(485,'b9d25df4-8e9e-f917-f559-4872db0b9ea6','0',1505800351),(486,'b9d25df4-8e9e-f917-f559-4872db0b9ea6','0',1505800551),(487,'b9d25df4-8e9e-f917-f559-4872db0b9ea6','0',1505800702),(488,'b9d25df4-8e9e-f917-f559-4872db0b9ea6','0',1505801836),(489,'b9d25df4-8e9e-f917-f559-4872db0b9ea6','0',1505802185),(490,'b9d25df4-8e9e-f917-f559-4872db0b9ea6','0',1505802327),(491,'b9d25df4-8e9e-f917-f559-4872db0b9ea6','0',1505802805),(492,'c3a9548d-832d-57f2-fdd9-18f9dc397fb5','0',1505803589),(493,'b9d25df4-8e9e-f917-f559-4872db0b9ea6','0',1505804331),(494,'b9d25df4-8e9e-f917-f559-4872db0b9ea6','0',1505805449),(495,'b9d25df4-8e9e-f917-f559-4872db0b9ea6','0',1505807799),(496,'b9d25df4-8e9e-f917-f559-4872db0b9ea6','0',1505807982),(497,'b9d25df4-8e9e-f917-f559-4872db0b9ea6','0',1505808248),(498,'b9d25df4-8e9e-f917-f559-4872db0b9ea6','0',1505808843),(499,'b9d25df4-8e9e-f917-f559-4872db0b9ea6','0',1505810871),(500,'b9d25df4-8e9e-f917-f559-4872db0b9ea6','0',1505811520),(501,'b9d25df4-8e9e-f917-f559-4872db0b9ea6','0',1505813233),(502,'b9d25df4-8e9e-f917-f559-4872db0b9ea6','0',1505813816),(503,'b9d25df4-8e9e-f917-f559-4872db0b9ea6','0',1505814225),(504,'b9d25df4-8e9e-f917-f559-4872db0b9ea6','0',1505814299),(505,'b9d25df4-8e9e-f917-f559-4872db0b9ea6','0',1505816731),(506,'b9d25df4-8e9e-f917-f559-4872db0b9ea6','0',1505816780),(507,'b9d25df4-8e9e-f917-f559-4872db0b9ea6','0',1505817778),(508,'b9d25df4-8e9e-f917-f559-4872db0b9ea6','0',1505887069),(509,'b9d25df4-8e9e-f917-f559-4872db0b9ea6','0',1505887101),(510,'b9d25df4-8e9e-f917-f559-4872db0b9ea6','0',1505888618),(511,'c3a9548d-832d-57f2-fdd9-18f9dc397fb5','0',1505891119),(512,'b9d25df4-8e9e-f917-f559-4872db0b9ea6','0',1505891121),(513,'b9d25df4-8e9e-f917-f559-4872db0b9ea6','0',1505892036),(514,'c3a9548d-832d-57f2-fdd9-18f9dc397fb5','0',1505902243),(515,'b9d25df4-8e9e-f917-f559-4872db0b9ea6','0',1505902724),(516,'b9d25df4-8e9e-f917-f559-4872db0b9ea6','0',1505955919),(517,'b9d25df4-8e9e-f917-f559-4872db0b9ea6','0',1505960533),(518,'b9d25df4-8e9e-f917-f559-4872db0b9ea6','0',1505960757),(519,'b9d25df4-8e9e-f917-f559-4872db0b9ea6','0',1505960876),(520,'c3a9548d-832d-57f2-fdd9-18f9dc397fb5','0',1505965399),(521,'3e0b1448-7562-48cc-f885-3986a3bee7fa','0',1505966427),(522,'c3a9548d-832d-57f2-fdd9-18f9dc397fb5','0',1505974046),(523,'3e0b1448-7562-48cc-f885-3986a3bee7fa','0',1505974149),(524,'3e0b1448-7562-48cc-f885-3986a3bee7fa','0',1505974279),(525,'3e0b1448-7562-48cc-f885-3986a3bee7fa','0',1505974829),(526,'3e0b1448-7562-48cc-f885-3986a3bee7fa','0',1505976001),(527,'b9d25df4-8e9e-f917-f559-4872db0b9ea6','0',1505987329),(528,'3e0b1448-7562-48cc-f885-3986a3bee7fa','0',1505989841),(529,'c3a9548d-832d-57f2-fdd9-18f9dc397fb5','0',1505989952),(530,'b9d25df4-8e9e-f917-f559-4872db0b9ea6','0',1506042080),(531,'3e0b1448-7562-48cc-f885-3986a3bee7fa','0',1506043247),(532,'b9d25df4-8e9e-f917-f559-4872db0b9ea6','0',1506046690),(533,'9175a40c-31f2-bbec-2134-27935378cf65','0',1506049639),(534,'b9d25df4-8e9e-f917-f559-4872db0b9ea6','0',1506049663),(535,'16e1481c-86e7-b9a5-e707-a1b2cdf766c3','0',1506049920),(536,'16e1481c-86e7-b9a5-e707-a1b2cdf766c3','0',1506050346),(537,'b9d25df4-8e9e-f917-f559-4872db0b9ea6','0',1506051017),(538,'c3a9548d-832d-57f2-fdd9-18f9dc397fb5','0',1506051482),(539,'b9d25df4-8e9e-f917-f559-4872db0b9ea6','0',1506052357),(540,'3e0b1448-7562-48cc-f885-3986a3bee7fa','0',1506061200),(541,'c3a9548d-832d-57f2-fdd9-18f9dc397fb5','0',1506062547),(542,'b9d25df4-8e9e-f917-f559-4872db0b9ea6','0',1506065603),(543,'b9d25df4-8e9e-f917-f559-4872db0b9ea6','0',1506068139),(544,'0f584f9c-befb-a17e-b205-765cd7efde33','0',1506068442),(545,'b9d25df4-8e9e-f917-f559-4872db0b9ea6','0',1506068517),(546,'3e0b1448-7562-48cc-f885-3986a3bee7fa','0',1506069081),(547,'b9d25df4-8e9e-f917-f559-4872db0b9ea6','0',1506069554),(548,'b9d25df4-8e9e-f917-f559-4872db0b9ea6','0',1506069670),(549,'b9d25df4-8e9e-f917-f559-4872db0b9ea6','0',1506070100),(550,'b9d25df4-8e9e-f917-f559-4872db0b9ea6','0',1506072538),(551,'b9d25df4-8e9e-f917-f559-4872db0b9ea6','0',1506072809),(552,'b9d25df4-8e9e-f917-f559-4872db0b9ea6','0',1506072823),(553,'b9d25df4-8e9e-f917-f559-4872db0b9ea6','0',1506072847),(554,'b9d25df4-8e9e-f917-f559-4872db0b9ea6','0',1506076429),(555,'b9d25df4-8e9e-f917-f559-4872db0b9ea6','0',1506077289),(556,'b9d25df4-8e9e-f917-f559-4872db0b9ea6','0',1506158612),(557,'b49431dc-5f76-2813-547d-198ff2e6e3a8','0',1506178625),(558,'3ca03517-fc7f-d67c-45c3-5ce84f58d92d','0',1506228363),(559,'b9d25df4-8e9e-f917-f559-4872db0b9ea6','0',1506301790),(560,'16e1481c-86e7-b9a5-e707-a1b2cdf766c3','0',1506303133),(561,'16e1481c-86e7-b9a5-e707-a1b2cdf766c3','0',1506305726),(562,'3e0b1448-7562-48cc-f885-3986a3bee7fa','0',1506310807),(563,'3e0b1448-7562-48cc-f885-3986a3bee7fa','0',1506311246),(564,'c3a9548d-832d-57f2-fdd9-18f9dc397fb5','0',1506311525),(565,'c3a9548d-832d-57f2-fdd9-18f9dc397fb5','0',1506311525),(566,'c3a9548d-832d-57f2-fdd9-18f9dc397fb5','0',1506317713),(567,'b9d25df4-8e9e-f917-f559-4872db0b9ea6','0',1506317986),(568,'b9d25df4-8e9e-f917-f559-4872db0b9ea6','0',1506319104),(569,'723885d5-28ac-a37f-45cb-938ae707208a','0',1506320046),(570,'b9d25df4-8e9e-f917-f559-4872db0b9ea6','0',1506322705),(571,'b9d25df4-8e9e-f917-f559-4872db0b9ea6','0',1506322856),(572,'b9d25df4-8e9e-f917-f559-4872db0b9ea6','0',1506322950),(573,'c3a9548d-832d-57f2-fdd9-18f9dc397fb5','0',1506323205),(574,'b9d25df4-8e9e-f917-f559-4872db0b9ea6','0',1506324971),(575,'b9d25df4-8e9e-f917-f559-4872db0b9ea6','0',1506327699),(576,'b9d25df4-8e9e-f917-f559-4872db0b9ea6','0',1506329504),(577,'c3a9548d-832d-57f2-fdd9-18f9dc397fb5','0',1506334685),(578,'3e0b1448-7562-48cc-f885-3986a3bee7fa','0',1506387872),(579,'3e0b1448-7562-48cc-f885-3986a3bee7fa','0',1506388570),(580,'b9d25df4-8e9e-f917-f559-4872db0b9ea6','0',1506389000),(581,'16e1481c-86e7-b9a5-e707-a1b2cdf766c3','0',1506390116),(582,'3e0b1448-7562-48cc-f885-3986a3bee7fa','0',1506391914),(583,'c3a9548d-832d-57f2-fdd9-18f9dc397fb5','0',1506393170),(584,'16e1481c-86e7-b9a5-e707-a1b2cdf766c3','0',1506395629),(585,'16e1481c-86e7-b9a5-e707-a1b2cdf766c3','0',1506395718),(586,'3e0b1448-7562-48cc-f885-3986a3bee7fa','0',1506396781),(587,'16e1481c-86e7-b9a5-e707-a1b2cdf766c3','0',1506397080),(588,'16e1481c-86e7-b9a5-e707-a1b2cdf766c3','0',1506397275),(589,'c3a9548d-832d-57f2-fdd9-18f9dc397fb5','0',1506397424),(590,'16e1481c-86e7-b9a5-e707-a1b2cdf766c3','0',1506398154),(591,'b9d25df4-8e9e-f917-f559-4872db0b9ea6','0',1506398162),(592,'16e1481c-86e7-b9a5-e707-a1b2cdf766c3','0',1506398231),(593,'16e1481c-86e7-b9a5-e707-a1b2cdf766c3','0',1506398585),(594,'16e1481c-86e7-b9a5-e707-a1b2cdf766c3','0',1506398629),(595,'16e1481c-86e7-b9a5-e707-a1b2cdf766c3','0',1506408553),(596,'16e1481c-86e7-b9a5-e707-a1b2cdf766c3','0',1506411954),(597,'16e1481c-86e7-b9a5-e707-a1b2cdf766c3','0',1506415402),(598,'16e1481c-86e7-b9a5-e707-a1b2cdf766c3','0',1506420301),(599,'16e1481c-86e7-b9a5-e707-a1b2cdf766c3','0',1506420496),(600,'16e1481c-86e7-b9a5-e707-a1b2cdf766c3','0',1506420628),(601,'16e1481c-86e7-b9a5-e707-a1b2cdf766c3','0',1506420670),(602,'16e1481c-86e7-b9a5-e707-a1b2cdf766c3','0',1506420717),(603,'16e1481c-86e7-b9a5-e707-a1b2cdf766c3','0',1506420819),(604,'16e1481c-86e7-b9a5-e707-a1b2cdf766c3','0',1506420866),(605,'16e1481c-86e7-b9a5-e707-a1b2cdf766c3','0',1506468175),(606,'16e1481c-86e7-b9a5-e707-a1b2cdf766c3','0',1506474318),(607,'3e0b1448-7562-48cc-f885-3986a3bee7fa','0',1506474555),(608,'3e0b1448-7562-48cc-f885-3986a3bee7fa','0',1506474566),(609,'3e0b1448-7562-48cc-f885-3986a3bee7fa','0',1506474588),(610,'3e0b1448-7562-48cc-f885-3986a3bee7fa','0',1506474657),(611,'3e0b1448-7562-48cc-f885-3986a3bee7fa','0',1506474687),(612,'3e0b1448-7562-48cc-f885-3986a3bee7fa','0',1506474703),(613,'3e0b1448-7562-48cc-f885-3986a3bee7fa','0',1506474752),(614,'b9d25df4-8e9e-f917-f559-4872db0b9ea6','0',1506474812),(615,'3e0b1448-7562-48cc-f885-3986a3bee7fa','0',1506474815),(616,'b9d25df4-8e9e-f917-f559-4872db0b9ea6','0',1506474953),(617,'16e1481c-86e7-b9a5-e707-a1b2cdf766c3','0',1506475264),(618,'3e0b1448-7562-48cc-f885-3986a3bee7fa','0',1506475485),(619,'b9d25df4-8e9e-f917-f559-4872db0b9ea6','0',1506475563),(620,'b9d25df4-8e9e-f917-f559-4872db0b9ea6','0',1506475734),(621,'b9d25df4-8e9e-f917-f559-4872db0b9ea6','0',1506475753),(622,'b9d25df4-8e9e-f917-f559-4872db0b9ea6','0',1506476134),(623,'b9d25df4-8e9e-f917-f559-4872db0b9ea6','0',1506476223),(624,'b9d25df4-8e9e-f917-f559-4872db0b9ea6','0',1506476235),(625,'b9d25df4-8e9e-f917-f559-4872db0b9ea6','0',1506476338),(626,'b9d25df4-8e9e-f917-f559-4872db0b9ea6','0',1506476349),(627,'b9d25df4-8e9e-f917-f559-4872db0b9ea6','0',1506476366),(628,'b9d25df4-8e9e-f917-f559-4872db0b9ea6','0',1506476414),(629,'b9d25df4-8e9e-f917-f559-4872db0b9ea6','0',1506476428),(630,'16e1481c-86e7-b9a5-e707-a1b2cdf766c3','0',1506476549),(631,'16e1481c-86e7-b9a5-e707-a1b2cdf766c3','0',1506476573),(632,'b9d25df4-8e9e-f917-f559-4872db0b9ea6','0',1506476603),(633,'16e1481c-86e7-b9a5-e707-a1b2cdf766c3','0',1506476609),(634,'16e1481c-86e7-b9a5-e707-a1b2cdf766c3','0',1506476644),(635,'16e1481c-86e7-b9a5-e707-a1b2cdf766c3','0',1506476806),(636,'16e1481c-86e7-b9a5-e707-a1b2cdf766c3','0',1506476822),(637,'16e1481c-86e7-b9a5-e707-a1b2cdf766c3','0',1506477141),(638,'16e1481c-86e7-b9a5-e707-a1b2cdf766c3','0',1506477574),(639,'b9d25df4-8e9e-f917-f559-4872db0b9ea6','0',1506480390),(640,'3e0b1448-7562-48cc-f885-3986a3bee7fa','0',1506480402),(641,'c3a9548d-832d-57f2-fdd9-18f9dc397fb5','0',1506494942),(642,'3e0b1448-7562-48cc-f885-3986a3bee7fa','0',1506495400),(643,'b9d25df4-8e9e-f917-f559-4872db0b9ea6','0',1506495585),(644,'0a9064ba-711f-5049-9300-c0cc88e1edf7','0',1506498506),(645,'c22311b4-4651-d39e-3c7c-22a69261310d','0',1506525699),(646,'c22311b4-4651-d39e-3c7c-22a69261310d','0',1506525707),(647,'b9d25df4-8e9e-f917-f559-4872db0b9ea6','0',1506560693),(648,'3e0b1448-7562-48cc-f885-3986a3bee7fa','0',1506562094),(649,'3e0b1448-7562-48cc-f885-3986a3bee7fa','0',1506563200),(650,'c3a9548d-832d-57f2-fdd9-18f9dc397fb5','0',1506563253),(651,'b9d25df4-8e9e-f917-f559-4872db0b9ea6','0',1506567142),(652,'b9d25df4-8e9e-f917-f559-4872db0b9ea6','0',1506567340),(653,'b9d25df4-8e9e-f917-f559-4872db0b9ea6','0',1506567520),(654,'16e1481c-86e7-b9a5-e707-a1b2cdf766c3','0',1506569889),(655,'b9d25df4-8e9e-f917-f559-4872db0b9ea6','0',1506579854),(656,'b9d25df4-8e9e-f917-f559-4872db0b9ea6','0',1506580502),(657,'0a9064ba-711f-5049-9300-c0cc88e1edf7','0',1506581376),(658,'0a9064ba-711f-5049-9300-c0cc88e1edf7','0',1506581377),(659,'0a9064ba-711f-5049-9300-c0cc88e1edf7','0',1506581438),(660,'c3a9548d-832d-57f2-fdd9-18f9dc397fb5','0',1506583994),(661,'7ec7e7e8-bd19-b84d-c352-884c434e9452','0',1506585342),(662,'16e1481c-86e7-b9a5-e707-a1b2cdf766c3','0',1506588212),(663,'3e0b1448-7562-48cc-f885-3986a3bee7fa','0',1506592320),(664,'3e0b1448-7562-48cc-f885-3986a3bee7fa','0',1506592423),(665,'3e0b1448-7562-48cc-f885-3986a3bee7fa','0',1506592554),(666,'3e0b1448-7562-48cc-f885-3986a3bee7fa','0',1506593088),(667,'3e0b1448-7562-48cc-f885-3986a3bee7fa','0',1506593195),(668,'3e0b1448-7562-48cc-f885-3986a3bee7fa','0',1506593249),(669,'b9d25df4-8e9e-f917-f559-4872db0b9ea6','0',1506593358),(670,'3e0b1448-7562-48cc-f885-3986a3bee7fa','0',1506593410),(671,'3e0b1448-7562-48cc-f885-3986a3bee7fa','0',1506593527),(672,'3e0b1448-7562-48cc-f885-3986a3bee7fa','0',1506593618),(673,'3e0b1448-7562-48cc-f885-3986a3bee7fa','0',1506593754),(674,'3e0b1448-7562-48cc-f885-3986a3bee7fa','0',1506593814),(675,'3e0b1448-7562-48cc-f885-3986a3bee7fa','0',1506593838),(676,'3e0b1448-7562-48cc-f885-3986a3bee7fa','0',1506594005),(677,'3e0b1448-7562-48cc-f885-3986a3bee7fa','0',1506594082),(678,'b9d25df4-8e9e-f917-f559-4872db0b9ea6','0',1506594133),(679,'0f584f9c-befb-a17e-b205-765cd7efde33','0',1506594174),(680,'3e0b1448-7562-48cc-f885-3986a3bee7fa','0',1506594407),(681,'b9d25df4-8e9e-f917-f559-4872db0b9ea6','0',1506594784),(682,'0f584f9c-befb-a17e-b205-765cd7efde33','0',1506596270),(683,'0f584f9c-befb-a17e-b205-765cd7efde33','0',1506596296),(684,'0f584f9c-befb-a17e-b205-765cd7efde33','0',1506596320),(685,'a9870c27-b006-c7b4-8d1f-f1c651b6a8fb','0',1506597469),(686,'764901cb-a00b-78a2-4a67-523552c88a5f','0',1506604287),(687,'16e1481c-86e7-b9a5-e707-a1b2cdf766c3','0',1506607846),(688,'16e1481c-86e7-b9a5-e707-a1b2cdf766c3','0',1506608010),(689,'8b172a9d-bcc6-002d-024f-f7842f3d4b87','0',1506608546),(690,'16e1481c-86e7-b9a5-e707-a1b2cdf766c3','0',1506610316),(691,'501969d6-b26d-bb2d-29e3-5264a923def9','0',1506610349),(692,'501969d6-b26d-bb2d-29e3-5264a923def9','0',1506610357),(693,'b9d25df4-8e9e-f917-f559-4872db0b9ea6','0',1506613164),(694,'b9d25df4-8e9e-f917-f559-4872db0b9ea6','0',1506613279),(695,'b9d25df4-8e9e-f917-f559-4872db0b9ea6','0',1506613329),(696,'b9d25df4-8e9e-f917-f559-4872db0b9ea6','0',1506647274),(697,'b9d25df4-8e9e-f917-f559-4872db0b9ea6','0',1506647325),(698,'b9d25df4-8e9e-f917-f559-4872db0b9ea6','0',1506647362),(699,'b9d25df4-8e9e-f917-f559-4872db0b9ea6','0',1506647431),(700,'3e0b1448-7562-48cc-f885-3986a3bee7fa','0',1506647728),(701,'3e0b1448-7562-48cc-f885-3986a3bee7fa','0',1506647771),(702,'b9d25df4-8e9e-f917-f559-4872db0b9ea6','0',1506647961),(703,'3e0b1448-7562-48cc-f885-3986a3bee7fa','0',1506648162),(704,'3e0b1448-7562-48cc-f885-3986a3bee7fa','0',1506648285),(705,'3e0b1448-7562-48cc-f885-3986a3bee7fa','0',1506648391),(706,'3e0b1448-7562-48cc-f885-3986a3bee7fa','0',1506649010),(707,'3e0b1448-7562-48cc-f885-3986a3bee7fa','0',1506649151),(708,'3e0b1448-7562-48cc-f885-3986a3bee7fa','0',1506649302),(709,'3e0b1448-7562-48cc-f885-3986a3bee7fa','0',1506650025),(710,'3e0b1448-7562-48cc-f885-3986a3bee7fa','0',1506650042),(711,'3e0b1448-7562-48cc-f885-3986a3bee7fa','0',1506650191),(712,'3e0b1448-7562-48cc-f885-3986a3bee7fa','0',1506650203),(713,'3e0b1448-7562-48cc-f885-3986a3bee7fa','0',1506650297),(714,'3e0b1448-7562-48cc-f885-3986a3bee7fa','0',1506650444),(715,'3e0b1448-7562-48cc-f885-3986a3bee7fa','0',1506650671),(716,'3e0b1448-7562-48cc-f885-3986a3bee7fa','0',1506650865),(717,'3e0b1448-7562-48cc-f885-3986a3bee7fa','0',1506651102),(718,'3e0b1448-7562-48cc-f885-3986a3bee7fa','0',1506651503),(719,'3e0b1448-7562-48cc-f885-3986a3bee7fa','0',1506651716),(720,'3e0b1448-7562-48cc-f885-3986a3bee7fa','0',1506651857),(721,'3e0b1448-7562-48cc-f885-3986a3bee7fa','0',1506651976),(722,'3e0b1448-7562-48cc-f885-3986a3bee7fa','0',1506652597),(723,'3e0b1448-7562-48cc-f885-3986a3bee7fa','0',1506652647),(724,'3e0b1448-7562-48cc-f885-3986a3bee7fa','0',1506653106),(725,'3e0b1448-7562-48cc-f885-3986a3bee7fa','0',1506653149),(726,'3e0b1448-7562-48cc-f885-3986a3bee7fa','0',1506653393),(727,'3e0b1448-7562-48cc-f885-3986a3bee7fa','0',1506653532),(728,'3e0b1448-7562-48cc-f885-3986a3bee7fa','0',1506656764),(729,'3e0b1448-7562-48cc-f885-3986a3bee7fa','0',1506656796),(730,'b9d25df4-8e9e-f917-f559-4872db0b9ea6','0',1506656968),(731,'b9d25df4-8e9e-f917-f559-4872db0b9ea6','0',1506656998),(732,'b9d25df4-8e9e-f917-f559-4872db0b9ea6','0',1506657025),(733,'b9d25df4-8e9e-f917-f559-4872db0b9ea6','0',1506657080),(734,'b9d25df4-8e9e-f917-f559-4872db0b9ea6','0',1506657124),(735,'b9d25df4-8e9e-f917-f559-4872db0b9ea6','0',1506657186),(736,'b9d25df4-8e9e-f917-f559-4872db0b9ea6','0',1506657348),(737,'3e0b1448-7562-48cc-f885-3986a3bee7fa','0',1506657368),(738,'b9d25df4-8e9e-f917-f559-4872db0b9ea6','0',1506657368),(739,'b9d25df4-8e9e-f917-f559-4872db0b9ea6','0',1506657406),(740,'3e0b1448-7562-48cc-f885-3986a3bee7fa','0',1506657852),(741,'0f584f9c-befb-a17e-b205-765cd7efde33','0',1506657899),(742,'0f584f9c-befb-a17e-b205-765cd7efde33','0',1506657918),(743,'3e0b1448-7562-48cc-f885-3986a3bee7fa','0',1506657997),(744,'3e0b1448-7562-48cc-f885-3986a3bee7fa','0',1506660409),(745,'3e0b1448-7562-48cc-f885-3986a3bee7fa','0',1506660751),(746,'3e0b1448-7562-48cc-f885-3986a3bee7fa','0',1506660803),(747,'3e0b1448-7562-48cc-f885-3986a3bee7fa','0',1506660966),(748,'3e0b1448-7562-48cc-f885-3986a3bee7fa','0',1506661302),(749,'3e0b1448-7562-48cc-f885-3986a3bee7fa','0',1506661402),(750,'3e0b1448-7562-48cc-f885-3986a3bee7fa','0',1506661449),(751,'3e0b1448-7562-48cc-f885-3986a3bee7fa','0',1506661513),(752,'3e0b1448-7562-48cc-f885-3986a3bee7fa','0',1506661587),(753,'bf670625-f384-b056-fab9-4c3f45314aa2','0',1506662361),(754,'b9d25df4-8e9e-f917-f559-4872db0b9ea6','0',1506662362),(755,'b9d25df4-8e9e-f917-f559-4872db0b9ea6','0',1506662441),(756,'b9d25df4-8e9e-f917-f559-4872db0b9ea6','0',1506662505),(757,'3e0b1448-7562-48cc-f885-3986a3bee7fa','0',1506662508),(758,'3e0b1448-7562-48cc-f885-3986a3bee7fa','0',1506662708),(759,'0f584f9c-befb-a17e-b205-765cd7efde33','0',1506662729),(760,'3e0b1448-7562-48cc-f885-3986a3bee7fa','0',1506662838),(761,'3e0b1448-7562-48cc-f885-3986a3bee7fa','0',1506662866),(762,'3e0b1448-7562-48cc-f885-3986a3bee7fa','0',1506662920),(763,'b9d25df4-8e9e-f917-f559-4872db0b9ea6','0',1506662940),(764,'0f584f9c-befb-a17e-b205-765cd7efde33','0',1506662975),(765,'0f584f9c-befb-a17e-b205-765cd7efde33','0',1506662993),(766,'0f584f9c-befb-a17e-b205-765cd7efde33','0',1506663060),(767,'0f584f9c-befb-a17e-b205-765cd7efde33','0',1506663078),(768,'0f584f9c-befb-a17e-b205-765cd7efde33','0',1506663108),(769,'3e0b1448-7562-48cc-f885-3986a3bee7fa','0',1506663169),(770,'0f584f9c-befb-a17e-b205-765cd7efde33','0',1506663176),(771,'b9d25df4-8e9e-f917-f559-4872db0b9ea6','0',1506663245),(772,'0a9064ba-711f-5049-9300-c0cc88e1edf7','0',1506663628),(773,'0a9064ba-711f-5049-9300-c0cc88e1edf7','0',1506663644),(774,'0a9064ba-711f-5049-9300-c0cc88e1edf7','0',1506663733),(775,'a9870c27-b006-c7b4-8d1f-f1c651b6a8fb','0',1506679729),(776,'026d27a6-eb7e-2688-a6e4-2f3199fce4ef','0',1507025701),(777,'16e1481c-86e7-b9a5-e707-a1b2cdf766c3','0',1507025727),(778,'b9d25df4-8e9e-f917-f559-4872db0b9ea6','0',1507176830),(779,'b9d25df4-8e9e-f917-f559-4872db0b9ea6','0',1507511571),(780,'16e1481c-86e7-b9a5-e707-a1b2cdf766c3','0',1507513461),(781,'c3a9548d-832d-57f2-fdd9-18f9dc397fb5','0',1507514015),(782,'16e1481c-86e7-b9a5-e707-a1b2cdf766c3','0',1507519550),(783,'16e1481c-86e7-b9a5-e707-a1b2cdf766c3','0',1507521371),(784,'c3a9548d-832d-57f2-fdd9-18f9dc397fb5','0',1507527868),(785,'b9d25df4-8e9e-f917-f559-4872db0b9ea6','0',1507535387),(786,'b9d25df4-8e9e-f917-f559-4872db0b9ea6','0',1507537676),(787,'b9d25df4-8e9e-f917-f559-4872db0b9ea6','0',1507537723),(788,'b9d25df4-8e9e-f917-f559-4872db0b9ea6','0',1507537846),(789,'b9d25df4-8e9e-f917-f559-4872db0b9ea6','0',1507537901),(790,'b9d25df4-8e9e-f917-f559-4872db0b9ea6','0',1507597338),(791,'b9d25df4-8e9e-f917-f559-4872db0b9ea6','0',1507599094),(792,'b9d25df4-8e9e-f917-f559-4872db0b9ea6','0',1507600043),(793,'16e1481c-86e7-b9a5-e707-a1b2cdf766c3','0',1507600928),(794,'b9d25df4-8e9e-f917-f559-4872db0b9ea6','0',1507606587),(795,'b9d25df4-8e9e-f917-f559-4872db0b9ea6','0',1507606982),(796,'b9d25df4-8e9e-f917-f559-4872db0b9ea6','0',1507616379),(797,'c3a9548d-832d-57f2-fdd9-18f9dc397fb5','0',1507619845),(798,'16e1481c-86e7-b9a5-e707-a1b2cdf766c3','0',1507621312),(799,'16e1481c-86e7-b9a5-e707-a1b2cdf766c3','0',1507621429),(800,'16e1481c-86e7-b9a5-e707-a1b2cdf766c3','0',1507621575),(801,'b9d25df4-8e9e-f917-f559-4872db0b9ea6','0',1507621592),(802,'b9d25df4-8e9e-f917-f559-4872db0b9ea6','0',1507621710),(803,'b9d25df4-8e9e-f917-f559-4872db0b9ea6','0',1507622724),(804,'0f584f9c-befb-a17e-b205-765cd7efde33','0',1507627798),(805,'0f584f9c-befb-a17e-b205-765cd7efde33','0',1507633279),(806,'c3a9548d-832d-57f2-fdd9-18f9dc397fb5','0',1507641005),(807,'499d7c58-08b3-45e6-1a12-ab99c53f596b','0',1507641246),(808,'c3a9548d-832d-57f2-fdd9-18f9dc397fb5','0',1507641592),(809,'3e0b1448-7562-48cc-f885-3986a3bee7fa','0',1507641658),(810,'3e0b1448-7562-48cc-f885-3986a3bee7fa','0',1507642444),(811,'3e0b1448-7562-48cc-f885-3986a3bee7fa','0',1507683941),(812,'b9d25df4-8e9e-f917-f559-4872db0b9ea6','0',1507684350),(813,'b9d25df4-8e9e-f917-f559-4872db0b9ea6','0',1507689973),(814,'c3a9548d-832d-57f2-fdd9-18f9dc397fb5','0',1507690164),(815,'c3a9548d-832d-57f2-fdd9-18f9dc397fb5','0',1507690655),(816,'0f584f9c-befb-a17e-b205-765cd7efde33','0',1507702296),(817,'b9d25df4-8e9e-f917-f559-4872db0b9ea6','0',1507702510),(818,'b9d25df4-8e9e-f917-f559-4872db0b9ea6','0',1507702715),(819,'b9d25df4-8e9e-f917-f559-4872db0b9ea6','0',1507702796),(820,'b9d25df4-8e9e-f917-f559-4872db0b9ea6','0',1507702985),(821,'b9d25df4-8e9e-f917-f559-4872db0b9ea6','0',1507706868),(822,'b9d25df4-8e9e-f917-f559-4872db0b9ea6','0',1507707784),(823,'16e1481c-86e7-b9a5-e707-a1b2cdf766c3','0',1507708100),(824,'16e1481c-86e7-b9a5-e707-a1b2cdf766c3','0',1507710368),(825,'16e1481c-86e7-b9a5-e707-a1b2cdf766c3','0',1507711551),(826,'3e0b1448-7562-48cc-f885-3986a3bee7fa','0',1507718471),(827,'c3a9548d-832d-57f2-fdd9-18f9dc397fb5','0',1507718602),(828,'b9d25df4-8e9e-f917-f559-4872db0b9ea6','0',1507770656),(829,'b9d25df4-8e9e-f917-f559-4872db0b9ea6','0',1507771782),(830,'16e1481c-86e7-b9a5-e707-a1b2cdf766c3','0',1507772631),(831,'16e1481c-86e7-b9a5-e707-a1b2cdf766c3','0',1507795596),(832,'c3a9548d-832d-57f2-fdd9-18f9dc397fb5','0',1507796480),(833,'16e1481c-86e7-b9a5-e707-a1b2cdf766c3','0',1507796623),(834,'16e1481c-86e7-b9a5-e707-a1b2cdf766c3','0',1507816392),(835,'b9d25df4-8e9e-f917-f559-4872db0b9ea6','0',1507856919),(836,'3e0b1448-7562-48cc-f885-3986a3bee7fa','0',1507862128),(837,'16e1481c-86e7-b9a5-e707-a1b2cdf766c3','0',1507867767),(838,'c3a9548d-832d-57f2-fdd9-18f9dc397fb5','0',1507876233),(839,'0f584f9c-befb-a17e-b205-765cd7efde33','0',1507876254),(840,'0f584f9c-befb-a17e-b205-765cd7efde33','0',1507876273),(841,'0f584f9c-befb-a17e-b205-765cd7efde33','0',1507876286),(842,'16e1481c-86e7-b9a5-e707-a1b2cdf766c3','0',1507881713),(843,'16e1481c-86e7-b9a5-e707-a1b2cdf766c3','0',1507883754),(844,'16e1481c-86e7-b9a5-e707-a1b2cdf766c3','0',1507883826),(845,'c3a9548d-832d-57f2-fdd9-18f9dc397fb5','0',1507888051),(846,'3e0b1448-7562-48cc-f885-3986a3bee7fa','0',1507958214),(847,'b9d25df4-8e9e-f917-f559-4872db0b9ea6','0',1507966893),(848,'b9d25df4-8e9e-f917-f559-4872db0b9ea6','0',1508116244),(849,'3e0b1448-7562-48cc-f885-3986a3bee7fa','0',1508116434),(850,'16e1481c-86e7-b9a5-e707-a1b2cdf766c3','0',1508116545),(851,'c3a9548d-832d-57f2-fdd9-18f9dc397fb5','0',1508117288),(852,'3e0b1448-7562-48cc-f885-3986a3bee7fa','0',1508123037),(853,'3e0b1448-7562-48cc-f885-3986a3bee7fa','0',1508123350),(854,'c3a9548d-832d-57f2-fdd9-18f9dc397fb5','0',1508132804),(855,'0f584f9c-befb-a17e-b205-765cd7efde33','0',1508133567),(856,'16e1481c-86e7-b9a5-e707-a1b2cdf766c3','0',1508134192),(857,'bf670625-f384-b056-fab9-4c3f45314aa2','0',1508159515),(858,'bf670625-f384-b056-fab9-4c3f45314aa2','0',1508159563),(859,'b9d25df4-8e9e-f917-f559-4872db0b9ea6','0',1508202667),(860,'16e1481c-86e7-b9a5-e707-a1b2cdf766c3','0',1508209528),(861,'16e1481c-86e7-b9a5-e707-a1b2cdf766c3','0',1508210032),(862,'3e0b1448-7562-48cc-f885-3986a3bee7fa','0',1508210222),(863,'16e1481c-86e7-b9a5-e707-a1b2cdf766c3','0',1508210507),(864,'16e1481c-86e7-b9a5-e707-a1b2cdf766c3','0',1508210753),(865,'b9d25df4-8e9e-f917-f559-4872db0b9ea6','0',1508211094),(866,'b9d25df4-8e9e-f917-f559-4872db0b9ea6','0',1508212338),(867,'b9d25df4-8e9e-f917-f559-4872db0b9ea6','0',1508212741),(868,'3e0b1448-7562-48cc-f885-3986a3bee7fa','0',1508212885),(869,'c3a9548d-832d-57f2-fdd9-18f9dc397fb5','0',1508212960),(870,'2f16d4fb-5378-6749-b27d-e802bd689bfb','0',1508218890),(871,'3e0b1448-7562-48cc-f885-3986a3bee7fa','0',1508220683),(872,'16e1481c-86e7-b9a5-e707-a1b2cdf766c3','0',1508223169),(873,'b9d25df4-8e9e-f917-f559-4872db0b9ea6','0',1508223951),(874,'c3a9548d-832d-57f2-fdd9-18f9dc397fb5','0',1508224083),(875,'b9d25df4-8e9e-f917-f559-4872db0b9ea6','0',1508224107),(876,'16e1481c-86e7-b9a5-e707-a1b2cdf766c3','0',1508224631),(877,'c3a9548d-832d-57f2-fdd9-18f9dc397fb5','0',1508224699),(878,'3e0b1448-7562-48cc-f885-3986a3bee7fa','0',1508224972),(879,'16e1481c-86e7-b9a5-e707-a1b2cdf766c3','0',1508224976),(880,'3e0b1448-7562-48cc-f885-3986a3bee7fa','0',1508225244),(881,'3e0b1448-7562-48cc-f885-3986a3bee7fa','0',1508225247),(882,'16e1481c-86e7-b9a5-e707-a1b2cdf766c3','0',1508225418),(883,'16e1481c-86e7-b9a5-e707-a1b2cdf766c3','0',1508225946),(884,'3e0b1448-7562-48cc-f885-3986a3bee7fa','0',1508226660),(885,'c3a9548d-832d-57f2-fdd9-18f9dc397fb5','0',1508226709),(886,'c3a9548d-832d-57f2-fdd9-18f9dc397fb5','0',1508227864),(887,'b9d25df4-8e9e-f917-f559-4872db0b9ea6','0',1508288951),(888,'3e0b1448-7562-48cc-f885-3986a3bee7fa','0',1508289209),(889,'3e0b1448-7562-48cc-f885-3986a3bee7fa','0',1508289749),(890,'0f584f9c-befb-a17e-b205-765cd7efde33','0',1508290414),(891,'0f584f9c-befb-a17e-b205-765cd7efde33','0',1508290725),(892,'c3a9548d-832d-57f2-fdd9-18f9dc397fb5','0',1508291485),(893,'c3a9548d-832d-57f2-fdd9-18f9dc397fb5','0',1508291629),(894,'b9d25df4-8e9e-f917-f559-4872db0b9ea6','0',1508292198),(895,'b9d25df4-8e9e-f917-f559-4872db0b9ea6','0',1508292397),(896,'b9d25df4-8e9e-f917-f559-4872db0b9ea6','0',1508292678),(897,'b9d25df4-8e9e-f917-f559-4872db0b9ea6','0',1508293109),(898,'16e1481c-86e7-b9a5-e707-a1b2cdf766c3','0',1508294250),(899,'16e1481c-86e7-b9a5-e707-a1b2cdf766c3','0',1508297889),(900,'16e1481c-86e7-b9a5-e707-a1b2cdf766c3','0',1508298021),(901,'c3a9548d-832d-57f2-fdd9-18f9dc397fb5','0',1508307385),(902,'0a9064ba-711f-5049-9300-c0cc88e1edf7','0',1508307458),(903,'0a9064ba-711f-5049-9300-c0cc88e1edf7','0',1508307510),(904,'16e1481c-86e7-b9a5-e707-a1b2cdf766c3','0',1508310052),(905,'b9d25df4-8e9e-f917-f559-4872db0b9ea6','0',1508310848),(906,'16e1481c-86e7-b9a5-e707-a1b2cdf766c3','0',1508312226),(907,'16e1481c-86e7-b9a5-e707-a1b2cdf766c3','0',1508312396),(908,'16e1481c-86e7-b9a5-e707-a1b2cdf766c3','0',1508312414),(909,'16e1481c-86e7-b9a5-e707-a1b2cdf766c3','0',1508312543),(910,'16e1481c-86e7-b9a5-e707-a1b2cdf766c3','0',1508318609),(911,'b9d25df4-8e9e-f917-f559-4872db0b9ea6','0',1508375233),(912,'b9d25df4-8e9e-f917-f559-4872db0b9ea6','0',1508376549),(913,'c3a9548d-832d-57f2-fdd9-18f9dc397fb5','0',1508376619),(914,'b9d25df4-8e9e-f917-f559-4872db0b9ea6','0',1508378834),(915,'b9d25df4-8e9e-f917-f559-4872db0b9ea6','0',1508378853),(916,'b9d25df4-8e9e-f917-f559-4872db0b9ea6','0',1508378856),(917,'16e1481c-86e7-b9a5-e707-a1b2cdf766c3','0',1508385634),(918,'16e1481c-86e7-b9a5-e707-a1b2cdf766c3','0',1508385724),(919,'c3a9548d-832d-57f2-fdd9-18f9dc397fb5','0',1508393394),(920,'b9d25df4-8e9e-f917-f559-4872db0b9ea6','0',1508402232),(921,'b9d25df4-8e9e-f917-f559-4872db0b9ea6','0',1508402659),(922,'b9d25df4-8e9e-f917-f559-4872db0b9ea6','0',1508402973),(923,'b9d25df4-8e9e-f917-f559-4872db0b9ea6','0',1508403012),(924,'b9d25df4-8e9e-f917-f559-4872db0b9ea6','0',1508403571),(925,'b9d25df4-8e9e-f917-f559-4872db0b9ea6','0',1508403624),(926,'b9d25df4-8e9e-f917-f559-4872db0b9ea6','0',1508463212),(927,'b9d25df4-8e9e-f917-f559-4872db0b9ea6','0',1508464417),(928,'b9d25df4-8e9e-f917-f559-4872db0b9ea6','0',1508464865),(929,'c3a9548d-832d-57f2-fdd9-18f9dc397fb5','0',1508469622),(930,'b9d25df4-8e9e-f917-f559-4872db0b9ea6','0',1508484436),(931,'b9d25df4-8e9e-f917-f559-4872db0b9ea6','0',1508485769),(932,'16e1481c-86e7-b9a5-e707-a1b2cdf766c3','0',1508486538),(933,'16e1481c-86e7-b9a5-e707-a1b2cdf766c3','0',1508487729),(934,'b9d25df4-8e9e-f917-f559-4872db0b9ea6','0',1508487964),(935,'b9d25df4-8e9e-f917-f559-4872db0b9ea6','0',1508488626),(936,'16e1481c-86e7-b9a5-e707-a1b2cdf766c3','0',1508488902),(937,'c3a9548d-832d-57f2-fdd9-18f9dc397fb5','0',1508491433),(938,'16e1481c-86e7-b9a5-e707-a1b2cdf766c3','0',1508492744),(939,'b9d25df4-8e9e-f917-f559-4872db0b9ea6','0',1508493348),(940,'16e1481c-86e7-b9a5-e707-a1b2cdf766c3','0',1508496082),(941,'16e1481c-86e7-b9a5-e707-a1b2cdf766c3','0',1508550238),(942,'0f584f9c-befb-a17e-b205-765cd7efde33','0',1508639594),(943,'16e1481c-86e7-b9a5-e707-a1b2cdf766c3','0',1508715543),(944,'4f1f968b-5fe1-82bc-4867-b55bd669ed20','0',1508720342),(945,'b9d25df4-8e9e-f917-f559-4872db0b9ea6','0',1508721070),(946,'0f584f9c-befb-a17e-b205-765cd7efde33','0',1508721920),(947,'16e1481c-86e7-b9a5-e707-a1b2cdf766c3','0',1508723219),(948,'16e1481c-86e7-b9a5-e707-a1b2cdf766c3','0',1508728333),(949,'501969d6-b26d-bb2d-29e3-5264a923def9','0',1508739377),(950,'0f584f9c-befb-a17e-b205-765cd7efde33','0',1508745048),(951,'0f584f9c-befb-a17e-b205-765cd7efde33','0',1508745082),(952,'0f584f9c-befb-a17e-b205-765cd7efde33','0',1508745297),(953,'c3a9548d-832d-57f2-fdd9-18f9dc397fb5','0',1508745640),(954,'16e1481c-86e7-b9a5-e707-a1b2cdf766c3','0',1508748691),(955,'2f16d4fb-5378-6749-b27d-e802bd689bfb','0',1508751978),(956,'b9d25df4-8e9e-f917-f559-4872db0b9ea6','0',1508808719),(957,'0f584f9c-befb-a17e-b205-765cd7efde33','0',1508809439),(958,'c3a9548d-832d-57f2-fdd9-18f9dc397fb5','0',1508811088),(959,'c3a9548d-832d-57f2-fdd9-18f9dc397fb5','0',1508811095),(960,'0a9064ba-711f-5049-9300-c0cc88e1edf7','0',1508812371),(961,'b9d25df4-8e9e-f917-f559-4872db0b9ea6','0',1508813042),(962,'c3a9548d-832d-57f2-fdd9-18f9dc397fb5','0',1508825126),(963,'16e1481c-86e7-b9a5-e707-a1b2cdf766c3','0',1508831788),(964,'b9d25df4-8e9e-f917-f559-4872db0b9ea6','0',1508832596),(965,'b9d25df4-8e9e-f917-f559-4872db0b9ea6','0',1508832946),(966,'ed59c117-8a4c-9d88-adcf-840a97de634a','0',1508833044),(967,'ed59c117-8a4c-9d88-adcf-840a97de634a','0',1508833089),(968,'16e1481c-86e7-b9a5-e707-a1b2cdf766c3','0',1508838191),(969,'b9d25df4-8e9e-f917-f559-4872db0b9ea6','0',1508839801),(970,'b9d25df4-8e9e-f917-f559-4872db0b9ea6','0',1508839994),(971,'b9d25df4-8e9e-f917-f559-4872db0b9ea6','0',1508840062),(972,'b9d25df4-8e9e-f917-f559-4872db0b9ea6','0',1508840534),(973,'b9d25df4-8e9e-f917-f559-4872db0b9ea6','0',1508841736),(974,'0a9064ba-711f-5049-9300-c0cc88e1edf7','0',1508893010),(975,'b9d25df4-8e9e-f917-f559-4872db0b9ea6','0',1508893766),(976,'b9d25df4-8e9e-f917-f559-4872db0b9ea6','0',1508894591),(977,'b9d25df4-8e9e-f917-f559-4872db0b9ea6','0',1508896837),(978,'b9d25df4-8e9e-f917-f559-4872db0b9ea6','0',1508896954),(979,'c3a9548d-832d-57f2-fdd9-18f9dc397fb5','0',1508896984),(980,'3e0b1448-7562-48cc-f885-3986a3bee7fa','0',1508897443),(981,'0f584f9c-befb-a17e-b205-765cd7efde33','0',1508898202),(982,'3e0b1448-7562-48cc-f885-3986a3bee7fa','0',1508919292),(983,'c3a9548d-832d-57f2-fdd9-18f9dc397fb5','0',1508920206),(984,'3e0b1448-7562-48cc-f885-3986a3bee7fa','0',1508922852),(985,'c3a9548d-832d-57f2-fdd9-18f9dc397fb5','0',1508923408),(986,'3e0b1448-7562-48cc-f885-3986a3bee7fa','0',1508924372),(987,'c3a9548d-832d-57f2-fdd9-18f9dc397fb5','0',1508925016),(988,'3e0b1448-7562-48cc-f885-3986a3bee7fa','0',1508927059),(989,'b9d25df4-8e9e-f917-f559-4872db0b9ea6','0',1508980267),(990,'b9d25df4-8e9e-f917-f559-4872db0b9ea6','0',1508980801),(991,'3e0b1448-7562-48cc-f885-3986a3bee7fa','0',1508988296),(992,'3e0b1448-7562-48cc-f885-3986a3bee7fa','0',1508989782),(993,'c3a9548d-832d-57f2-fdd9-18f9dc397fb5','0',1508989853),(994,'c3a9548d-832d-57f2-fdd9-18f9dc397fb5','0',1508996942),(995,'99ae361d-552d-eae5-f419-5d1105cf8434','0',1508997928),(996,'bf670625-f384-b056-fab9-4c3f45314aa2','0',1509009210),(997,'bf670625-f384-b056-fab9-4c3f45314aa2','0',1509009241),(998,'5ebb9e8c-78ee-ffcc-1212-66411a91bf23','0',1509023241),(999,'026d27a6-eb7e-2688-a6e4-2f3199fce4ef','0',1509023242),(1000,'b9d25df4-8e9e-f917-f559-4872db0b9ea6','0',1509066601),(1001,'c3a9548d-832d-57f2-fdd9-18f9dc397fb5','0',1509067397),(1002,'b9d25df4-8e9e-f917-f559-4872db0b9ea6','0',1509074104),(1003,'b9d25df4-8e9e-f917-f559-4872db0b9ea6','0',1509083771),(1004,'3e0b1448-7562-48cc-f885-3986a3bee7fa','0',1509084076),(1005,'b9d25df4-8e9e-f917-f559-4872db0b9ea6','0',1509084573),(1006,'3e0b1448-7562-48cc-f885-3986a3bee7fa','0',1509084578),(1007,'3e0b1448-7562-48cc-f885-3986a3bee7fa','0',1509084641),(1008,'b9d25df4-8e9e-f917-f559-4872db0b9ea6','0',1509084982),(1009,'b9d25df4-8e9e-f917-f559-4872db0b9ea6','0',1509085608),(1010,'b9d25df4-8e9e-f917-f559-4872db0b9ea6','0',1509085688),(1011,'3e0b1448-7562-48cc-f885-3986a3bee7fa','0',1509085725),(1012,'16e1481c-86e7-b9a5-e707-a1b2cdf766c3','0',1509093832),(1013,'0f584f9c-befb-a17e-b205-765cd7efde33','0',1509096274),(1014,'b9d25df4-8e9e-f917-f559-4872db0b9ea6','0',1509325840),(1015,'b9d25df4-8e9e-f917-f559-4872db0b9ea6','0',1509328059),(1016,'b9d25df4-8e9e-f917-f559-4872db0b9ea6','0',1509328173),(1017,'c3a9548d-832d-57f2-fdd9-18f9dc397fb5','0',1509328543),(1018,'b9d25df4-8e9e-f917-f559-4872db0b9ea6','0',1509329005),(1019,'b9d25df4-8e9e-f917-f559-4872db0b9ea6','0',1509330802),(1020,'b9d25df4-8e9e-f917-f559-4872db0b9ea6','0',1509331127),(1021,'b9d25df4-8e9e-f917-f559-4872db0b9ea6','0',1509331227),(1022,'b9d25df4-8e9e-f917-f559-4872db0b9ea6','0',1509331558),(1023,'c3a9548d-832d-57f2-fdd9-18f9dc397fb5','0',1509332479),(1024,'b9d25df4-8e9e-f917-f559-4872db0b9ea6','0',1509333010),(1025,'b9d25df4-8e9e-f917-f559-4872db0b9ea6','0',1509333329),(1026,'b9d25df4-8e9e-f917-f559-4872db0b9ea6','0',1509333537),(1027,'b9d25df4-8e9e-f917-f559-4872db0b9ea6','0',1509334953),(1028,'b9d25df4-8e9e-f917-f559-4872db0b9ea6','0',1509335627),(1029,'16e1481c-86e7-b9a5-e707-a1b2cdf766c3','0',1509340967),(1030,'16e1481c-86e7-b9a5-e707-a1b2cdf766c3','0',1509344776),(1031,'16e1481c-86e7-b9a5-e707-a1b2cdf766c3','0',1509348179),(1032,'c3a9548d-832d-57f2-fdd9-18f9dc397fb5','0',1509349218),(1033,'3e0b1448-7562-48cc-f885-3986a3bee7fa','0',1509350063),(1034,'c3a9548d-832d-57f2-fdd9-18f9dc397fb5','0',1509350170),(1035,'0f584f9c-befb-a17e-b205-765cd7efde33','0',1509351373),(1036,'16e1481c-86e7-b9a5-e707-a1b2cdf766c3','0',1509356699),(1037,'16e1481c-86e7-b9a5-e707-a1b2cdf766c3','0',1509356899),(1038,'0f584f9c-befb-a17e-b205-765cd7efde33','0',1509357939),(1039,'b9d25df4-8e9e-f917-f559-4872db0b9ea6','0',1509412446),(1040,'c3a9548d-832d-57f2-fdd9-18f9dc397fb5','0',1509415677),(1041,'c3a9548d-832d-57f2-fdd9-18f9dc397fb5','0',1509421116),(1042,'16e1481c-86e7-b9a5-e707-a1b2cdf766c3','0',1509421857),(1043,'c3a9548d-832d-57f2-fdd9-18f9dc397fb5','0',1509430560),(1044,'c3a9548d-832d-57f2-fdd9-18f9dc397fb5','0',1509433751),(1045,'3e0b1448-7562-48cc-f885-3986a3bee7fa','0',1509434095),(1046,'16e1481c-86e7-b9a5-e707-a1b2cdf766c3','0',1509434294),(1047,'3e0b1448-7562-48cc-f885-3986a3bee7fa','0',1509434306),(1048,'c3a9548d-832d-57f2-fdd9-18f9dc397fb5','0',1509436527),(1049,'16e1481c-86e7-b9a5-e707-a1b2cdf766c3','0',1509464278),(1050,'b9d25df4-8e9e-f917-f559-4872db0b9ea6','0',1509499952),(1051,'b9d25df4-8e9e-f917-f559-4872db0b9ea6','0',1509503991),(1052,'b9d25df4-8e9e-f917-f559-4872db0b9ea6','0',1509506091),(1053,'b9d25df4-8e9e-f917-f559-4872db0b9ea6','0',1509506109),(1054,'c3a9548d-832d-57f2-fdd9-18f9dc397fb5','0',1509508383),(1055,'bf670625-f384-b056-fab9-4c3f45314aa2','0',1509514851),(1056,'c3a9548d-832d-57f2-fdd9-18f9dc397fb5','0',1509518240),(1057,'b9d25df4-8e9e-f917-f559-4872db0b9ea6','0',1509522220),(1058,'16e1481c-86e7-b9a5-e707-a1b2cdf766c3','0',1509522790),(1059,'b9d25df4-8e9e-f917-f559-4872db0b9ea6','0',1509523410),(1060,'c3a9548d-832d-57f2-fdd9-18f9dc397fb5','0',1509533080),(1061,'16e1481c-86e7-b9a5-e707-a1b2cdf766c3','0',1509535503),(1062,'16e1481c-86e7-b9a5-e707-a1b2cdf766c3','0',1509535544),(1063,'b9d25df4-8e9e-f917-f559-4872db0b9ea6','0',1509585614),(1064,'16e1481c-86e7-b9a5-e707-a1b2cdf766c3','0',1509587747),(1065,'c3a9548d-832d-57f2-fdd9-18f9dc397fb5','0',1509588100),(1066,'16e1481c-86e7-b9a5-e707-a1b2cdf766c3','0',1509611164),(1067,'3e0b1448-7562-48cc-f885-3986a3bee7fa','0',1509611898),(1068,'b9d25df4-8e9e-f917-f559-4872db0b9ea6','0',1509611994),(1069,'3e0b1448-7562-48cc-f885-3986a3bee7fa','0',1509611997),(1070,'3e0b1448-7562-48cc-f885-3986a3bee7fa','0',1509612008),(1071,'b9d25df4-8e9e-f917-f559-4872db0b9ea6','0',1509612077),(1072,'b9d25df4-8e9e-f917-f559-4872db0b9ea6','0',1509612180),(1073,'b9d25df4-8e9e-f917-f559-4872db0b9ea6','0',1509612241),(1074,'b9d25df4-8e9e-f917-f559-4872db0b9ea6','0',1509612252),(1075,'b9d25df4-8e9e-f917-f559-4872db0b9ea6','0',1509612326),(1076,'b9d25df4-8e9e-f917-f559-4872db0b9ea6','0',1509612337),(1077,'3e0b1448-7562-48cc-f885-3986a3bee7fa','0',1509612345),(1078,'3e0b1448-7562-48cc-f885-3986a3bee7fa','0',1509612352),(1079,'3e0b1448-7562-48cc-f885-3986a3bee7fa','0',1509612390),(1080,'b9d25df4-8e9e-f917-f559-4872db0b9ea6','0',1509612391),(1081,'3e0b1448-7562-48cc-f885-3986a3bee7fa','0',1509612400),(1082,'b9d25df4-8e9e-f917-f559-4872db0b9ea6','0',1509612409),(1083,'16e1481c-86e7-b9a5-e707-a1b2cdf766c3','0',1509612431),(1084,'b9d25df4-8e9e-f917-f559-4872db0b9ea6','0',1509612455),(1085,'3e0b1448-7562-48cc-f885-3986a3bee7fa','0',1509612474),(1086,'b9d25df4-8e9e-f917-f559-4872db0b9ea6','0',1509614572),(1087,'b9d25df4-8e9e-f917-f559-4872db0b9ea6','0',1509618412),(1088,'c3a9548d-832d-57f2-fdd9-18f9dc397fb5','0',1509625224),(1089,'1a46a22c-b516-e250-e6e5-ca5ff2a33565','0',1509625519),(1090,'c3a9548d-832d-57f2-fdd9-18f9dc397fb5','0',1509629292),(1091,'499d7c58-08b3-45e6-1a12-ab99c53f596b','0',1509630155),(1092,'c3a9548d-832d-57f2-fdd9-18f9dc397fb5','0',1509630403),(1093,'a9870c27-b006-c7b4-8d1f-f1c651b6a8fb','0',1509638290),(1094,'b9d25df4-8e9e-f917-f559-4872db0b9ea6','0',1509670582),(1095,'3e0b1448-7562-48cc-f885-3986a3bee7fa','0',1509672723),(1096,'b9d25df4-8e9e-f917-f559-4872db0b9ea6','0',1509672845),(1097,'b9d25df4-8e9e-f917-f559-4872db0b9ea6','0',1509672868),(1098,'c3a9548d-832d-57f2-fdd9-18f9dc397fb5','0',1509672920),(1099,'b9d25df4-8e9e-f917-f559-4872db0b9ea6','0',1509674947),(1100,'b9d25df4-8e9e-f917-f559-4872db0b9ea6','0',1509675797),(1101,'b9d25df4-8e9e-f917-f559-4872db0b9ea6','0',1509676874),(1102,'b9d25df4-8e9e-f917-f559-4872db0b9ea6','0',1509676971),(1103,'3e0b1448-7562-48cc-f885-3986a3bee7fa','0',1509688712),(1104,'b9d25df4-8e9e-f917-f559-4872db0b9ea6','0',1509690849),(1105,'b9d25df4-8e9e-f917-f559-4872db0b9ea6','0',1509691491),(1106,'b9d25df4-8e9e-f917-f559-4872db0b9ea6','0',1509691702),(1107,'b9d25df4-8e9e-f917-f559-4872db0b9ea6','0',1509692059),(1108,'b9d25df4-8e9e-f917-f559-4872db0b9ea6','0',1509692624),(1109,'b9d25df4-8e9e-f917-f559-4872db0b9ea6','0',1509692630),(1110,'3e0b1448-7562-48cc-f885-3986a3bee7fa','0',1509695060),(1111,'16e1481c-86e7-b9a5-e707-a1b2cdf766c3','0',1509695194),(1112,'3e0b1448-7562-48cc-f885-3986a3bee7fa','0',1509696017),(1113,'0a9064ba-711f-5049-9300-c0cc88e1edf7','0',1509700064),(1114,'b9d25df4-8e9e-f917-f559-4872db0b9ea6','0',1509700160),(1115,'16e1481c-86e7-b9a5-e707-a1b2cdf766c3','0',1509702581),(1116,'b9d25df4-8e9e-f917-f559-4872db0b9ea6','0',1509703020),(1117,'b9d25df4-8e9e-f917-f559-4872db0b9ea6','0',1509703306),(1118,'b9d25df4-8e9e-f917-f559-4872db0b9ea6','0',1509703369),(1119,'3e0b1448-7562-48cc-f885-3986a3bee7fa','0',1509705652),(1120,'0a9064ba-711f-5049-9300-c0cc88e1edf7','0',1509709403),(1121,'16e1481c-86e7-b9a5-e707-a1b2cdf766c3','0',1509713486),(1122,'bf670625-f384-b056-fab9-4c3f45314aa2','0',1509724129),(1123,'0f584f9c-befb-a17e-b205-765cd7efde33','0',1509764526),(1124,'bf670625-f384-b056-fab9-4c3f45314aa2','0',1509807411),(1125,'b9d25df4-8e9e-f917-f559-4872db0b9ea6','0',1509932060),(1126,'b9d25df4-8e9e-f917-f559-4872db0b9ea6','0',1509932648),(1127,'c3a9548d-832d-57f2-fdd9-18f9dc397fb5','0',1509940565),(1128,'c3a9548d-832d-57f2-fdd9-18f9dc397fb5','0',1509940585),(1129,'c3a9548d-832d-57f2-fdd9-18f9dc397fb5','0',1509940621),(1130,'c3a9548d-832d-57f2-fdd9-18f9dc397fb5','0',1509940625),(1131,'c3a9548d-832d-57f2-fdd9-18f9dc397fb5','0',1509942942),(1132,'b9d25df4-8e9e-f917-f559-4872db0b9ea6','0',1509950894),(1133,'3e0b1448-7562-48cc-f885-3986a3bee7fa','0',1509953644),(1134,'3e0b1448-7562-48cc-f885-3986a3bee7fa','0',1509953980),(1135,'3e0b1448-7562-48cc-f885-3986a3bee7fa','0',1509953993),(1136,'3e0b1448-7562-48cc-f885-3986a3bee7fa','0',1509954145),(1137,'3e0b1448-7562-48cc-f885-3986a3bee7fa','0',1509954161),(1138,'3e0b1448-7562-48cc-f885-3986a3bee7fa','0',1509954667),(1139,'3e0b1448-7562-48cc-f885-3986a3bee7fa','0',1509954681),(1140,'3e0b1448-7562-48cc-f885-3986a3bee7fa','0',1509954804),(1141,'3e0b1448-7562-48cc-f885-3986a3bee7fa','0',1509954871),(1142,'0a9064ba-711f-5049-9300-c0cc88e1edf7','0',1509955352),(1143,'0a9064ba-711f-5049-9300-c0cc88e1edf7','0',1509955366),(1144,'0a9064ba-711f-5049-9300-c0cc88e1edf7','0',1509955406),(1145,'3e0b1448-7562-48cc-f885-3986a3bee7fa','0',1509956935),(1146,'3e0b1448-7562-48cc-f885-3986a3bee7fa','0',1509958663),(1147,'3e0b1448-7562-48cc-f885-3986a3bee7fa','0',1509959233),(1148,'3e0b1448-7562-48cc-f885-3986a3bee7fa','0',1509959239),(1149,'b9d25df4-8e9e-f917-f559-4872db0b9ea6','0',1509962561),(1150,'16e1481c-86e7-b9a5-e707-a1b2cdf766c3','0',1509966747),(1151,'16e1481c-86e7-b9a5-e707-a1b2cdf766c3','0',1509975120),(1152,'b9d25df4-8e9e-f917-f559-4872db0b9ea6','0',1510017380),(1153,'b9d25df4-8e9e-f917-f559-4872db0b9ea6','0',1510022181),(1154,'b9d25df4-8e9e-f917-f559-4872db0b9ea6','0',1510022225),(1155,'b9d25df4-8e9e-f917-f559-4872db0b9ea6','0',1510027393),(1156,'c22311b4-4651-d39e-3c7c-22a69261310d','0',1510028544),(1157,'13225a3e-f16a-ebb0-450d-3a0a00ade5ca','0',1510030662),(1158,'b9d25df4-8e9e-f917-f559-4872db0b9ea6','0',1510035396),(1159,'c3a9548d-832d-57f2-fdd9-18f9dc397fb5','0',1510037386),(1160,'3e0b1448-7562-48cc-f885-3986a3bee7fa','0',1510037740),(1161,'3e0b1448-7562-48cc-f885-3986a3bee7fa','0',1510037931),(1162,'13225a3e-f16a-ebb0-450d-3a0a00ade5ca','0',1510039794),(1163,'c3a9548d-832d-57f2-fdd9-18f9dc397fb5','0',1510040249),(1164,'3e0b1448-7562-48cc-f885-3986a3bee7fa','0',1510040786),(1165,'c3a9548d-832d-57f2-fdd9-18f9dc397fb5','0',1510041796),(1166,'13225a3e-f16a-ebb0-450d-3a0a00ade5ca','0',1510041880),(1167,'13225a3e-f16a-ebb0-450d-3a0a00ade5ca','0',1510041977),(1168,'c3a9548d-832d-57f2-fdd9-18f9dc397fb5','0',1510043028),(1169,'c3a9548d-832d-57f2-fdd9-18f9dc397fb5','0',1510043066),(1170,'c3a9548d-832d-57f2-fdd9-18f9dc397fb5','0',1510043091),(1171,'13225a3e-f16a-ebb0-450d-3a0a00ade5ca','0',1510044157),(1172,'c3a9548d-832d-57f2-fdd9-18f9dc397fb5','0',1510044290),(1173,'c3a9548d-832d-57f2-fdd9-18f9dc397fb5','0',1510045044),(1174,'3e0b1448-7562-48cc-f885-3986a3bee7fa','0',1510045587),(1175,'0a9064ba-711f-5049-9300-c0cc88e1edf7','0',1510045687),(1176,'0a9064ba-711f-5049-9300-c0cc88e1edf7','0',1510045698),(1177,'0a9064ba-711f-5049-9300-c0cc88e1edf7','0',1510045711),(1178,'0a9064ba-711f-5049-9300-c0cc88e1edf7','0',1510045720),(1179,'0a9064ba-711f-5049-9300-c0cc88e1edf7','0',1510045850),(1180,'16e1481c-86e7-b9a5-e707-a1b2cdf766c3','0',1510046694),(1181,'16e1481c-86e7-b9a5-e707-a1b2cdf766c3','0',1510046927),(1182,'16e1481c-86e7-b9a5-e707-a1b2cdf766c3','0',1510046953),(1183,'16e1481c-86e7-b9a5-e707-a1b2cdf766c3','0',1510047102),(1184,'3e0b1448-7562-48cc-f885-3986a3bee7fa','0',1510047270),(1185,'c3a9548d-832d-57f2-fdd9-18f9dc397fb5','0',1510047404),(1186,'c3a9548d-832d-57f2-fdd9-18f9dc397fb5','0',1510048046),(1187,'c3a9548d-832d-57f2-fdd9-18f9dc397fb5','0',1510048090),(1188,'c3a9548d-832d-57f2-fdd9-18f9dc397fb5','0',1510048190),(1189,'b9d25df4-8e9e-f917-f559-4872db0b9ea6','0',1510104411),(1190,'cb2395b7-7660-7134-85c9-612d4f4c74b5','0',1510107761),(1191,'0f584f9c-befb-a17e-b205-765cd7efde33','0',1510112182),(1192,'0a9064ba-711f-5049-9300-c0cc88e1edf7','0',1510120429),(1193,'0a9064ba-711f-5049-9300-c0cc88e1edf7','0',1510120433),(1194,'0a9064ba-711f-5049-9300-c0cc88e1edf7','0',1510120457),(1195,'16e1481c-86e7-b9a5-e707-a1b2cdf766c3','0',1510120632),(1196,'b9d25df4-8e9e-f917-f559-4872db0b9ea6','0',1510127143),(1197,'86966993-d3e4-e722-223d-bf16fc2e8421','0',1510127422),(1198,'8b172a9d-bcc6-002d-024f-f7842f3d4b87','0',1510127580),(1199,'4f1f968b-5fe1-82bc-4867-b55bd669ed20','0',1510138283),(1200,'4f1f968b-5fe1-82bc-4867-b55bd669ed20','0',1510138947),(1201,'b9d25df4-8e9e-f917-f559-4872db0b9ea6','0',1510190558),(1202,'b9d25df4-8e9e-f917-f559-4872db0b9ea6','0',1510192093),(1203,'0a9064ba-711f-5049-9300-c0cc88e1edf7','0',1510195379),(1204,'0a9064ba-711f-5049-9300-c0cc88e1edf7','0',1510195500),(1205,'b9d25df4-8e9e-f917-f559-4872db0b9ea6','0',1510196395),(1206,'0a9064ba-711f-5049-9300-c0cc88e1edf7','0',1510198089),(1207,'0a9064ba-711f-5049-9300-c0cc88e1edf7','0',1510199409);

#
# Structure for table "qxd_message"
#

DROP TABLE IF EXISTS `qxd_message`;
CREATE TABLE `qxd_message` (
  `id` int(11) NOT NULL AUTO_INCREMENT,
  `user_id` char(36) NOT NULL DEFAULT '',
  `to_user_id` char(36) NOT NULL DEFAULT '',
  `content` varchar(255) NOT NULL DEFAULT '' COMMENT '私信内容',
  `look` enum('0','1') NOT NULL DEFAULT '0' COMMENT '是否阅读 0 否 1 是',
  `type` enum('0','1') NOT NULL DEFAULT '0' COMMENT '0 回复 1 被回复',
  `create_time` int(11) NOT NULL DEFAULT '0',
  `update_time` int(11) NOT NULL DEFAULT '0',
  `delete_time` int(11) NOT NULL DEFAULT '0',
  PRIMARY KEY (`id`),
  KEY `user_id` (`user_id`,`to_user_id`,`type`,`look`,`create_time`,`delete_time`)
) ENGINE=InnoDB AUTO_INCREMENT=204 DEFAULT CHARSET=utf8 COMMENT='私信列表';

#
# Data for table "qxd_message"
#

INSERT INTO `qxd_message` VALUES (1,'0a9064ba-711f-5049-9300-c0cc88e1edf7','026d27a6-eb7e-2688-a6e4-2f3199fce4ef','private message','1','0',1508828085,1508897516,0),(2,'0a9064ba-711f-5049-9300-c0cc88e1edf7','026d27a6-eb7e-2688-a6e4-2f3199fce4ef','private message2','1','0',1508828086,1508897516,0),(3,'026d27a6-eb7e-2688-a6e4-2f3199fce4ef','0a9064ba-711f-5049-9300-c0cc88e1edf7','私信','0','0',1508828087,1508828087,0),(4,'0a9064ba-711f-5049-9300-c0cc88e1edf7','026d27a6-eb7e-2688-a6e4-2f3199fce4ef','私信2','1','0',1508828088,1508897516,0),(5,'0a9064ba-711f-5049-9300-c0cc88e1edf7','026d27a6-eb7e-2688-a6e4-2f3199fce4ef','私信哈哈哈','1','0',1508831020,1508897516,0),(6,'0a9064ba-711f-5049-9300-c0cc88e1edf7','026d27a6-eb7e-2688-a6e4-2f3199fce4ef','私信哈哈哈略略','1','0',1508834505,1508897516,0),(7,'026d27a6-eb7e-2688-a6e4-2f3199fce4ef','0a9064ba-711f-5049-9300-c0cc88e1edf7','私信哈哈哈略略','0','1',1508834506,1508834506,0),(8,'0a9064ba-711f-5049-9300-c0cc88e1edf7','026d27a6-eb7e-2688-a6e4-2f3199fce4ef','我回复你喽','1','1',1508834507,1508897516,0),(9,'0a9064ba-711f-5049-9300-c0cc88e1edf7','7ec7e7e8-bd19-b84d-c352-884c434e9452','白兰鸽迅游记','1','0',1508834517,1509635185,0),(10,'0a9064ba-711f-5049-9300-c0cc88e1edf7','7ec7e7e8-bd19-b84d-c352-884c434e9452','晚安','1','0',1508834518,1508834518,0),(11,'0a9064ba-711f-5049-9300-c0cc88e1edf7','026d27a6-eb7e-2688-a6e4-2f3199fce4ef','我又来咯！','1','0',1508928085,1508897516,0),(12,'b9d25df4-8e9e-f917-f559-4872db0b9ea6','c3a9548d-832d-57f2-fdd9-18f9dc397fb5','第一条私信....哈哈哈','1','0',1509603190,1509603190,0),(13,'c3a9548d-832d-57f2-fdd9-18f9dc397fb5','b9d25df4-8e9e-f917-f559-4872db0b9ea6','第一条私信....哈哈哈','1','1',1509603190,1509701427,0),(14,'b9d25df4-8e9e-f917-f559-4872db0b9ea6','3e0b1448-7562-48cc-f885-3986a3bee7fa','这边测试的第一条私信','1','0',1509603823,1509603823,0),(15,'3e0b1448-7562-48cc-f885-3986a3bee7fa','b9d25df4-8e9e-f917-f559-4872db0b9ea6','这边测试的第一条私信','1','1',1509603823,1509689690,1509689690),(16,'3e0b1448-7562-48cc-f885-3986a3bee7fa','b9d25df4-8e9e-f917-f559-4872db0b9ea6','1111','1','0',1509603974,1509689690,1509689690),(17,'b9d25df4-8e9e-f917-f559-4872db0b9ea6','3e0b1448-7562-48cc-f885-3986a3bee7fa','1111','1','1',1509603974,1509612780,0),(18,'3e0b1448-7562-48cc-f885-3986a3bee7fa','b9d25df4-8e9e-f917-f559-4872db0b9ea6','2222','1','0',1509603982,1509689690,1509689690),(19,'b9d25df4-8e9e-f917-f559-4872db0b9ea6','3e0b1448-7562-48cc-f885-3986a3bee7fa','2222','1','1',1509603982,1509612780,0),(20,'3e0b1448-7562-48cc-f885-3986a3bee7fa','b9d25df4-8e9e-f917-f559-4872db0b9ea6','哈哈哈哈哈哈','1','0',1509603986,1509689690,1509689690),(21,'b9d25df4-8e9e-f917-f559-4872db0b9ea6','3e0b1448-7562-48cc-f885-3986a3bee7fa','哈哈哈哈哈哈','1','1',1509603986,1509612780,0),(22,'3e0b1448-7562-48cc-f885-3986a3bee7fa','b9d25df4-8e9e-f917-f559-4872db0b9ea6','1111','1','0',1509604060,1509689690,1509689690),(23,'b9d25df4-8e9e-f917-f559-4872db0b9ea6','3e0b1448-7562-48cc-f885-3986a3bee7fa','1111','1','1',1509604060,1509612780,0),(24,'c3a9548d-832d-57f2-fdd9-18f9dc397fb5','3e0b1448-7562-48cc-f885-3986a3bee7fa','啊啊啊啊','1','0',1509689815,1509689815,0),(25,'3e0b1448-7562-48cc-f885-3986a3bee7fa','c3a9548d-832d-57f2-fdd9-18f9dc397fb5','啊啊啊啊','1','1',1509689815,1509696186,1509696186),(26,'c3a9548d-832d-57f2-fdd9-18f9dc397fb5','3e0b1448-7562-48cc-f885-3986a3bee7fa','啊啊啊啊','1','0',1509689819,1509689819,0),(27,'3e0b1448-7562-48cc-f885-3986a3bee7fa','c3a9548d-832d-57f2-fdd9-18f9dc397fb5','啊啊啊啊','1','1',1509689819,1509696186,1509696186),(28,'3e0b1448-7562-48cc-f885-3986a3bee7fa','c3a9548d-832d-57f2-fdd9-18f9dc397fb5','3333','1','0',1509691386,1509696186,1509696186),(29,'c3a9548d-832d-57f2-fdd9-18f9dc397fb5','3e0b1448-7562-48cc-f885-3986a3bee7fa','3333','1','1',1509691386,1509696317,0),(30,'3e0b1448-7562-48cc-f885-3986a3bee7fa','c3a9548d-832d-57f2-fdd9-18f9dc397fb5','1111','1','0',1509691404,1509696186,1509696186),(31,'c3a9548d-832d-57f2-fdd9-18f9dc397fb5','3e0b1448-7562-48cc-f885-3986a3bee7fa','1111','1','1',1509691404,1509696317,0),(32,'3e0b1448-7562-48cc-f885-3986a3bee7fa','c3a9548d-832d-57f2-fdd9-18f9dc397fb5','3333','1','0',1509691467,1509696186,1509696186),(33,'c3a9548d-832d-57f2-fdd9-18f9dc397fb5','3e0b1448-7562-48cc-f885-3986a3bee7fa','3333','1','1',1509691467,1509696317,0),(34,'3e0b1448-7562-48cc-f885-3986a3bee7fa','c3a9548d-832d-57f2-fdd9-18f9dc397fb5','222132131','1','0',1509691470,1509696186,1509696186),(35,'c3a9548d-832d-57f2-fdd9-18f9dc397fb5','3e0b1448-7562-48cc-f885-3986a3bee7fa','222132131','1','1',1509691470,1509696317,0),(36,'3e0b1448-7562-48cc-f885-3986a3bee7fa','c3a9548d-832d-57f2-fdd9-18f9dc397fb5','12321321321','1','0',1509691471,1509696186,1509696186),(37,'c3a9548d-832d-57f2-fdd9-18f9dc397fb5','3e0b1448-7562-48cc-f885-3986a3bee7fa','12321321321','1','1',1509691471,1509696317,0),(38,'b9d25df4-8e9e-f917-f559-4872db0b9ea6','c3a9548d-832d-57f2-fdd9-18f9dc397fb5','这里来聊天','1','0',1509691727,1509691727,0),(39,'c3a9548d-832d-57f2-fdd9-18f9dc397fb5','b9d25df4-8e9e-f917-f559-4872db0b9ea6','这里来聊天','1','1',1509691727,1509701427,0),(40,'c3a9548d-832d-57f2-fdd9-18f9dc397fb5','3e0b1448-7562-48cc-f885-3986a3bee7fa','啊啊啊啊','1','0',1509696321,1509696321,0),(41,'3e0b1448-7562-48cc-f885-3986a3bee7fa','c3a9548d-832d-57f2-fdd9-18f9dc397fb5','啊啊啊啊','1','1',1509696321,1509696433,1509696433),(42,'c3a9548d-832d-57f2-fdd9-18f9dc397fb5','3e0b1448-7562-48cc-f885-3986a3bee7fa','我无所事事顺','1','0',1509696323,1509696323,0),(43,'3e0b1448-7562-48cc-f885-3986a3bee7fa','c3a9548d-832d-57f2-fdd9-18f9dc397fb5','我无所事事顺','1','1',1509696323,1509696433,1509696433),(44,'c3a9548d-832d-57f2-fdd9-18f9dc397fb5','3e0b1448-7562-48cc-f885-3986a3bee7fa','啊啊啊啊啊','1','0',1509697508,1509697508,0),(45,'3e0b1448-7562-48cc-f885-3986a3bee7fa','c3a9548d-832d-57f2-fdd9-18f9dc397fb5','啊啊啊啊啊','1','1',1509697508,1509699933,1509699933),(46,'c3a9548d-832d-57f2-fdd9-18f9dc397fb5','3e0b1448-7562-48cc-f885-3986a3bee7fa','啊啊啊啊啊啊','1','0',1509699944,1509699944,0),(47,'3e0b1448-7562-48cc-f885-3986a3bee7fa','c3a9548d-832d-57f2-fdd9-18f9dc397fb5','啊啊啊啊啊啊','1','1',1509699944,1509700093,0),(48,'c3a9548d-832d-57f2-fdd9-18f9dc397fb5','b9d25df4-8e9e-f917-f559-4872db0b9ea6','不聊','1','0',1509701430,1509701430,0),(49,'b9d25df4-8e9e-f917-f559-4872db0b9ea6','c3a9548d-832d-57f2-fdd9-18f9dc397fb5','不聊','1','1',1509701430,1509701560,0),(50,'c3a9548d-832d-57f2-fdd9-18f9dc397fb5','b9d25df4-8e9e-f917-f559-4872db0b9ea6','就不跟你聊','1','0',1509701435,1509701435,0),(51,'b9d25df4-8e9e-f917-f559-4872db0b9ea6','c3a9548d-832d-57f2-fdd9-18f9dc397fb5','就不跟你聊','1','1',1509701435,1509701560,0),(52,'c3a9548d-832d-57f2-fdd9-18f9dc397fb5','b9d25df4-8e9e-f917-f559-4872db0b9ea6','略略略','1','0',1509701439,1509701439,0),(53,'b9d25df4-8e9e-f917-f559-4872db0b9ea6','c3a9548d-832d-57f2-fdd9-18f9dc397fb5','略略略','1','1',1509701439,1509701560,0),(54,'b9d25df4-8e9e-f917-f559-4872db0b9ea6','c3a9548d-832d-57f2-fdd9-18f9dc397fb5','this is English','1','0',1509701632,1509701632,0),(55,'c3a9548d-832d-57f2-fdd9-18f9dc397fb5','b9d25df4-8e9e-f917-f559-4872db0b9ea6','this is English','1','1',1509701632,1509950525,0),(56,'b9d25df4-8e9e-f917-f559-4872db0b9ea6','c3a9548d-832d-57f2-fdd9-18f9dc397fb5','不能输入中文','1','0',1509701654,1509701654,0),(57,'c3a9548d-832d-57f2-fdd9-18f9dc397fb5','b9d25df4-8e9e-f917-f559-4872db0b9ea6','不能输入中文','1','1',1509701654,1509950525,0),(58,'3e0b1448-7562-48cc-f885-3986a3bee7fa','c3a9548d-832d-57f2-fdd9-18f9dc397fb5','你好啊','1','0',1509701666,1509701666,0),(59,'c3a9548d-832d-57f2-fdd9-18f9dc397fb5','3e0b1448-7562-48cc-f885-3986a3bee7fa','你好啊','1','1',1509701666,1509938814,0),(60,'b9d25df4-8e9e-f917-f559-4872db0b9ea6','3e0b1448-7562-48cc-f885-3986a3bee7fa','YOYOYO','1','0',1509701710,1509701710,0),(61,'3e0b1448-7562-48cc-f885-3986a3bee7fa','b9d25df4-8e9e-f917-f559-4872db0b9ea6','YOYOYO','1','1',1509701710,1509701719,0),(62,'3e0b1448-7562-48cc-f885-3986a3bee7fa','b9d25df4-8e9e-f917-f559-4872db0b9ea6','说点啥','1','0',1509701724,1509701724,0),(63,'b9d25df4-8e9e-f917-f559-4872db0b9ea6','3e0b1448-7562-48cc-f885-3986a3bee7fa','说点啥','1','1',1509701724,1509701731,0),(64,'3e0b1448-7562-48cc-f885-3986a3bee7fa','b9d25df4-8e9e-f917-f559-4872db0b9ea6','啊啊啊','1','0',1509701730,1509701730,0),(65,'b9d25df4-8e9e-f917-f559-4872db0b9ea6','3e0b1448-7562-48cc-f885-3986a3bee7fa','啊啊啊','1','1',1509701730,1509701731,0),(66,'3e0b1448-7562-48cc-f885-3986a3bee7fa','b9d25df4-8e9e-f917-f559-4872db0b9ea6','你有毒','1','0',1509701734,1509701734,0),(67,'b9d25df4-8e9e-f917-f559-4872db0b9ea6','3e0b1448-7562-48cc-f885-3986a3bee7fa','你有毒','1','1',1509701734,1509701872,0),(68,'3e0b1448-7562-48cc-f885-3986a3bee7fa','c3a9548d-832d-57f2-fdd9-18f9dc397fb5','啊啊啊啊啊啊啊','1','0',1509701765,1509701765,0),(69,'c3a9548d-832d-57f2-fdd9-18f9dc397fb5','3e0b1448-7562-48cc-f885-3986a3bee7fa','啊啊啊啊啊啊啊','1','1',1509701765,1509938814,0),(70,'3e0b1448-7562-48cc-f885-3986a3bee7fa','c3a9548d-832d-57f2-fdd9-18f9dc397fb5','efwef ','1','0',1509703188,1509703188,0),(71,'c3a9548d-832d-57f2-fdd9-18f9dc397fb5','3e0b1448-7562-48cc-f885-3986a3bee7fa','efwef ','1','1',1509703188,1509938814,0),(72,'3e0b1448-7562-48cc-f885-3986a3bee7fa','c3a9548d-832d-57f2-fdd9-18f9dc397fb5','hhhhh','1','0',1509703191,1509703191,0),(73,'c3a9548d-832d-57f2-fdd9-18f9dc397fb5','3e0b1448-7562-48cc-f885-3986a3bee7fa','hhhhh','1','1',1509703191,1509938814,0),(74,'3e0b1448-7562-48cc-f885-3986a3bee7fa','c3a9548d-832d-57f2-fdd9-18f9dc397fb5','不该、','1','0',1509703193,1509703193,0),(75,'c3a9548d-832d-57f2-fdd9-18f9dc397fb5','3e0b1448-7562-48cc-f885-3986a3bee7fa','不该、','1','1',1509703193,1509938814,0),(76,'3e0b1448-7562-48cc-f885-3986a3bee7fa','c3a9548d-832d-57f2-fdd9-18f9dc397fb5','<div></div>','1','0',1509703207,1509703207,0),(77,'c3a9548d-832d-57f2-fdd9-18f9dc397fb5','3e0b1448-7562-48cc-f885-3986a3bee7fa','<div></div>','1','1',1509703207,1509938814,0),(78,'b9d25df4-8e9e-f917-f559-4872db0b9ea6','3e0b1448-7562-48cc-f885-3986a3bee7fa','貌似进来不能到最底部','1','0',1509703412,1509703412,0),(79,'3e0b1448-7562-48cc-f885-3986a3bee7fa','b9d25df4-8e9e-f917-f559-4872db0b9ea6','貌似进来不能到最底部','1','1',1509703412,1509703584,0),(80,'3e0b1448-7562-48cc-f885-3986a3bee7fa','b9d25df4-8e9e-f917-f559-4872db0b9ea6','1111','1','0',1509703588,1509703588,0),(81,'b9d25df4-8e9e-f917-f559-4872db0b9ea6','3e0b1448-7562-48cc-f885-3986a3bee7fa','1111','1','1',1509703588,1509703923,0),(82,'3e0b1448-7562-48cc-f885-3986a3bee7fa','b9d25df4-8e9e-f917-f559-4872db0b9ea6','11111111111111','1','0',1509703590,1509703590,0),(83,'b9d25df4-8e9e-f917-f559-4872db0b9ea6','3e0b1448-7562-48cc-f885-3986a3bee7fa','11111111111111','1','1',1509703590,1509703923,0),(84,'3e0b1448-7562-48cc-f885-3986a3bee7fa','b9d25df4-8e9e-f917-f559-4872db0b9ea6','11111111','1','0',1509703592,1509703592,0),(85,'b9d25df4-8e9e-f917-f559-4872db0b9ea6','3e0b1448-7562-48cc-f885-3986a3bee7fa','11111111','1','1',1509703592,1509703923,0),(86,'3e0b1448-7562-48cc-f885-3986a3bee7fa','b9d25df4-8e9e-f917-f559-4872db0b9ea6','11111111111','1','0',1509703593,1509703593,0),(87,'b9d25df4-8e9e-f917-f559-4872db0b9ea6','3e0b1448-7562-48cc-f885-3986a3bee7fa','11111111111','1','1',1509703593,1509703923,0),(88,'3e0b1448-7562-48cc-f885-3986a3bee7fa','b9d25df4-8e9e-f917-f559-4872db0b9ea6','1111111','1','0',1509703596,1509703596,0),(89,'b9d25df4-8e9e-f917-f559-4872db0b9ea6','3e0b1448-7562-48cc-f885-3986a3bee7fa','1111111','1','1',1509703596,1509703923,0),(90,'3e0b1448-7562-48cc-f885-3986a3bee7fa','b9d25df4-8e9e-f917-f559-4872db0b9ea6','11','1','0',1509703744,1509703744,0),(91,'b9d25df4-8e9e-f917-f559-4872db0b9ea6','3e0b1448-7562-48cc-f885-3986a3bee7fa','11','1','1',1509703744,1509703923,0),(92,'3e0b1448-7562-48cc-f885-3986a3bee7fa','c3a9548d-832d-57f2-fdd9-18f9dc397fb5','11','1','0',1509703779,1509703779,0),(93,'c3a9548d-832d-57f2-fdd9-18f9dc397fb5','3e0b1448-7562-48cc-f885-3986a3bee7fa','11','1','1',1509703779,1509938814,0),(94,'3e0b1448-7562-48cc-f885-3986a3bee7fa','c3a9548d-832d-57f2-fdd9-18f9dc397fb5','111','1','0',1509703780,1509703780,0),(95,'c3a9548d-832d-57f2-fdd9-18f9dc397fb5','3e0b1448-7562-48cc-f885-3986a3bee7fa','111','1','1',1509703780,1509938814,0),(96,'3e0b1448-7562-48cc-f885-3986a3bee7fa','c3a9548d-832d-57f2-fdd9-18f9dc397fb5','111','1','0',1509703782,1509703782,0),(97,'c3a9548d-832d-57f2-fdd9-18f9dc397fb5','3e0b1448-7562-48cc-f885-3986a3bee7fa','111','1','1',1509703782,1509938814,0),(98,'3e0b1448-7562-48cc-f885-3986a3bee7fa','c3a9548d-832d-57f2-fdd9-18f9dc397fb5','111','1','0',1509703783,1509703783,0),(99,'c3a9548d-832d-57f2-fdd9-18f9dc397fb5','3e0b1448-7562-48cc-f885-3986a3bee7fa','111','1','1',1509703783,1509938814,0),(100,'3e0b1448-7562-48cc-f885-3986a3bee7fa','b9d25df4-8e9e-f917-f559-4872db0b9ea6','222','1','0',1509704045,1509704045,0),(101,'b9d25df4-8e9e-f917-f559-4872db0b9ea6','3e0b1448-7562-48cc-f885-3986a3bee7fa','222','1','1',1509704045,1509704052,0),(102,'3e0b1448-7562-48cc-f885-3986a3bee7fa','c3a9548d-832d-57f2-fdd9-18f9dc397fb5','11','1','0',1509704479,1509704479,0),(103,'c3a9548d-832d-57f2-fdd9-18f9dc397fb5','3e0b1448-7562-48cc-f885-3986a3bee7fa','11','1','1',1509704479,1509938814,0),(104,'3e0b1448-7562-48cc-f885-3986a3bee7fa','c3a9548d-832d-57f2-fdd9-18f9dc397fb5','111','1','0',1509704496,1509704496,0),(105,'c3a9548d-832d-57f2-fdd9-18f9dc397fb5','3e0b1448-7562-48cc-f885-3986a3bee7fa','111','1','1',1509704496,1509938814,0),(106,'3e0b1448-7562-48cc-f885-3986a3bee7fa','b9d25df4-8e9e-f917-f559-4872db0b9ea6','wwwwwwwwww','1','0',1509704821,1509704821,0),(107,'b9d25df4-8e9e-f917-f559-4872db0b9ea6','3e0b1448-7562-48cc-f885-3986a3bee7fa','wwwwwwwwww','1','1',1509704821,1509704821,0),(108,'3e0b1448-7562-48cc-f885-3986a3bee7fa','b9d25df4-8e9e-f917-f559-4872db0b9ea6','lalala','1','0',1509704823,1509704823,0),(109,'b9d25df4-8e9e-f917-f559-4872db0b9ea6','3e0b1448-7562-48cc-f885-3986a3bee7fa','lalala','1','1',1509704823,1509704824,0),(110,'3e0b1448-7562-48cc-f885-3986a3bee7fa','b9d25df4-8e9e-f917-f559-4872db0b9ea6','hahaha','1','0',1509704825,1509704825,0),(111,'b9d25df4-8e9e-f917-f559-4872db0b9ea6','3e0b1448-7562-48cc-f885-3986a3bee7fa','hahaha','1','1',1509704825,1509704825,0),(112,'3e0b1448-7562-48cc-f885-3986a3bee7fa','b9d25df4-8e9e-f917-f559-4872db0b9ea6','miemiemei','1','0',1509704826,1509704826,0),(113,'b9d25df4-8e9e-f917-f559-4872db0b9ea6','3e0b1448-7562-48cc-f885-3986a3bee7fa','miemiemei','1','1',1509704826,1509704826,0),(114,'3e0b1448-7562-48cc-f885-3986a3bee7fa','b9d25df4-8e9e-f917-f559-4872db0b9ea6','ahahahah ','1','0',1509704829,1509704829,0),(115,'b9d25df4-8e9e-f917-f559-4872db0b9ea6','3e0b1448-7562-48cc-f885-3986a3bee7fa','ahahahah ','1','1',1509704829,1509704829,0),(116,'b9d25df4-8e9e-f917-f559-4872db0b9ea6','3e0b1448-7562-48cc-f885-3986a3bee7fa','你写的貌似写在sendMsg()里面的','1','0',1509704910,1509704910,0),(117,'3e0b1448-7562-48cc-f885-3986a3bee7fa','b9d25df4-8e9e-f917-f559-4872db0b9ea6','你写的貌似写在sendMsg()里面的','1','1',1509704910,1509704910,0),(118,'3e0b1448-7562-48cc-f885-3986a3bee7fa','b9d25df4-8e9e-f917-f559-4872db0b9ea6','but 发完也没有啊','1','0',1509704981,1509704981,0),(119,'b9d25df4-8e9e-f917-f559-4872db0b9ea6','3e0b1448-7562-48cc-f885-3986a3bee7fa','but 发完也没有啊','1','1',1509704981,1509704991,0),(120,'3e0b1448-7562-48cc-f885-3986a3bee7fa','b9d25df4-8e9e-f917-f559-4872db0b9ea6','啊啊啊啊啊啊啊','1','0',1509704985,1509704985,0),(121,'b9d25df4-8e9e-f917-f559-4872db0b9ea6','3e0b1448-7562-48cc-f885-3986a3bee7fa','啊啊啊啊啊啊啊','1','1',1509704985,1509704991,0),(122,'3e0b1448-7562-48cc-f885-3986a3bee7fa','b9d25df4-8e9e-f917-f559-4872db0b9ea6','QAQ','1','0',1509704987,1509704987,0),(123,'b9d25df4-8e9e-f917-f559-4872db0b9ea6','3e0b1448-7562-48cc-f885-3986a3bee7fa','QAQ','1','1',1509704987,1509704991,0),(124,'3e0b1448-7562-48cc-f885-3986a3bee7fa','c3a9548d-832d-57f2-fdd9-18f9dc397fb5','11','1','0',1509936172,1509936172,0),(125,'c3a9548d-832d-57f2-fdd9-18f9dc397fb5','3e0b1448-7562-48cc-f885-3986a3bee7fa','11','1','1',1509936172,1509938814,0),(126,'3e0b1448-7562-48cc-f885-3986a3bee7fa','c3a9548d-832d-57f2-fdd9-18f9dc397fb5','222','1','0',1509936176,1509936176,0),(127,'c3a9548d-832d-57f2-fdd9-18f9dc397fb5','3e0b1448-7562-48cc-f885-3986a3bee7fa','222','1','1',1509936176,1509938814,0),(128,'3e0b1448-7562-48cc-f885-3986a3bee7fa','c3a9548d-832d-57f2-fdd9-18f9dc397fb5','aaaaaaaaaaaaaa','1','0',1509936180,1509936180,0),(129,'c3a9548d-832d-57f2-fdd9-18f9dc397fb5','3e0b1448-7562-48cc-f885-3986a3bee7fa','aaaaaaaaaaaaaa','1','1',1509936180,1509938814,0),(130,'3e0b1448-7562-48cc-f885-3986a3bee7fa','b9d25df4-8e9e-f917-f559-4872db0b9ea6','1111','1','0',1509936189,1509936189,0),(131,'b9d25df4-8e9e-f917-f559-4872db0b9ea6','3e0b1448-7562-48cc-f885-3986a3bee7fa','1111','1','1',1509936189,1509936190,0),(132,'3e0b1448-7562-48cc-f885-3986a3bee7fa','c3a9548d-832d-57f2-fdd9-18f9dc397fb5','\"\\n            <div class=\\\"accelerate-con\\\">我正在<span class=\\\"spe\\\">社群改2</span>进行<span class=\\\"spe\\\">333</span>的任务，点击加速帮我完成任务吧！<span class=\\\"accelerate-btn\\\">加速</span></div>\\n        \"','1','0',1509938930,1509938930,0),(133,'c3a9548d-832d-57f2-fdd9-18f9dc397fb5','3e0b1448-7562-48cc-f885-3986a3bee7fa','\"\\n            <div class=\\\"accelerate-con\\\">我正在<span class=\\\"spe\\\">社群改2</span>进行<span class=\\\"spe\\\">333</span>的任务，点击加速帮我完成任务吧！<span class=\\\"accelerate-btn\\\">加速</span></div>\\n        \"','1','1',1509938930,1509938936,0),(134,'3e0b1448-7562-48cc-f885-3986a3bee7fa','c3a9548d-832d-57f2-fdd9-18f9dc397fb5','\n            <div class=\"accelerate-con\">我正在<span class=\"spe\">社群改2</span>进行<span class=\"spe\">333</span>的任务，点击加速帮我完成任务吧！<span class=\"accelerate-btn\">加速</span></div>\n        ','1','0',1509938979,1509938979,0),(135,'c3a9548d-832d-57f2-fdd9-18f9dc397fb5','3e0b1448-7562-48cc-f885-3986a3bee7fa','\n            <div class=\"accelerate-con\">我正在<span class=\"spe\">社群改2</span>进行<span class=\"spe\">333</span>的任务，点击加速帮我完成任务吧！<span class=\"accelerate-btn\">加速</span></div>\n        ','1','1',1509938979,1509938982,0),(136,'3e0b1448-7562-48cc-f885-3986a3bee7fa','c3a9548d-832d-57f2-fdd9-18f9dc397fb5','\n            <div class=\"accelerate-con\">我正在<span class=\"spe\">社群改2</span>进行<span class=\"spe\">333</span>的任务，点击加速帮我完成任务吧！<span class=\"accelerate-btn\" taskid=\"8b47815b-0f9c-0811-3a6a-accc9e4acdbd\">加速</span></div>\n        ','1','0',1509940191,1509940191,0),(137,'c3a9548d-832d-57f2-fdd9-18f9dc397fb5','3e0b1448-7562-48cc-f885-3986a3bee7fa','\n            <div class=\"accelerate-con\">我正在<span class=\"spe\">社群改2</span>进行<span class=\"spe\">333</span>的任务，点击加速帮我完成任务吧！<span class=\"accelerate-btn\" taskid=\"8b47815b-0f9c-0811-3a6a-accc9e4acdbd\">加速</span></div>\n        ','1','1',1509940191,1509940192,0),(138,'c3a9548d-832d-57f2-fdd9-18f9dc397fb5','3e0b1448-7562-48cc-f885-3986a3bee7fa','\n            <div class=\"accelerate-con\">我正在<span class=\"spe\">看二维码</span>进行<span class=\"spe\">3</span>的任务，点击加速帮我完成任务吧！<span class=\"accelerate-btn\" taskid=\"8c1dc08c-ab81-c21a-a8fb-3a9b0c1cb1c1\">加速</span></div>\n        ','1','0',1509940650,1509940650,0),(139,'3e0b1448-7562-48cc-f885-3986a3bee7fa','c3a9548d-832d-57f2-fdd9-18f9dc397fb5','\n            <div class=\"accelerate-con\">我正在<span class=\"spe\">看二维码</span>进行<span class=\"spe\">3</span>的任务，点击加速帮我完成任务吧！<span class=\"accelerate-btn\" taskid=\"8c1dc08c-ab81-c21a-a8fb-3a9b0c1cb1c1\">加速</span></div>\n        ','1','1',1509940650,1509940657,0),(140,'c3a9548d-832d-57f2-fdd9-18f9dc397fb5','3e0b1448-7562-48cc-f885-3986a3bee7fa','\n            <div class=\"accelerate-con\">我正在<span class=\"spe\">看二维码</span>进行<span class=\"spe\">3</span>的任务，点击加速帮我完成任务吧！<span class=\"accelerate-btn\" taskid=\"8c1dc08c-ab81-c21a-a8fb-3a9b0c1cb1c1\">加速</span></div>\n        ','1','0',1509940653,1509940653,0),(141,'3e0b1448-7562-48cc-f885-3986a3bee7fa','c3a9548d-832d-57f2-fdd9-18f9dc397fb5','\n            <div class=\"accelerate-con\">我正在<span class=\"spe\">看二维码</span>进行<span class=\"spe\">3</span>的任务，点击加速帮我完成任务吧！<span class=\"accelerate-btn\" taskid=\"8c1dc08c-ab81-c21a-a8fb-3a9b0c1cb1c1\">加速</span></div>\n        ','1','1',1509940653,1509940657,0),(142,'3e0b1448-7562-48cc-f885-3986a3bee7fa','c3a9548d-832d-57f2-fdd9-18f9dc397fb5','\n            <div class=\"accelerate-con\">我正在<span class=\"spe\">社群改2</span>进行<span class=\"spe\">111</span>的任务，点击加速帮我完成任务吧！<span class=\"accelerate-btn\" taskid=\"98e06976-1bcf-f0b8-e15a-40fa5608ec06\">加速</span></div>\n        ','1','0',1509947271,1509947271,0),(143,'c3a9548d-832d-57f2-fdd9-18f9dc397fb5','3e0b1448-7562-48cc-f885-3986a3bee7fa','\n            <div class=\"accelerate-con\">我正在<span class=\"spe\">社群改2</span>进行<span class=\"spe\">111</span>的任务，点击加速帮我完成任务吧！<span class=\"accelerate-btn\" taskid=\"98e06976-1bcf-f0b8-e15a-40fa5608ec06\">加速</span></div>\n        ','1','1',1509947271,1509947284,0),(144,'3e0b1448-7562-48cc-f885-3986a3bee7fa','c3a9548d-832d-57f2-fdd9-18f9dc397fb5','\n            <div class=\"accelerate-con\">我正在<span class=\"spe\">社群改2</span>进行<span class=\"spe\">111</span>的任务，点击加速帮我完成任务吧！<span class=\"accelerate-btn\" taskid=\"98e06976-1bcf-f0b8-e15a-40fa5608ec06\">加速</span></div>\n        ','1','0',1509947431,1509947431,0),(145,'c3a9548d-832d-57f2-fdd9-18f9dc397fb5','3e0b1448-7562-48cc-f885-3986a3bee7fa','\n            <div class=\"accelerate-con\">我正在<span class=\"spe\">社群改2</span>进行<span class=\"spe\">111</span>的任务，点击加速帮我完成任务吧！<span class=\"accelerate-btn\" taskid=\"98e06976-1bcf-f0b8-e15a-40fa5608ec06\">加速</span></div>\n        ','1','1',1509947431,1509947432,0),(146,'c3a9548d-832d-57f2-fdd9-18f9dc397fb5','3e0b1448-7562-48cc-f885-3986a3bee7fa','\n            <div class=\"accelerate-con\">我正在<span class=\"spe\">测试第一版跳转222</span>进行<span class=\"spe\">2222</span>的任务，点击加速帮我完成任务吧！<span class=\"accelerate-btn\" taskid=\"84b4837c-160a-f5f9-a062-7e34437755c1\">加速</span></div>\n        ','1','0',1509947607,1509947607,0),(147,'3e0b1448-7562-48cc-f885-3986a3bee7fa','c3a9548d-832d-57f2-fdd9-18f9dc397fb5','\n            <div class=\"accelerate-con\">我正在<span class=\"spe\">测试第一版跳转222</span>进行<span class=\"spe\">2222</span>的任务，点击加速帮我完成任务吧！<span class=\"accelerate-btn\" taskid=\"84b4837c-160a-f5f9-a062-7e34437755c1\">加速</span></div>\n        ','1','1',1509947607,1509947614,0),(148,'c3a9548d-832d-57f2-fdd9-18f9dc397fb5','3e0b1448-7562-48cc-f885-3986a3bee7fa','\n            <div class=\"accelerate-con\">我正在<span class=\"spe\">看二维码</span>进行<span class=\"spe\">任务4</span>的任务，点击加速帮我完成任务吧！<span class=\"accelerate-btn\" taskid=\"cf65b822-393c-55a4-22f0-7802b22f20a1\">加速</span></div>\n        ','1','0',1509947762,1509947762,0),(149,'3e0b1448-7562-48cc-f885-3986a3bee7fa','c3a9548d-832d-57f2-fdd9-18f9dc397fb5','\n            <div class=\"accelerate-con\">我正在<span class=\"spe\">看二维码</span>进行<span class=\"spe\">任务4</span>的任务，点击加速帮我完成任务吧！<span class=\"accelerate-btn\" taskid=\"cf65b822-393c-55a4-22f0-7802b22f20a1\">加速</span></div>\n        ','1','1',1509947762,1509947771,0),(150,'c3a9548d-832d-57f2-fdd9-18f9dc397fb5','3e0b1448-7562-48cc-f885-3986a3bee7fa','\n            <div class=\"accelerate-con\">我正在<span class=\"spe\">去无为儿童</span>进行<span class=\"spe\">搜的噶a打的费</span>的任务，点击加速帮我完成任务吧！<span class=\"accelerate-btn\" taskid=\"5583ed7c-0e88-920c-915f-30fbefb00246\">加速</span></div>\n        ','1','0',1509948458,1509948458,0),(151,'3e0b1448-7562-48cc-f885-3986a3bee7fa','c3a9548d-832d-57f2-fdd9-18f9dc397fb5','\n            <div class=\"accelerate-con\">我正在<span class=\"spe\">去无为儿童</span>进行<span class=\"spe\">搜的噶a打的费</span>的任务，点击加速帮我完成任务吧！<span class=\"accelerate-btn\" taskid=\"5583ed7c-0e88-920c-915f-30fbefb00246\">加速</span></div>\n        ','1','1',1509948458,1509949819,0),(152,'c3a9548d-832d-57f2-fdd9-18f9dc397fb5','b9d25df4-8e9e-f917-f559-4872db0b9ea6',' ','1','0',1509950531,1509950531,0),(153,'b9d25df4-8e9e-f917-f559-4872db0b9ea6','c3a9548d-832d-57f2-fdd9-18f9dc397fb5',' ','1','1',1509950531,1509950878,0),(154,'3e0b1448-7562-48cc-f885-3986a3bee7fa','c3a9548d-832d-57f2-fdd9-18f9dc397fb5',' ','1','0',1509950554,1509950554,0),(155,'c3a9548d-832d-57f2-fdd9-18f9dc397fb5','3e0b1448-7562-48cc-f885-3986a3bee7fa',' ','1','1',1509950554,1509950606,0),(156,'c3a9548d-832d-57f2-fdd9-18f9dc397fb5','3e0b1448-7562-48cc-f885-3986a3bee7fa','\n            <div class=\"accelerate-con\">我正在<span class=\"spe\">去无为儿童</span>进行<span class=\"spe\">搜的噶</span>的任务，点击加速帮我完成任务吧！<span class=\"accelerate-btn\" taskid=\"9640b6ff-ce79-e0e1-8d29-1a1b66135e36\">加速</span></div>\n        ','1','0',1509950783,1509950783,0),(157,'3e0b1448-7562-48cc-f885-3986a3bee7fa','c3a9548d-832d-57f2-fdd9-18f9dc397fb5','\n            <div class=\"accelerate-con\">我正在<span class=\"spe\">去无为儿童</span>进行<span class=\"spe\">搜的噶</span>的任务，点击加速帮我完成任务吧！<span class=\"accelerate-btn\" taskid=\"9640b6ff-ce79-e0e1-8d29-1a1b66135e36\">加速</span></div>\n        ','1','1',1509950783,1509950792,0),(158,'c3a9548d-832d-57f2-fdd9-18f9dc397fb5','b9d25df4-8e9e-f917-f559-4872db0b9ea6','\n            <div class=\"accelerate-con\">我正在<span class=\"spe\">去无为儿童</span>进行<span class=\"spe\">搜的噶</span>的任务，点击加速帮我完成任务吧！<span class=\"accelerate-btn\" taskid=\"9640b6ff-ce79-e0e1-8d29-1a1b66135e36\">加速</span></div>\n        ','1','0',1509950846,1509950846,0),(159,'b9d25df4-8e9e-f917-f559-4872db0b9ea6','c3a9548d-832d-57f2-fdd9-18f9dc397fb5','\n            <div class=\"accelerate-con\">我正在<span class=\"spe\">去无为儿童</span>进行<span class=\"spe\">搜的噶</span>的任务，点击加速帮我完成任务吧！<span class=\"accelerate-btn\" taskid=\"9640b6ff-ce79-e0e1-8d29-1a1b66135e36\">加速</span></div>\n        ','1','1',1509950846,1509950878,0),(160,'c3a9548d-832d-57f2-fdd9-18f9dc397fb5','3e0b1448-7562-48cc-f885-3986a3bee7fa','\n            <div class=\"accelerate-con\">我正在<span class=\"spe\">去无为儿童</span>进行<span class=\"spe\">是啊我们在乎了……</span>的任务，点击加速帮我完成任务吧！<span class=\"accelerate-btn\" taskid=\"58ffae94-60b3-17ab-c02a-6a9d89c55e97\">加速</span></div>\n        ','1','0',1509951760,1509951760,0),(161,'3e0b1448-7562-48cc-f885-3986a3bee7fa','c3a9548d-832d-57f2-fdd9-18f9dc397fb5','\n            <div class=\"accelerate-con\">我正在<span class=\"spe\">去无为儿童</span>进行<span class=\"spe\">是啊我们在乎了……</span>的任务，点击加速帮我完成任务吧！<span class=\"accelerate-btn\" taskid=\"58ffae94-60b3-17ab-c02a-6a9d89c55e97\">加速</span></div>\n        ','1','1',1509951760,1509951766,0),(162,'3e0b1448-7562-48cc-f885-3986a3bee7fa','b9d25df4-8e9e-f917-f559-4872db0b9ea6','11111','1','0',1509952226,1509952226,0),(163,'b9d25df4-8e9e-f917-f559-4872db0b9ea6','3e0b1448-7562-48cc-f885-3986a3bee7fa','11111','1','1',1509952226,1509952241,0),(164,'3e0b1448-7562-48cc-f885-3986a3bee7fa','b9d25df4-8e9e-f917-f559-4872db0b9ea6','2222','1','0',1509952237,1509952237,0),(165,'b9d25df4-8e9e-f917-f559-4872db0b9ea6','3e0b1448-7562-48cc-f885-3986a3bee7fa','2222','1','1',1509952237,1509952241,0),(166,'0a9064ba-711f-5049-9300-c0cc88e1edf7','026d27a6-eb7e-2688-a6e4-2f3199fce4ef','呀','1','0',1509955254,1509955254,0),(167,'026d27a6-eb7e-2688-a6e4-2f3199fce4ef','0a9064ba-711f-5049-9300-c0cc88e1edf7','呀','0','1',1509955254,1509955254,0),(168,'0a9064ba-711f-5049-9300-c0cc88e1edf7','026d27a6-eb7e-2688-a6e4-2f3199fce4ef','嗯嗯','1','0',1509955289,1509955289,0),(169,'026d27a6-eb7e-2688-a6e4-2f3199fce4ef','0a9064ba-711f-5049-9300-c0cc88e1edf7','嗯嗯','0','1',1509955289,1509955289,0),(170,'3e0b1448-7562-48cc-f885-3986a3bee7fa','b9d25df4-8e9e-f917-f559-4872db0b9ea6','qwewewq','1','0',1510022216,1510022216,0),(171,'b9d25df4-8e9e-f917-f559-4872db0b9ea6','3e0b1448-7562-48cc-f885-3986a3bee7fa','qwewewq','1','1',1510022216,1510022255,0),(172,'0a9064ba-711f-5049-9300-c0cc88e1edf7','7ec7e7e8-bd19-b84d-c352-884c434e9452','卡农摇滚版','1','0',1510023791,1510023791,0),(173,'7ec7e7e8-bd19-b84d-c352-884c434e9452','0a9064ba-711f-5049-9300-c0cc88e1edf7','卡农摇滚版','0','1',1510023791,1510023791,0),(174,'c3a9548d-832d-57f2-fdd9-18f9dc397fb5','3e0b1448-7562-48cc-f885-3986a3bee7fa','<img src=\"http://qxd-test.oss-cn-beijing.aliyuncs.com/user-dir/huuPUp1wnQwft0K0Pv3VSnB2hBke0p1p.png\">','1','0',1510026904,1510026904,0),(175,'3e0b1448-7562-48cc-f885-3986a3bee7fa','c3a9548d-832d-57f2-fdd9-18f9dc397fb5','<img src=\"http://qxd-test.oss-cn-beijing.aliyuncs.com/user-dir/huuPUp1wnQwft0K0Pv3VSnB2hBke0p1p.png\">','1','1',1510026904,1510026953,0),(176,'c3a9548d-832d-57f2-fdd9-18f9dc397fb5','b9d25df4-8e9e-f917-f559-4872db0b9ea6','<img src=\"http://qxd-test.oss-cn-beijing.aliyuncs.com/user-dir/JsF3JgjcDG6sTSVabkgVundefined8dSLxxsundefinedxgundefined.png\">','1','0',1510027273,1510027273,0),(177,'b9d25df4-8e9e-f917-f559-4872db0b9ea6','c3a9548d-832d-57f2-fdd9-18f9dc397fb5','<img src=\"http://qxd-test.oss-cn-beijing.aliyuncs.com/user-dir/JsF3JgjcDG6sTSVabkgVundefined8dSLxxsundefinedxgundefined.png\">','1','1',1510027273,1510027377,0),(178,'c3a9548d-832d-57f2-fdd9-18f9dc397fb5','b9d25df4-8e9e-f917-f559-4872db0b9ea6','<img src=\"http://qxd-test.oss-cn-beijing.aliyuncs.com/user-dir/qi9c3RwsHsSU6TVmy4wr9BeyTjv4GKY2.png\">','1','0',1510027320,1510027320,0),(179,'b9d25df4-8e9e-f917-f559-4872db0b9ea6','c3a9548d-832d-57f2-fdd9-18f9dc397fb5','<img src=\"http://qxd-test.oss-cn-beijing.aliyuncs.com/user-dir/qi9c3RwsHsSU6TVmy4wr9BeyTjv4GKY2.png\">','1','1',1510027320,1510027377,0),(180,'0f584f9c-befb-a17e-b205-765cd7efde33','16e1481c-86e7-b9a5-e707-a1b2cdf766c3','试一下','1','0',1510047397,1510047397,0),(181,'16e1481c-86e7-b9a5-e707-a1b2cdf766c3','0f584f9c-befb-a17e-b205-765cd7efde33','试一下','1','1',1510047397,1510047645,0),(182,'16e1481c-86e7-b9a5-e707-a1b2cdf766c3','0f584f9c-befb-a17e-b205-765cd7efde33','试一下就试一下','1','0',1510047664,1510047664,0),(183,'0f584f9c-befb-a17e-b205-765cd7efde33','16e1481c-86e7-b9a5-e707-a1b2cdf766c3','试一下就试一下','1','1',1510047664,1510107069,0),(184,'0f584f9c-befb-a17e-b205-765cd7efde33','16e1481c-86e7-b9a5-e707-a1b2cdf766c3','啦啦啦                          &#128542;    ','1','0',1510107090,1510107090,0),(185,'16e1481c-86e7-b9a5-e707-a1b2cdf766c3','0f584f9c-befb-a17e-b205-765cd7efde33','啦啦啦                          &#128542;    ','1','1',1510107090,1510112705,0),(186,'0f584f9c-befb-a17e-b205-765cd7efde33','c3a9548d-832d-57f2-fdd9-18f9dc397fb5','嘿嘿','1','0',1510107122,1510107122,0),(187,'c3a9548d-832d-57f2-fdd9-18f9dc397fb5','0f584f9c-befb-a17e-b205-765cd7efde33','嘿嘿','1','1',1510107122,1510107279,0),(188,'0f584f9c-befb-a17e-b205-765cd7efde33','c3a9548d-832d-57f2-fdd9-18f9dc397fb5','&#128542; ','1','0',1510107222,1510107222,0),(189,'c3a9548d-832d-57f2-fdd9-18f9dc397fb5','0f584f9c-befb-a17e-b205-765cd7efde33','&#128542; ','1','1',1510107222,1510107279,0),(190,'c3a9548d-832d-57f2-fdd9-18f9dc397fb5','0f584f9c-befb-a17e-b205-765cd7efde33','','1','0',1510107287,1510107287,0),(191,'0f584f9c-befb-a17e-b205-765cd7efde33','c3a9548d-832d-57f2-fdd9-18f9dc397fb5','','1','1',1510107287,1510107295,0),(192,'c3a9548d-832d-57f2-fdd9-18f9dc397fb5','3e0b1448-7562-48cc-f885-3986a3bee7fa','<img src=\"http://qxd-test.oss-cn-beijing.aliyuncs.com/user-dir/LaTW18vgJK6UuyjhUBRpQVJ7xa1eRy27.png\">','1','0',1510122202,1510122202,0),(193,'3e0b1448-7562-48cc-f885-3986a3bee7fa','c3a9548d-832d-57f2-fdd9-18f9dc397fb5','<img src=\"http://qxd-test.oss-cn-beijing.aliyuncs.com/user-dir/LaTW18vgJK6UuyjhUBRpQVJ7xa1eRy27.png\">','0','1',1510122202,1510122202,0),(194,'c3a9548d-832d-57f2-fdd9-18f9dc397fb5','3e0b1448-7562-48cc-f885-3986a3bee7fa','<img src=\"http://qxd-test.oss-cn-beijing.aliyuncs.com/user-dir/cgzqirF6aF1d85SJdvW5P1hkn0jJgqzb.png\">','1','0',1510122240,1510122240,0),(195,'3e0b1448-7562-48cc-f885-3986a3bee7fa','c3a9548d-832d-57f2-fdd9-18f9dc397fb5','<img src=\"http://qxd-test.oss-cn-beijing.aliyuncs.com/user-dir/cgzqirF6aF1d85SJdvW5P1hkn0jJgqzb.png\">','0','1',1510122240,1510122240,0),(196,'c3a9548d-832d-57f2-fdd9-18f9dc397fb5','3e0b1448-7562-48cc-f885-3986a3bee7fa','<img src=\"http://qxd-test.oss-cn-beijing.aliyuncs.com/user-dir/vr8Lp3b5F5WqcFrTYPeqKwi1zRGpG0Gj.png\">','1','0',1510122337,1510122337,0),(197,'3e0b1448-7562-48cc-f885-3986a3bee7fa','c3a9548d-832d-57f2-fdd9-18f9dc397fb5','<img src=\"http://qxd-test.oss-cn-beijing.aliyuncs.com/user-dir/vr8Lp3b5F5WqcFrTYPeqKwi1zRGpG0Gj.png\">','0','1',1510122337,1510122337,0),(198,'c3a9548d-832d-57f2-fdd9-18f9dc397fb5','3e0b1448-7562-48cc-f885-3986a3bee7fa','<img src=\"http://qxd-test.oss-cn-beijing.aliyuncs.com/user-dir/8X2r4861yVnm6hS8SLcwE6uj67nuTjm1.png\">','1','0',1510122383,1510122383,0),(199,'3e0b1448-7562-48cc-f885-3986a3bee7fa','c3a9548d-832d-57f2-fdd9-18f9dc397fb5','<img src=\"http://qxd-test.oss-cn-beijing.aliyuncs.com/user-dir/8X2r4861yVnm6hS8SLcwE6uj67nuTjm1.png\">','0','1',1510122383,1510122383,0),(200,'c3a9548d-832d-57f2-fdd9-18f9dc397fb5','3e0b1448-7562-48cc-f885-3986a3bee7fa','<img src=\"http://qxd-test.oss-cn-beijing.aliyuncs.com/user-dir/aRB1JrUnc1efaPkvWeeVwunBbQbbULgundefined.png\">','1','0',1510122439,1510122439,0),(201,'3e0b1448-7562-48cc-f885-3986a3bee7fa','c3a9548d-832d-57f2-fdd9-18f9dc397fb5','<img src=\"http://qxd-test.oss-cn-beijing.aliyuncs.com/user-dir/aRB1JrUnc1efaPkvWeeVwunBbQbbULgundefined.png\">','0','1',1510122439,1510122439,0),(202,'c3a9548d-832d-57f2-fdd9-18f9dc397fb5','3e0b1448-7562-48cc-f885-3986a3bee7fa','<img src=\"http://qxd-test.oss-cn-beijing.aliyuncs.com/user-dir/BksTcf6rqEch97DYHTyTDjjs76PUrnDr.png\">','1','0',1510122484,1510122484,0),(203,'3e0b1448-7562-48cc-f885-3986a3bee7fa','c3a9548d-832d-57f2-fdd9-18f9dc397fb5','<img src=\"http://qxd-test.oss-cn-beijing.aliyuncs.com/user-dir/BksTcf6rqEch97DYHTyTDjjs76PUrnDr.png\">','0','1',1510122484,1510122484,0);

#
# Structure for table "qxd_notice"
#

DROP TABLE IF EXISTS `qxd_notice`;
CREATE TABLE `qxd_notice` (
  `p_id` int(11) unsigned NOT NULL AUTO_INCREMENT,
  `id` char(36) NOT NULL DEFAULT '',
  `to_user_id` char(36) NOT NULL DEFAULT '0' COMMENT '通知所属用户主键ID',
  `from_user_id` char(36) NOT NULL DEFAULT '0' COMMENT '通知来源作者主键ID(关联头像时使用)',
  `type` enum('0','1') NOT NULL DEFAULT '0' COMMENT '0 被@ 1 点赞',
  `look` enum('0','1') NOT NULL DEFAULT '0' COMMENT '0 未读 1 已读',
  `communication_id` char(36) NOT NULL DEFAULT '' COMMENT '条目ID',
  `create_time` int(10) unsigned NOT NULL DEFAULT '0' COMMENT '通知时间',
  `update_time` int(11) unsigned NOT NULL DEFAULT '0',
  `delete_time` int(11) unsigned NOT NULL DEFAULT '0',
  PRIMARY KEY (`p_id`),
  UNIQUE KEY `id` (`id`),
  KEY `to_user_id` (`to_user_id`,`from_user_id`,`type`,`communication_id`)
) ENGINE=InnoDB AUTO_INCREMENT=203 DEFAULT CHARSET=utf8 ROW_FORMAT=DYNAMIC COMMENT='消息表';

#
# Data for table "qxd_notice"
#

INSERT INTO `qxd_notice` VALUES (1,'0037f5c0-284f-fcd1-12ac-e35ce52b2ba8','3e0b1448-7562-48cc-f885-3986a3bee7fa','3e0b1448-7562-48cc-f885-3986a3bee7fa','1','1','616f2e72-224d-39e8-a626-4c5d0602513f',1506589679,1509602033,0),(2,'007b9ca8-84eb-9537-15c7-234e3be7f988','c3a9548d-832d-57f2-fdd9-18f9dc397fb5','3e0b1448-7562-48cc-f885-3986a3bee7fa','1','1','338ec863-e311-bfc1-f412-8e2f2d175ff8',1507601187,1509950502,0),(3,'00c725cd-f2b1-c0e0-bb10-3152ed9b2025','0a9064ba-711f-5049-9300-c0cc88e1edf7','3e0b1448-7562-48cc-f885-3986a3bee7fa','1','1','3bd1c61d-8445-3cb0-ce94-22446f2ff0b3',1506583735,1510113933,0),(4,'0109ce2e-3ec7-27ff-9a24-c0c88f8efae0','c3a9548d-832d-57f2-fdd9-18f9dc397fb5','3e0b1448-7562-48cc-f885-3986a3bee7fa','1','1','43c0a46e-096d-4907-d5a4-d7390031b035',1508135661,1509950502,0),(5,'024ae3bd-8ba9-ed2f-f7f3-c0caceb069f2','9175a40c-31f2-bbec-2134-27935378cf65','9175a40c-31f2-bbec-2134-27935378cf65','1','0','5107f5b2-20a4-c51e-3795-2b8c896d27d4',1508639329,1508639329,0),(6,'02a0b651-9560-35cc-1730-f9e433713951','0a9064ba-711f-5049-9300-c0cc88e1edf7','0a9064ba-711f-5049-9300-c0cc88e1edf7','1','1','3bd1c61d-8445-3cb0-ce94-22446f2ff0b3',1506581906,1510113933,0),(7,'0345651b-d1ae-a09e-fc70-283171067854','3e0b1448-7562-48cc-f885-3986a3bee7fa','0f584f9c-befb-a17e-b205-765cd7efde33','1','1','308ee629-4dd7-a2e9-c257-437fb01c2b8c',1507774755,1509602033,0),(8,'0545e0b7-f802-0895-4b1d-b60af15195c3','b9d25df4-8e9e-f917-f559-4872db0b9ea6','b9d25df4-8e9e-f917-f559-4872db0b9ea6','1','1','dde2d439-8409-f7db-13ed-503a54e8a33c',1508481191,1509503899,0),(9,'0678a7dd-e734-8607-e851-d1d37ae4b311','c3a9548d-832d-57f2-fdd9-18f9dc397fb5','3e0b1448-7562-48cc-f885-3986a3bee7fa','1','1','3e979abd-a5e0-c999-6a62-61e593e292ff',1506562222,1509950502,1506563459),(10,'08deb74e-e2a9-fbd5-08b8-ada6125c8ca8','3e0b1448-7562-48cc-f885-3986a3bee7fa','3e0b1448-7562-48cc-f885-3986a3bee7fa','1','1','6b06d05e-f26f-3fd5-1673-f8e005676c52',1508294627,1509602033,1508486381),(11,'099e9599-7367-1aff-b1ac-f9c4bbdaa314','3e0b1448-7562-48cc-f885-3986a3bee7fa','c3a9548d-832d-57f2-fdd9-18f9dc397fb5','1','1','82788a5f-6b14-01f1-599f-95d92602eb48',1509067407,1509602033,1509067409),(12,'0bb2070a-dead-329b-8a47-fb844f64b9ee','0a9064ba-711f-5049-9300-c0cc88e1edf7','0a9064ba-711f-5049-9300-c0cc88e1edf7','1','1','08d24c5e-f07b-7aa0-59e6-840e89752fe5',1506076886,1510113933,1506076903),(13,'0d74304e-326d-6c3d-b00c-3730c09903fe','0a9064ba-711f-5049-9300-c0cc88e1edf7','0a9064ba-711f-5049-9300-c0cc88e1edf7','1','1','08d24c5e-f07b-7aa0-59e6-840e89752fe5',1506076389,1510113933,1506076903),(14,'0f1268d3-71eb-b24f-b369-13cf06b66790','c3a9548d-832d-57f2-fdd9-18f9dc397fb5','3e0b1448-7562-48cc-f885-3986a3bee7fa','1','1','338ec863-e311-bfc1-f412-8e2f2d175ff8',1507597610,1509950502,1507601186),(15,'0f18abfa-46ce-9609-bb60-c78b5c0f7c58','c3a9548d-832d-57f2-fdd9-18f9dc397fb5','3e0b1448-7562-48cc-f885-3986a3bee7fa','1','1','9837f7ed-fe25-7dda-d729-d007b18b92c6',1508314645,1509950502,1508377090),(16,'0f5522eb-946e-dcab-c845-bc47545db902','3e0b1448-7562-48cc-f885-3986a3bee7fa','c3a9548d-832d-57f2-fdd9-18f9dc397fb5','1','1','89805f40-e9ad-5521-5f0f-17c3596b1140',1508402845,1509602033,1508486381),(17,'101ba5ca-1cfb-f9c8-f2cf-79f640b21d12','0f584f9c-befb-a17e-b205-765cd7efde33','3e0b1448-7562-48cc-f885-3986a3bee7fa','1','1','565052a5-304c-02e2-5c00-3df05bedd2e8',1507707408,1508745920,0),(18,'103fe66c-b1dc-8a46-f052-fdec32e6fa0d','0a9064ba-711f-5049-9300-c0cc88e1edf7','b9d25df4-8e9e-f917-f559-4872db0b9ea6','1','1','3bd1c61d-8445-3cb0-ce94-22446f2ff0b3',1507513836,1510113933,0),(19,'14a51586-852a-c495-e8b9-64035939f188','0a9064ba-711f-5049-9300-c0cc88e1edf7','0a9064ba-711f-5049-9300-c0cc88e1edf7','0','1','b8497cc0-d857-5d5e-c040-a93ee12fd7c7',1505812315,1510113933,0),(20,'1691afe2-5b14-4695-db98-d567546fae81','3e0b1448-7562-48cc-f885-3986a3bee7fa','3e0b1448-7562-48cc-f885-3986a3bee7fa','1','1','04342153-cd9c-728b-caba-657e45a17a31',1506582216,1509602033,1506588750),(21,'18f83475-a285-e9fe-c82e-da5246f511ca','c3a9548d-832d-57f2-fdd9-18f9dc397fb5','3e0b1448-7562-48cc-f885-3986a3bee7fa','1','1','e11a2176-b513-2739-9ac4-cd070f31a9ba',1506562742,1509950502,1506562786),(22,'19ae604c-cf6d-103c-58a2-fe19f6b2c462','3e0b1448-7562-48cc-f885-3986a3bee7fa','c3a9548d-832d-57f2-fdd9-18f9dc397fb5','1','1','04342153-cd9c-728b-caba-657e45a17a31',1506564350,1509602033,0),(23,'207963b2-354c-00f4-69ca-535103b25434','b9d25df4-8e9e-f917-f559-4872db0b9ea6','b9d25df4-8e9e-f917-f559-4872db0b9ea6','1','1','4648861d-22c2-3cb2-1c63-cdb4175ef9ba',1508402788,1509503899,0),(24,'20efb625-ba15-448e-ecf9-71d066ea24dd','0f584f9c-befb-a17e-b205-765cd7efde33','0f584f9c-befb-a17e-b205-765cd7efde33','1','1','e37d8284-8cd3-e716-d110-07b6e414c5b4',1508133667,1508745920,0),(25,'246e56af-276f-90b9-a2b6-560f0f966f47','3e0b1448-7562-48cc-f885-3986a3bee7fa','0f584f9c-befb-a17e-b205-765cd7efde33','1','1','8b06b3e0-ec9d-afdf-daaf-f43b1a6c93cb',1507774826,1509602033,0),(26,'2537e897-2aae-10f1-75a7-c37fa40181d0','3e0b1448-7562-48cc-f885-3986a3bee7fa','3e0b1448-7562-48cc-f885-3986a3bee7fa','1','1','6b06d05e-f26f-3fd5-1673-f8e005676c52',1508482001,1509602033,1508486381),(27,'264cb448-830f-fa14-c858-ec8341be2c1a','16e1481c-86e7-b9a5-e707-a1b2cdf766c3','16e1481c-86e7-b9a5-e707-a1b2cdf766c3','1','1','d0a2a01b-189a-3eba-d78e-c8a577a501b4',1506609687,1510113930,0),(28,'28737125-d3c6-1da4-be88-b56362cbce15','3e0b1448-7562-48cc-f885-3986a3bee7fa','3e0b1448-7562-48cc-f885-3986a3bee7fa','1','1','0164737b-832a-9b0c-20e4-f5b5582df1ae',1508294630,1509602033,1508486381),(29,'296ef48d-e877-999f-eaec-97ed89ccb942','0a9064ba-711f-5049-9300-c0cc88e1edf7','c3a9548d-832d-57f2-fdd9-18f9dc397fb5','1','1','3bd1c61d-8445-3cb0-ce94-22446f2ff0b3',1506584010,1510113933,1506584014),(30,'2a683270-9302-2ac4-9242-4d1057ab5a36','0f584f9c-befb-a17e-b205-765cd7efde33','3e0b1448-7562-48cc-f885-3986a3bee7fa','1','1','a7a0c05a-accd-5168-f9bb-4d66fd4cac2f',1507692277,1508745920,1507692280),(31,'2adcd137-fee7-9e1b-2f28-6a88d94f0c8a','3e0b1448-7562-48cc-f885-3986a3bee7fa','3e0b1448-7562-48cc-f885-3986a3bee7fa','1','1','504e2916-900b-cfd2-8f61-ad504258130c',1508294628,1509602033,1508486381),(32,'2bbacf96-dee8-9e07-e10a-82669e5e3fe5','3e0b1448-7562-48cc-f885-3986a3bee7fa','3e0b1448-7562-48cc-f885-3986a3bee7fa','1','1','04342153-cd9c-728b-caba-657e45a17a31',1506582085,1509602033,1506588750),(33,'2be62b0e-4800-f032-41a2-72dc66f6d2b8','9175a40c-31f2-bbec-2134-27935378cf65','0a9064ba-711f-5049-9300-c0cc88e1edf7','1','0','5107f5b2-20a4-c51e-3795-2b8c896d27d4',1508813530,1508813546,1508813546),(34,'2bf09698-ecd8-37eb-f415-10b49596c368','501969d6-b26d-bb2d-29e3-5264a923def0','0a9064ba-711f-5049-9300-c0cc88e1edf7','0','0','b8497cc0-d857-5d5e-c040-a93ee12fd7c7',1506067915,1506067915,0),(35,'2c1bf358-3b1e-7495-50f9-f742f6ecc4a4','3e0b1448-7562-48cc-f885-3986a3bee7fa','3e0b1448-7562-48cc-f885-3986a3bee7fa','1','1','04342153-cd9c-728b-caba-657e45a17a31',1506582217,1509602033,1506588750),(36,'2e0ed652-c235-91c8-4f28-d889cac8cf18','b9d25df4-8e9e-f917-f559-4872db0b9ea6','c3a9548d-832d-57f2-fdd9-18f9dc397fb5','1','1','358af815-4941-14ac-0452-f1a8fba8275c',1508403562,1509503899,0),(37,'2ebca424-03c3-0000-0e02-9743dd4cfe4b','c3a9548d-832d-57f2-fdd9-18f9dc397fb5','3e0b1448-7562-48cc-f885-3986a3bee7fa','1','1','6762c128-32d1-1927-d207-b10afe424a83',1508314647,1509950502,1508377089),(38,'2fccd09e-e1fb-a84e-0887-e4a11bdc559a','0a9064ba-711f-5049-9300-c0cc88e1edf7','0a9064ba-711f-5049-9300-c0cc88e1edf7','1','1','b3c7d689-096b-db19-30f4-1a99b572a7e9',1508395713,1510113933,1508396347),(39,'31cc451b-ac5d-623b-34b0-01cddb20388c','3e0b1448-7562-48cc-f885-3986a3bee7fa','0a9064ba-711f-5049-9300-c0cc88e1edf7','1','1','5b12a713-93a1-7c68-f141-ad3989bdb2be',1506581471,1509602033,0),(40,'33f39cbf-802b-2e93-9bfd-936813cfd01d','3e0b1448-7562-48cc-f885-3986a3bee7fa','3e0b1448-7562-48cc-f885-3986a3bee7fa','1','1','04342153-cd9c-728b-caba-657e45a17a31',1506582217,1509602033,1506588750),(41,'351edef5-aae2-515b-bf98-ca02600f713a','0f584f9c-befb-a17e-b205-765cd7efde33','0a9064ba-711f-5049-9300-c0cc88e1edf7','1','1','2a2820a4-b1a3-56d4-633c-9eb49d2b11c4',1506581294,1508745920,0),(42,'35f3f5da-3cc6-0251-96f2-d59cc758705f','c3a9548d-832d-57f2-fdd9-18f9dc397fb5','c3a9548d-832d-57f2-fdd9-18f9dc397fb5','1','1','2af2196f-1932-8cbb-e8ba-85220fb4d8f7',1507706276,1509950502,0),(43,'35faa38e-163b-914e-1739-76158521e2f2','0a9064ba-711f-5049-9300-c0cc88e1edf7','0a9064ba-711f-5049-9300-c0cc88e1edf7','1','1','08d24c5e-f07b-7aa0-59e6-840e89752fe5',1506076832,1510113933,1506076903),(44,'36bbb855-b559-549d-cfa2-64b59dd7ef36','c3a9548d-832d-57f2-fdd9-18f9dc397fb5','c3a9548d-832d-57f2-fdd9-18f9dc397fb5','1','1','3e979abd-a5e0-c999-6a62-61e593e292ff',1506563299,1509950502,0),(45,'3728f481-7402-b1fd-d6fd-78b1f5e3f1a7','3e0b1448-7562-48cc-f885-3986a3bee7fa','3e0b1448-7562-48cc-f885-3986a3bee7fa','1','1','5b12a713-93a1-7c68-f141-ad3989bdb2be',1506583113,1509602033,1506583127),(46,'3879cb9e-4ecb-53d8-19a5-145cc5747325','b9d25df4-8e9e-f917-f559-4872db0b9ea6','c3a9548d-832d-57f2-fdd9-18f9dc397fb5','1','1','32c48360-8c4a-c734-3a88-ece21859370a',1508403612,1509503899,1508403633),(47,'390d7b90-26bf-b028-f9a9-d233ac822920','3e0b1448-7562-48cc-f885-3986a3bee7fa','3e0b1448-7562-48cc-f885-3986a3bee7fa','1','1','04342153-cd9c-728b-caba-657e45a17a31',1506582216,1509602033,1506588750),(48,'39621cdc-c480-dd4c-7a02-dc4d136707a0','c3a9548d-832d-57f2-fdd9-18f9dc397fb5','c3a9548d-832d-57f2-fdd9-18f9dc397fb5','1','1','3ccf0d58-b206-a96e-1518-3a769b7e3339',1507690694,1509950502,0),(49,'3b8a11c2-002b-4ecb-1128-91256da074c9','3e0b1448-7562-48cc-f885-3986a3bee7fa','3e0b1448-7562-48cc-f885-3986a3bee7fa','1','1','04342153-cd9c-728b-caba-657e45a17a31',1506582086,1509602033,1506588750),(50,'3c802a9c-f4bc-9fac-6746-f422e95c4cda','bf670625-f384-b056-fab9-4c3f45314aa2','16e1481c-86e7-b9a5-e707-a1b2cdf766c3','1','1','5610b872-977b-c4d1-8837-47e78e96b57d',1506610215,1510112915,0),(51,'3cb9cc5c-9040-33f5-c38f-ba30eb5c915f','3e0b1448-7562-48cc-f885-3986a3bee7fa','3e0b1448-7562-48cc-f885-3986a3bee7fa','1','1','3cb4b0cc-5783-07ac-8718-b3f7f560801f',1508483129,1509602033,1508486381),(52,'40f5cd7a-0113-87cc-a81f-9643f768c1d6','c3a9548d-832d-57f2-fdd9-18f9dc397fb5','3e0b1448-7562-48cc-f885-3986a3bee7fa','1','1','3e979abd-a5e0-c999-6a62-61e593e292ff',1506562201,1509950502,1506563459),(53,'41197510-e8a6-84f8-9427-629748b81a6f','c3a9548d-832d-57f2-fdd9-18f9dc397fb5','c3a9548d-832d-57f2-fdd9-18f9dc397fb5','1','1','9ac1fc7d-83a7-64f0-f16e-31a0633f41d3',1508401305,1509950502,0),(54,'42bfc1b0-f8e0-b8f1-4354-af62310cea70','b9d25df4-8e9e-f917-f559-4872db0b9ea6','3e0b1448-7562-48cc-f885-3986a3bee7fa','0','1','9769a491-cac1-0843-1ddb-dcb1d31d7e39',1506414508,1509503899,0),(55,'4322126f-890d-e204-ec75-6d8c2927e119','3e0b1448-7562-48cc-f885-3986a3bee7fa','3e0b1448-7562-48cc-f885-3986a3bee7fa','1','1','9df90f8a-c610-69a8-fbc2-041fd51637b4',1508294629,1509602033,1508486381),(56,'4459f33b-1b28-ae93-4495-cd9119d32d0c','0f584f9c-befb-a17e-b205-765cd7efde33','0f584f9c-befb-a17e-b205-765cd7efde33','1','1','5eeddcdd-26e7-c877-fcf0-86b141db58c1',1508745909,1508745920,0),(57,'45250082-2ca5-6819-eefe-8998a0e0caeb','c3a9548d-832d-57f2-fdd9-18f9dc397fb5','3e0b1448-7562-48cc-f885-3986a3bee7fa','1','1','f0dc0d69-7749-c6c6-3f33-63a914590a37',1507705840,1509950502,1507705969),(58,'47569876-435f-24b0-6403-60efd68ed106','c3a9548d-832d-57f2-fdd9-18f9dc397fb5','3e0b1448-7562-48cc-f885-3986a3bee7fa','1','1','25e74ad0-a72e-e114-37bf-33dddbb8000f',1508314645,1509950502,0),(59,'4a61425b-eb6e-0a93-6b97-b7113604e8ff','3e0b1448-7562-48cc-f885-3986a3bee7fa','0f584f9c-befb-a17e-b205-765cd7efde33','1','1','c5b09c3a-62f6-e847-b9f2-e9e6a4990f6f',1507772294,1509602033,0),(60,'4ae2cd6a-cc35-93cd-8b5d-1c3961c62a5e','3e0b1448-7562-48cc-f885-3986a3bee7fa','3e0b1448-7562-48cc-f885-3986a3bee7fa','1','1','3cb4b0cc-5783-07ac-8718-b3f7f560801f',1508483128,1509602033,1508486381),(61,'4b05efc6-d1da-f685-62ae-3126feac24bc','3e0b1448-7562-48cc-f885-3986a3bee7fa','c3a9548d-832d-57f2-fdd9-18f9dc397fb5','1','1','504e2916-900b-cfd2-8f61-ad504258130c',1508294458,1509602033,1508486381),(62,'4b0cd83d-1c09-b104-ca7e-4924813232cb','3e0b1448-7562-48cc-f885-3986a3bee7fa','c3a9548d-832d-57f2-fdd9-18f9dc397fb5','1','1','89805f40-e9ad-5521-5f0f-17c3596b1140',1508402455,1509602033,1508486381),(63,'4b254d5c-116c-932e-a9c2-3f12fc9e9999','b9d25df4-8e9e-f917-f559-4872db0b9ea6','b9d25df4-8e9e-f917-f559-4872db0b9ea6','1','1','358af815-4941-14ac-0452-f1a8fba8275c',1508394524,1509503899,0),(64,'4e589bf7-8905-5569-0d0a-bbba4a5f3b7e','0a9064ba-711f-5049-9300-c0cc88e1edf7','3e0b1448-7562-48cc-f885-3986a3bee7fa','0','1','d41e5a2c-6891-fb5d-e30b-58ce9627f661',1506415016,1510113933,0),(65,'4ed2c393-48c8-58bf-a95f-1cd03a834037','c3a9548d-832d-57f2-fdd9-18f9dc397fb5','3e0b1448-7562-48cc-f885-3986a3bee7fa','1','1','e11a2176-b513-2739-9ac4-cd070f31a9ba',1506562765,1509950502,1506562786),(66,'5095a31f-de1f-1e52-bd13-344cf5823d1d','13225a3e-f16a-ebb0-450d-3a0a00ade5ca','3e0b1448-7562-48cc-f885-3986a3bee7fa','1','0','3b8ecbfa-0159-1846-dba0-7a7a99f8ece5',1506583813,1506583813,0),(67,'52cecd96-3230-991c-ee12-b0ea6beb3253','3e0b1448-7562-48cc-f885-3986a3bee7fa','3e0b1448-7562-48cc-f885-3986a3bee7fa','1','1','4cfadde4-d0b9-6290-1cae-695c61530216',1506510960,1509602033,1506511579),(68,'5574e1d3-c903-ac12-0a32-7ca48e28b291','3e0b1448-7562-48cc-f885-3986a3bee7fa','0f584f9c-befb-a17e-b205-765cd7efde33','1','1','2fae6eaa-1f5d-f545-ba39-b0e1cf164de4',1507772293,1509602033,0),(69,'55ca32f8-86c6-07a9-7003-bc8a81b1571c','3e0b1448-7562-48cc-f885-3986a3bee7fa','3e0b1448-7562-48cc-f885-3986a3bee7fa','1','1','04342153-cd9c-728b-caba-657e45a17a31',1506582214,1509602033,1506588750),(70,'56d15721-8ddb-b69d-9a51-124c1d8433fc','3e0b1448-7562-48cc-f885-3986a3bee7fa','3e0b1448-7562-48cc-f885-3986a3bee7fa','1','1','ce7c95c2-a1c3-2995-b0b8-78f041dc9428',1506562818,1509602033,1506562866),(71,'5c75bded-9191-bd00-cee4-2ac28270e53b','c3a9548d-832d-57f2-fdd9-18f9dc397fb5','b9d25df4-8e9e-f917-f559-4872db0b9ea6','1','1','3e979abd-a5e0-c999-6a62-61e593e292ff',1506563399,1509950502,0),(72,'5ed019a4-0c55-215f-05a7-951aa3ebf063','16e1481c-86e7-b9a5-e707-a1b2cdf766c3','16e1481c-86e7-b9a5-e707-a1b2cdf766c3','1','1','8884cca8-c547-0400-5b08-d7356c46d947',1508298100,1510113930,0),(73,'5ed09c15-af33-5fe3-664d-92905884bef4','501969d6-b26d-bb2d-29e3-5264a923def9','3e0b1448-7562-48cc-f885-3986a3bee7fa','0','1','d41e5a2c-6891-fb5d-e30b-58ce9627f661',1506415016,1508587552,0),(74,'6396de72-beb4-3538-bf3e-e44098dda3d9','c3a9548d-832d-57f2-fdd9-18f9dc397fb5','3e0b1448-7562-48cc-f885-3986a3bee7fa','1','1','e11a2176-b513-2739-9ac4-cd070f31a9ba',1506562783,1509950502,1506562786),(75,'651c2a98-bac0-8700-9e07-8a9bc81bd7a6','c3a9548d-832d-57f2-fdd9-18f9dc397fb5','3e0b1448-7562-48cc-f885-3986a3bee7fa','1','1','e5b38229-d217-90ef-3229-39459b7e90e0',1507772169,1509950502,0),(76,'652b5827-50e9-6d89-9754-928b18bee165','c3a9548d-832d-57f2-fdd9-18f9dc397fb5','3e0b1448-7562-48cc-f885-3986a3bee7fa','1','1','e11a2176-b513-2739-9ac4-cd070f31a9ba',1506562644,1509950502,1506562786),(77,'693c99e4-f424-8fc6-e132-7c7bddd61fbb','0f584f9c-befb-a17e-b205-765cd7efde33','3e0b1448-7562-48cc-f885-3986a3bee7fa','1','1','2a2820a4-b1a3-56d4-633c-9eb49d2b11c4',1506583830,1508745920,0),(78,'6a96b909-4891-2d4b-28e9-42db2866c313','3e0b1448-7562-48cc-f885-3986a3bee7fa','3e0b1448-7562-48cc-f885-3986a3bee7fa','1','1','308ee629-4dd7-a2e9-c257-437fb01c2b8c',1507719609,1509602033,0),(79,'6ab8f48b-7515-a3b5-8702-3308cff0897f','c3a9548d-832d-57f2-fdd9-18f9dc397fb5','c3a9548d-832d-57f2-fdd9-18f9dc397fb5','1','1','37a1e2f6-aa23-f217-dcaa-add0dc1b9f37',1508401307,1509950502,0),(80,'6e2ad77e-9d6d-2e2d-f94f-133db4f91041','0f584f9c-befb-a17e-b205-765cd7efde33','3e0b1448-7562-48cc-f885-3986a3bee7fa','1','1','a7a0c05a-accd-5168-f9bb-4d66fd4cac2f',1507692281,1508745920,0),(81,'6fbdcf1e-a1a7-33aa-a1ad-9b33ce9858ab','9175a40c-31f2-bbec-2134-27935378cf65','0a9064ba-711f-5049-9300-c0cc88e1edf7','1','0','5107f5b2-20a4-c51e-3795-2b8c896d27d4',1508813505,1508813546,1508813546),(82,'7237225c-5cbc-0e09-0312-e775168ab8aa','13225a3e-f16a-ebb0-450d-3a0a00ade5ca','3e0b1448-7562-48cc-f885-3986a3bee7fa','1','0','3b8ecbfa-0159-1846-dba0-7a7a99f8ece5',1506583796,1506583797,1506583797),(83,'735e1605-e488-b8b2-2019-23be36342109','3e0b1448-7562-48cc-f885-3986a3bee7fa','3e0b1448-7562-48cc-f885-3986a3bee7fa','1','1','84c8da98-eb41-4492-5e9f-44cc54320ecd',1508481131,1509602033,1508486381),(84,'777afe4e-3466-c99c-2c92-b8bd53a70dff','0a9064ba-711f-5049-9300-c0cc88e1edf7','0a9064ba-711f-5049-9300-c0cc88e1edf7','1','1','08d24c5e-f07b-7aa0-59e6-840e89752fe5',1506076359,1510113933,1506076903),(85,'7817eb11-6a41-52fd-3931-61c597262f55','c3a9548d-832d-57f2-fdd9-18f9dc397fb5','c3a9548d-832d-57f2-fdd9-18f9dc397fb5','1','1','3a47812a-558d-c7c1-8448-3ee0c38daecb',1508401304,1509950502,0),(86,'78c4c9e3-db7f-d412-6c40-0757a6fa45d1','0f584f9c-befb-a17e-b205-765cd7efde33','3e0b1448-7562-48cc-f885-3986a3bee7fa','1','1','218e90e3-b90d-0f44-228e-df0a9dbd3e7f',1507625078,1508745920,0),(87,'7ab9c40b-a848-69ba-5b75-22a8c230c652','0a9064ba-711f-5049-9300-c0cc88e1edf7','0a9064ba-711f-5049-9300-c0cc88e1edf7','1','1','d5f3ccb0-5b26-adcb-1a62-54194b479cc5',1508770152,1510113933,1508770850),(88,'7b1dbd33-8372-e53f-a2a6-0a973745a3f2','b9d25df4-8e9e-f917-f559-4872db0b9ea6','3e0b1448-7562-48cc-f885-3986a3bee7fa','0','1','33e4eec4-c074-5355-3754-8dae77a1d5f0',1506415109,1509503899,0),(89,'7c63388a-3692-011a-e40c-598a76ce3d87','3e0b1448-7562-48cc-f885-3986a3bee7fa','3e0b1448-7562-48cc-f885-3986a3bee7fa','1','1','04342153-cd9c-728b-caba-657e45a17a31',1506582217,1509602033,1506588750),(90,'7d3c1cfa-44a0-e89e-de1a-7a6336678491','c3a9548d-832d-57f2-fdd9-18f9dc397fb5','c3a9548d-832d-57f2-fdd9-18f9dc397fb5','1','1','f3fbb206-a3b6-f7c7-fd83-6f6d913b2500',1508401301,1509950502,1508401308),(91,'7da8ffe3-2629-12d6-db50-5efa0762be06','c3a9548d-832d-57f2-fdd9-18f9dc397fb5','3e0b1448-7562-48cc-f885-3986a3bee7fa','1','1','7ccd467f-01a1-9f00-80e2-fa570fbbd2ff',1508314643,1509950502,0),(92,'7dcca5ba-80b2-5a26-a6a8-df154fe2b95c','3e0b1448-7562-48cc-f885-3986a3bee7fa','3e0b1448-7562-48cc-f885-3986a3bee7fa','1','1','4cfadde4-d0b9-6290-1cae-695c61530216',1506511585,1509602033,0),(93,'835861e8-50ea-1b43-784b-f9188fa5e150','b9d25df4-8e9e-f917-f559-4872db0b9ea6','b9d25df4-8e9e-f917-f559-4872db0b9ea6','1','1','03003c74-f434-a87a-d48b-7240a2dee97d',1508399554,1509503899,0),(94,'855ee826-4a49-2c42-99c6-d5506103d111','b9d25df4-8e9e-f917-f559-4872db0b9ea6','3e0b1448-7562-48cc-f885-3986a3bee7fa','0','1','0905e064-d56c-bdd3-e8b0-485d5be7cdec',1506414708,1509503899,0),(95,'87259651-10b7-afd7-4a1d-0daed0edded9','3e0b1448-7562-48cc-f885-3986a3bee7fa','0f584f9c-befb-a17e-b205-765cd7efde33','1','1','8e2cfb96-0e42-4942-16a0-475e506d98b4',1508151139,1509602033,0),(96,'8911d27a-8214-779a-8963-e8284dee11f8','0a9064ba-711f-5049-9300-c0cc88e1edf7','0a9064ba-711f-5049-9300-c0cc88e1edf7','1','1','2d5b7298-f1c8-92d1-52b0-d38019ff7b47',1508391875,1510113933,1508396347),(97,'8d2e4bdd-ac7c-5f19-48aa-b33ca40ec67c','0a9064ba-711f-5049-9300-c0cc88e1edf7','0a9064ba-711f-5049-9300-c0cc88e1edf7','0','1','5f114da3-b998-68b9-78c1-5602a308bd76',1506067885,1510113933,0),(98,'8dda29d1-14f2-8a92-2df9-8bca6a7f83c1','0f584f9c-befb-a17e-b205-765cd7efde33','0a9064ba-711f-5049-9300-c0cc88e1edf7','1','1','baf0d7a4-0539-e612-db63-d7f9fda76b20',1506581479,1508745920,0),(99,'8e207090-8792-ca5f-1f20-5266682934bd','c3a9548d-832d-57f2-fdd9-18f9dc397fb5','3e0b1448-7562-48cc-f885-3986a3bee7fa','1','1','338ec863-e311-bfc1-f412-8e2f2d175ff8',1507597607,1509950502,1507601186),(100,'903ae3a7-4d68-66f0-77ad-5111fe2f300e','3e0b1448-7562-48cc-f885-3986a3bee7fa','3e0b1448-7562-48cc-f885-3986a3bee7fa','1','1','04342153-cd9c-728b-caba-657e45a17a31',1506582215,1509602033,1506588750),(101,'9146244b-acce-b521-5bec-80fd8531a76c','16e1481c-86e7-b9a5-e707-a1b2cdf766c3','16e1481c-86e7-b9a5-e707-a1b2cdf766c3','1','1','4d9309db-b6a3-0715-de50-3618262a420b',1506609599,1510113930,0),(102,'94ee436f-0f7d-cbf3-d412-6d7b9c282c79','3e0b1448-7562-48cc-f885-3986a3bee7fa','0f584f9c-befb-a17e-b205-765cd7efde33','1','1','5b12a713-93a1-7c68-f141-ad3989bdb2be',1506580344,1509602033,0),(103,'9514b10f-a005-c11c-8e09-10b1d8598e19','b9d25df4-8e9e-f917-f559-4872db0b9ea6','b9d25df4-8e9e-f917-f559-4872db0b9ea6','1','1','e5e42162-ee2f-3982-ae69-71333e21f7a2',1508485093,1509503899,0),(104,'96a17f7b-f51a-2d5b-b239-e1bd73961621','3e0b1448-7562-48cc-f885-3986a3bee7fa','0f584f9c-befb-a17e-b205-765cd7efde33','1','1','9537498d-58a8-d79d-fae6-fcf47d074954',1507772238,1509602033,0),(105,'981a869f-4f71-ff3e-bfc7-62e125553e12','3e0b1448-7562-48cc-f885-3986a3bee7fa','3e0b1448-7562-48cc-f885-3986a3bee7fa','1','1','4cfadde4-d0b9-6290-1cae-695c61530216',1506510910,1509602033,1506511579),(106,'99a9396f-71bf-f9e9-8bb7-2e561cbca797','3e0b1448-7562-48cc-f885-3986a3bee7fa','c3a9548d-832d-57f2-fdd9-18f9dc397fb5','1','1','0164737b-832a-9b0c-20e4-f5b5582df1ae',1508294457,1509602033,1508486381),(107,'9ac19e25-3f80-1360-7de1-57a6b7f4a9ad','16e1481c-86e7-b9a5-e707-a1b2cdf766c3','16e1481c-86e7-b9a5-e707-a1b2cdf766c3','1','1','ee606678-a5d0-2a6f-2293-225ad3f9b55a',1508209962,1510113930,1508298041),(108,'9b715c7f-7c2b-4c01-442e-86c8a756d8fb','3e0b1448-7562-48cc-f885-3986a3bee7fa','3e0b1448-7562-48cc-f885-3986a3bee7fa','1','1','04342153-cd9c-728b-caba-657e45a17a31',1506582086,1509602033,1506588750),(109,'9d3eddae-dea7-44a2-55b7-5979c9f4fbce','16e1481c-86e7-b9a5-e707-a1b2cdf766c3','16e1481c-86e7-b9a5-e707-a1b2cdf766c3','1','1','151b5941-f671-6400-df3c-8080e4a4e998',1506610211,1510113930,0),(110,'a37f854d-34df-84cf-2a15-97bc509587ad','16e1481c-86e7-b9a5-e707-a1b2cdf766c3','16e1481c-86e7-b9a5-e707-a1b2cdf766c3','1','1','6d016893-bd69-77d5-9196-1148836374b0',1506610216,1510113930,0),(111,'a519f55c-b206-0b18-9276-63be45e14266','3e0b1448-7562-48cc-f885-3986a3bee7fa','3e0b1448-7562-48cc-f885-3986a3bee7fa','1','1','ce7c95c2-a1c3-2995-b0b8-78f041dc9428',1506562825,1509602033,1506562866),(112,'a9448821-4fd7-3eb7-1236-7b2e59fbbe41','3e0b1448-7562-48cc-f885-3986a3bee7fa','3e0b1448-7562-48cc-f885-3986a3bee7fa','1','1','5b12a713-93a1-7c68-f141-ad3989bdb2be',1506583122,1509602033,1506583127),(113,'a99234ab-0162-d574-e4b3-35505e1d50b7','13225a3e-f16a-ebb0-450d-3a0a00ade5ca','3e0b1448-7562-48cc-f885-3986a3bee7fa','1','0','3b8ecbfa-0159-1846-dba0-7a7a99f8ece5',1506583776,1506583797,1506583797),(114,'aca4399c-84b5-4025-b7f0-36c8e05effc6','0a9064ba-711f-5049-9300-c0cc88e1edf7','0a9064ba-711f-5049-9300-c0cc88e1edf7','1','1','08d24c5e-f07b-7aa0-59e6-840e89752fe5',1506076782,1510113933,1506076903),(115,'ad1a9bb2-ab3b-671a-9ab2-4267871f315c','3e0b1448-7562-48cc-f885-3986a3bee7fa','c3a9548d-832d-57f2-fdd9-18f9dc397fb5','1','1','9537498d-58a8-d79d-fae6-fcf47d074954',1507718611,1509602033,0),(116,'ade20187-fb80-e29c-ae2d-7d2bb34d2e31','b9d25df4-8e9e-f917-f559-4872db0b9ea6','3e0b1448-7562-48cc-f885-3986a3bee7fa','0','1','624d23bd-61b5-2be5-4935-a4a3eab96c8c',1506414456,1509503899,0),(117,'af6020e4-578e-9c1d-fb1b-1434e260732a','3e0b1448-7562-48cc-f885-3986a3bee7fa','3e0b1448-7562-48cc-f885-3986a3bee7fa','1','1','84c8da98-eb41-4492-5e9f-44cc54320ecd',1508481124,1509602033,1508486381),(118,'af7b5956-4aee-9e5c-d407-66239ea524dc','501969d6-b26d-bb2d-29e3-5264a923def0','0a9064ba-711f-5049-9300-c0cc88e1edf7','0','0','707a6f6c-01f8-a174-80d4-29ca291be878',1506067688,1506067688,0),(119,'afada12d-0a70-bbba-23c2-2d8b8addcd55','0f584f9c-befb-a17e-b205-765cd7efde33','13225a3e-f16a-ebb0-450d-3a0a00ade5ca','1','1','2a2820a4-b1a3-56d4-633c-9eb49d2b11c4',1506581474,1508745920,0),(120,'b4d85024-666c-f9a4-8672-d138625dd4f3','9175a40c-31f2-bbec-2134-27935378cf65','0a9064ba-711f-5049-9300-c0cc88e1edf7','1','0','5107f5b2-20a4-c51e-3795-2b8c896d27d4',1508813521,1508813546,1508813546),(121,'b826f676-7fb6-72fe-5fd3-8a58fe74b0f5','3e0b1448-7562-48cc-f885-3986a3bee7fa','0f584f9c-befb-a17e-b205-765cd7efde33','1','1','6b06d05e-f26f-3fd5-1673-f8e005676c52',1508485452,1509602033,1508486381),(122,'bd7f3993-4109-1c78-31ea-838a325fff0f','3e0b1448-7562-48cc-f885-3986a3bee7fa','c3a9548d-832d-57f2-fdd9-18f9dc397fb5','1','1','308ee629-4dd7-a2e9-c257-437fb01c2b8c',1507718611,1509602033,0),(123,'c09fd803-496f-444c-6b49-023918ac41b7','0a9064ba-711f-5049-9300-c0cc88e1edf7','c3a9548d-832d-57f2-fdd9-18f9dc397fb5','1','1','3bd1c61d-8445-3cb0-ce94-22446f2ff0b3',1506584013,1510113933,1506584014),(124,'c0f75e1d-f87c-cc70-9168-6f195d1ce816','bf670625-f384-b056-fab9-4c3f45314aa2','bf670625-f384-b056-fab9-4c3f45314aa2','1','1','5610b872-977b-c4d1-8837-47e78e96b57d',1506610067,1510112915,0),(125,'c1cbafbf-215e-8b22-1111-1783ef82634d','3e0b1448-7562-48cc-f885-3986a3bee7fa','c3a9548d-832d-57f2-fdd9-18f9dc397fb5','1','1','9df90f8a-c610-69a8-fbc2-041fd51637b4',1508294459,1509602033,1508486381),(126,'c6aaf9aa-296c-2716-52b2-ac3c5c08411f','16e1481c-86e7-b9a5-e707-a1b2cdf766c3','bf670625-f384-b056-fab9-4c3f45314aa2','1','1','151b5941-f671-6400-df3c-8080e4a4e998',1506610068,1510113930,0),(127,'c88ad79c-c0d4-fc8a-09de-15b4759c58ed','3e0b1448-7562-48cc-f885-3986a3bee7fa','3e0b1448-7562-48cc-f885-3986a3bee7fa','1','1','ce7c95c2-a1c3-2995-b0b8-78f041dc9428',1506562738,1509602033,1506562866),(128,'ca2355b5-6d48-7dcb-a515-dac07f8a9217','0f584f9c-befb-a17e-b205-765cd7efde33','16e1481c-86e7-b9a5-e707-a1b2cdf766c3','1','1','dd75e47f-a83d-2841-8afb-6da0e6047b41',1508134246,1508745920,0),(129,'cbf9e51f-27bf-b33a-2f45-61887c04f981','0a9064ba-711f-5049-9300-c0cc88e1edf7','0a9064ba-711f-5049-9300-c0cc88e1edf7','1','1','08d24c5e-f07b-7aa0-59e6-840e89752fe5',1506075806,1510113933,1506076903),(130,'cc3f7050-d1ce-cc99-c70f-4798b2634735','3e0b1448-7562-48cc-f885-3986a3bee7fa','3e0b1448-7562-48cc-f885-3986a3bee7fa','1','1','3cb4b0cc-5783-07ac-8718-b3f7f560801f',1508483129,1509602033,1508486381),(131,'cf745502-fef6-1158-3af7-758f2aa06bbe','b9d25df4-8e9e-f917-f559-4872db0b9ea6','c3a9548d-832d-57f2-fdd9-18f9dc397fb5','1','1','32c48360-8c4a-c734-3a88-ece21859370a',1508403394,1509503899,1508403633),(132,'cf809d27-4a92-fc1b-efa7-1f3fbec4d34a','16e1481c-86e7-b9a5-e707-a1b2cdf766c3','3e0b1448-7562-48cc-f885-3986a3bee7fa','1','1','8884cca8-c547-0400-5b08-d7356c46d947',1508225626,1510113930,0),(133,'d07a76cb-b8db-c61c-a50e-455e8f1d4ba6','c3a9548d-832d-57f2-fdd9-18f9dc397fb5','b9d25df4-8e9e-f917-f559-4872db0b9ea6','1','1','3e979abd-a5e0-c999-6a62-61e593e292ff',1506563389,1509950502,1506563397),(134,'d1ce4eef-fec1-3026-dc82-da76f0c659ac','b9d25df4-8e9e-f917-f559-4872db0b9ea6','c3a9548d-832d-57f2-fdd9-18f9dc397fb5','1','1','32c48360-8c4a-c734-3a88-ece21859370a',1508403645,1509503899,0),(135,'d205012d-6a89-76aa-373b-eddf9a4e2fbf','16e1481c-86e7-b9a5-e707-a1b2cdf766c3','bf670625-f384-b056-fab9-4c3f45314aa2','1','1','6d016893-bd69-77d5-9196-1148836374b0',1506611479,1510113930,0),(136,'d261669a-329a-2096-3ab7-4c054c533239','3e0b1448-7562-48cc-f885-3986a3bee7fa','3e0b1448-7562-48cc-f885-3986a3bee7fa','1','1','04342153-cd9c-728b-caba-657e45a17a31',1506582083,1509602033,1506588750),(137,'d7659f63-6c06-4ca8-14e7-a2e221de10bf','3e0b1448-7562-48cc-f885-3986a3bee7fa','3e0b1448-7562-48cc-f885-3986a3bee7fa','1','1','3cb4b0cc-5783-07ac-8718-b3f7f560801f',1508483130,1509602033,1508486381),(138,'de624ded-8b89-df49-d16d-b87d5ac84ea3','c3a9548d-832d-57f2-fdd9-18f9dc397fb5','3e0b1448-7562-48cc-f885-3986a3bee7fa','1','1','0a294b7f-8057-bdf4-58ef-079f8ebe027d',1508314648,1509950502,0),(139,'de78bb9a-c601-7186-9694-cfebcb427af8','3e0b1448-7562-48cc-f885-3986a3bee7fa','3e0b1448-7562-48cc-f885-3986a3bee7fa','1','1','ce7c95c2-a1c3-2995-b0b8-78f041dc9428',1506562254,1509602033,1506562866),(140,'deade5b6-b1d2-8ab3-ed7d-5b72a9720668','0f584f9c-befb-a17e-b205-765cd7efde33','3e0b1448-7562-48cc-f885-3986a3bee7fa','1','1','caf48562-c68b-3cf1-450d-d4d23fd55c33',1507603825,1508745920,0),(141,'dee87039-9ece-4369-571e-02de34f67154','13225a3e-f16a-ebb0-450d-3a0a00ade5ca','3e0b1448-7562-48cc-f885-3986a3bee7fa','1','0','3b8ecbfa-0159-1846-dba0-7a7a99f8ece5',1506583755,1506583797,1506583797),(142,'df7a3f73-df47-763a-2f55-894414f945de','16e1481c-86e7-b9a5-e707-a1b2cdf766c3','16e1481c-86e7-b9a5-e707-a1b2cdf766c3','1','1','3648d598-8bfa-e158-02c8-262650972c87',1508227848,1510113930,0),(143,'df7dba2d-808b-7358-eb93-ac9f1e721009','0a9064ba-711f-5049-9300-c0cc88e1edf7','0a9064ba-711f-5049-9300-c0cc88e1edf7','1','1','2031f797-ba51-cb25-db01-16473279d822',1508482794,1510113933,1508813334),(144,'e3280aa7-547f-0c32-d692-0bf2fa3cd923','0a9064ba-711f-5049-9300-c0cc88e1edf7','0a9064ba-711f-5049-9300-c0cc88e1edf7','1','1','d27b16c0-6e58-5871-697a-5493e2339798',1508770467,1510113933,1509434664),(145,'e856514e-5e5b-f0b8-e26f-75c6240eb861','3e0b1448-7562-48cc-f885-3986a3bee7fa','3e0b1448-7562-48cc-f885-3986a3bee7fa','1','1','04342153-cd9c-728b-caba-657e45a17a31',1506582218,1509602033,1506588750),(146,'ea42a60f-5b31-40c8-9541-e3df8e219b6c','16e1481c-86e7-b9a5-e707-a1b2cdf766c3','16e1481c-86e7-b9a5-e707-a1b2cdf766c3','1','1','151b5941-f671-6400-df3c-8080e4a4e998',1506610208,1510113930,1506610210),(147,'ea4ce6fd-7353-68d9-32a8-eec97d73731a','3e0b1448-7562-48cc-f885-3986a3bee7fa','0f584f9c-befb-a17e-b205-765cd7efde33','1','1','04342153-cd9c-728b-caba-657e45a17a31',1506572764,1509602033,0),(148,'eaffa8ca-e8be-e50a-2c93-42b3ff68271c','3e0b1448-7562-48cc-f885-3986a3bee7fa','c3a9548d-832d-57f2-fdd9-18f9dc397fb5','1','1','f496d4f9-8aeb-4bdd-e3ed-26463189e3e1',1508925459,1509602033,0),(149,'f193d87c-4e08-630b-302e-7813a3484bad','501969d6-b26d-bb2d-29e3-5264a923def9','0a9064ba-711f-5049-9300-c0cc88e1edf7','0','1','5f114da3-b998-68b9-78c1-5602a308bd76',1506067885,1508587552,0),(150,'f1fd23a4-a561-4a0f-8434-19654baff405','13225a3e-f16a-ebb0-450d-3a0a00ade5ca','3e0b1448-7562-48cc-f885-3986a3bee7fa','1','0','3b8ecbfa-0159-1846-dba0-7a7a99f8ece5',1506583769,1506583797,1506583797),(151,'f271eb0d-71fb-cacb-e520-a51a76902bda','3e0b1448-7562-48cc-f885-3986a3bee7fa','3e0b1448-7562-48cc-f885-3986a3bee7fa','1','1','3cb4b0cc-5783-07ac-8718-b3f7f560801f',1508483128,1509602033,1508486381),(152,'f2b25391-04f7-8765-dbad-30a66c636734','3e0b1448-7562-48cc-f885-3986a3bee7fa','3e0b1448-7562-48cc-f885-3986a3bee7fa','1','1','ce7c95c2-a1c3-2995-b0b8-78f041dc9428',1506562862,1509602033,1506562866),(153,'f2e3a949-6d71-b7a9-6c0c-987b0b6c686e','b9d25df4-8e9e-f917-f559-4872db0b9ea6','3e0b1448-7562-48cc-f885-3986a3bee7fa','0','1','12ee1cce-adce-d245-7c2e-a90711fc00a9',1506414740,1509503899,0),(154,'f680ebc9-92e0-4ba1-f460-c9061fa71c22','0f584f9c-befb-a17e-b205-765cd7efde33','0f584f9c-befb-a17e-b205-765cd7efde33','1','1','e645267e-daf4-4e39-790e-03c0d6785b7b',1508314338,1508745920,0),(155,'f86de16e-e099-1041-dbd1-c1eb8f19f014','501969d6-b26d-bb2d-29e3-5264a923def9','0a9064ba-711f-5049-9300-c0cc88e1edf7','0','1','707a6f6c-01f8-a174-80d4-29ca291be878',1506067688,1508587552,0),(156,'fb731255-c8a7-633c-6b95-47e097c84f87','0a9064ba-711f-5049-9300-c0cc88e1edf7','0a9064ba-711f-5049-9300-c0cc88e1edf7','1','1','ab4f9b18-3f2a-8432-0be6-eb9450d9197c',1508205787,1510113933,1508396347),(157,'fd93c722-b43d-5dc3-5d62-2d61e3732d57','b9d25df4-8e9e-f917-f559-4872db0b9ea6','b9d25df4-8e9e-f917-f559-4872db0b9ea6','1','1','32c48360-8c4a-c734-3a88-ece21859370a',1508403387,1509503899,0),(158,'d2c4ea72-cae0-5284-3d1e-02ed4fef3d6d','16e1481c-86e7-b9a5-e707-a1b2cdf766c3','c3a9548d-832d-57f2-fdd9-18f9dc397fb5','1','1','b011cae2-02c4-57f7-16fe-267206946a2a',1509510460,1510113930,1509602113),(159,'75797014-0cf2-bf8e-5039-aedbd83fbb04','c3a9548d-832d-57f2-fdd9-18f9dc397fb5','3e0b1448-7562-48cc-f885-3986a3bee7fa','1','1','8a724a6d-e6bb-8ef3-6f4a-6d5785b5e194',1509523293,1509950502,1509523323),(160,'bc95f520-9eab-caef-5f37-a659db53e964','c3a9548d-832d-57f2-fdd9-18f9dc397fb5','3e0b1448-7562-48cc-f885-3986a3bee7fa','1','1','8a724a6d-e6bb-8ef3-6f4a-6d5785b5e194',1509523301,1509950502,1509523323),(161,'bc6131df-6005-fffb-4197-e4f81c19fa64','c3a9548d-832d-57f2-fdd9-18f9dc397fb5','3e0b1448-7562-48cc-f885-3986a3bee7fa','1','1','51e528be-e090-1e9e-9a72-39e9bbd9d88f',1509523307,1509950502,1509523309),(162,'49ca2bb2-5a95-4869-76f8-8496002b482a','c3a9548d-832d-57f2-fdd9-18f9dc397fb5','3e0b1448-7562-48cc-f885-3986a3bee7fa','1','1','222499be-f2b9-bac1-3ef0-48d404344120',1509523311,1509950502,1509523312),(163,'17058ee7-cdc1-002b-91f2-d02a5c1227da','c3a9548d-832d-57f2-fdd9-18f9dc397fb5','3e0b1448-7562-48cc-f885-3986a3bee7fa','1','1','8a724a6d-e6bb-8ef3-6f4a-6d5785b5e194',1509523318,1509950502,1509523323),(164,'28d957b4-b588-9169-6c60-d5e27b169fea','c3a9548d-832d-57f2-fdd9-18f9dc397fb5','3e0b1448-7562-48cc-f885-3986a3bee7fa','1','1','8a724a6d-e6bb-8ef3-6f4a-6d5785b5e194',1509523324,1509950502,0),(165,'70168c55-af9e-734c-4c67-b2c5e9224104','c3a9548d-832d-57f2-fdd9-18f9dc397fb5','3e0b1448-7562-48cc-f885-3986a3bee7fa','1','1','51e528be-e090-1e9e-9a72-39e9bbd9d88f',1509523333,1509950502,0),(166,'90d057a3-1aca-8252-689a-9407beec0258','16e1481c-86e7-b9a5-e707-a1b2cdf766c3','3e0b1448-7562-48cc-f885-3986a3bee7fa','1','1','b011cae2-02c4-57f7-16fe-267206946a2a',1509523338,1510113930,1509604309),(167,'ec03f9f5-0e1f-4358-1f8c-8046bbb38dae','16e1481c-86e7-b9a5-e707-a1b2cdf766c3','3e0b1448-7562-48cc-f885-3986a3bee7fa','1','1','b011cae2-02c4-57f7-16fe-267206946a2a',1509523340,1510113930,1509604309),(168,'99a5e1f3-c7f8-16a1-77e8-76a60f9433f3','16e1481c-86e7-b9a5-e707-a1b2cdf766c3','3e0b1448-7562-48cc-f885-3986a3bee7fa','1','1','b011cae2-02c4-57f7-16fe-267206946a2a',1509523341,1510113930,1509604309),(169,'0d34f6d6-b336-8fc4-9948-5ce620aa3702','16e1481c-86e7-b9a5-e707-a1b2cdf766c3','3e0b1448-7562-48cc-f885-3986a3bee7fa','1','1','7fae9cb7-2b11-7ba8-7960-3d3d1c79774c',1509523347,1510113930,1509604318),(170,'0c87b88a-416d-a486-bd29-501751e29db0','16e1481c-86e7-b9a5-e707-a1b2cdf766c3','3e0b1448-7562-48cc-f885-3986a3bee7fa','1','1','b011cae2-02c4-57f7-16fe-267206946a2a',1509523356,1510113930,1509604309),(171,'eb6f516a-3439-a2fa-cc75-d3bb46ce2221','3e0b1448-7562-48cc-f885-3986a3bee7fa','c3a9548d-832d-57f2-fdd9-18f9dc397fb5','1','1','9159c11d-5dfa-d963-a83f-8bbadf072d74',1509594177,1509602033,1509594178),(172,'59c15dad-b9e7-225b-3fa7-ea1ed1d124ae','3e0b1448-7562-48cc-f885-3986a3bee7fa','c3a9548d-832d-57f2-fdd9-18f9dc397fb5','1','1','84c8da98-eb41-4492-5e9f-44cc54320ecd',1509601922,1509602033,1509601923),(173,'e7a1aa13-7937-2a22-52c8-5dc0e429db56','3e0b1448-7562-48cc-f885-3986a3bee7fa','c3a9548d-832d-57f2-fdd9-18f9dc397fb5','1','1','08986ba2-809b-2e7f-6c19-df4527841ad8',1509601999,1509603002,1509603002),(174,'53f471ee-7e99-8877-f8bf-ee1f86299f43','3e0b1448-7562-48cc-f885-3986a3bee7fa','c3a9548d-832d-57f2-fdd9-18f9dc397fb5','1','1','535e4857-8135-94c9-028a-25ec64a3ff02',1509602001,1509602997,1509602997),(175,'e8b9abe8-803f-c3a3-b58e-1ed6d3ef9e7a','3e0b1448-7562-48cc-f885-3986a3bee7fa','c3a9548d-832d-57f2-fdd9-18f9dc397fb5','1','1','08986ba2-809b-2e7f-6c19-df4527841ad8',1509602009,1509603002,1509603002),(176,'66dac78e-182f-85d3-070e-156ce3995568','3e0b1448-7562-48cc-f885-3986a3bee7fa','c3a9548d-832d-57f2-fdd9-18f9dc397fb5','1','1','535e4857-8135-94c9-028a-25ec64a3ff02',1509602014,1509602997,1509602997),(177,'a0416549-f8f1-422c-8f9d-44a06277830b','16e1481c-86e7-b9a5-e707-a1b2cdf766c3','c3a9548d-832d-57f2-fdd9-18f9dc397fb5','1','1','b011cae2-02c4-57f7-16fe-267206946a2a',1509602050,1510113930,1509602113),(178,'6e6be87f-4973-2960-24f8-a01dc8c63e28','16e1481c-86e7-b9a5-e707-a1b2cdf766c3','c3a9548d-832d-57f2-fdd9-18f9dc397fb5','1','1','7fae9cb7-2b11-7ba8-7960-3d3d1c79774c',1509602116,1510113930,0),(179,'4c15f1a6-b1b1-4124-e100-06c63c238e6c','3e0b1448-7562-48cc-f885-3986a3bee7fa','c3a9548d-832d-57f2-fdd9-18f9dc397fb5','1','0','535e4857-8135-94c9-028a-25ec64a3ff02',1509602153,1509602997,1509602997),(180,'8b795660-0ec9-5767-a36d-c1ecb4daddd0','3e0b1448-7562-48cc-f885-3986a3bee7fa','c3a9548d-832d-57f2-fdd9-18f9dc397fb5','1','0','08986ba2-809b-2e7f-6c19-df4527841ad8',1509602520,1509603002,1509603002),(181,'5a6b09a9-78f8-87fc-9ee3-9c3af4567e21','3e0b1448-7562-48cc-f885-3986a3bee7fa','c3a9548d-832d-57f2-fdd9-18f9dc397fb5','1','0','08986ba2-809b-2e7f-6c19-df4527841ad8',1509602982,1509603002,1509603002),(182,'bd712a1b-c7ac-2dac-580b-c58855a352ad','3e0b1448-7562-48cc-f885-3986a3bee7fa','c3a9548d-832d-57f2-fdd9-18f9dc397fb5','1','0','08986ba2-809b-2e7f-6c19-df4527841ad8',1509602996,1509603002,1509603002),(183,'0736fd9c-7c5a-6a94-885f-33e132cef6f4','3e0b1448-7562-48cc-f885-3986a3bee7fa','c3a9548d-832d-57f2-fdd9-18f9dc397fb5','1','0','535e4857-8135-94c9-028a-25ec64a3ff02',1509602997,1509602997,1509602997),(184,'11aa5011-e114-ddfe-0b6d-05288b91a2e2','3e0b1448-7562-48cc-f885-3986a3bee7fa','c3a9548d-832d-57f2-fdd9-18f9dc397fb5','1','0','535e4857-8135-94c9-028a-25ec64a3ff02',1509603002,1509603002,0),(185,'f7413dd9-f95c-4808-94b1-be2e25d9d768','16e1481c-86e7-b9a5-e707-a1b2cdf766c3','c3a9548d-832d-57f2-fdd9-18f9dc397fb5','1','1','b011cae2-02c4-57f7-16fe-267206946a2a',1509603003,1510113930,0),(186,'3b2c5100-96d9-e0b8-5b80-f9949d957b21','3e0b1448-7562-48cc-f885-3986a3bee7fa','c3a9548d-832d-57f2-fdd9-18f9dc397fb5','1','0','08986ba2-809b-2e7f-6c19-df4527841ad8',1509603008,1509603008,0),(187,'4700d7c6-85f9-330a-2531-f84b4c525cfc','16e1481c-86e7-b9a5-e707-a1b2cdf766c3','3e0b1448-7562-48cc-f885-3986a3bee7fa','1','1','b011cae2-02c4-57f7-16fe-267206946a2a',1509603423,1510113930,1509604309),(188,'522bc56c-2d04-2c04-7587-39a0d772b4c6','16e1481c-86e7-b9a5-e707-a1b2cdf766c3','3e0b1448-7562-48cc-f885-3986a3bee7fa','1','1','b011cae2-02c4-57f7-16fe-267206946a2a',1509603780,1510113930,1509604309),(189,'63f541df-1ef3-4a41-18b5-4aebd837f86c','16e1481c-86e7-b9a5-e707-a1b2cdf766c3','3e0b1448-7562-48cc-f885-3986a3bee7fa','1','1','b011cae2-02c4-57f7-16fe-267206946a2a',1509603786,1510113930,1509604309),(190,'49a5a395-63a6-b64f-3ff3-df3b4c0840b3','16e1481c-86e7-b9a5-e707-a1b2cdf766c3','3e0b1448-7562-48cc-f885-3986a3bee7fa','1','1','b011cae2-02c4-57f7-16fe-267206946a2a',1509604273,1510113930,1509604309),(191,'95bd3f38-0caf-8167-f1ed-39ed0ff5ebbe','16e1481c-86e7-b9a5-e707-a1b2cdf766c3','3e0b1448-7562-48cc-f885-3986a3bee7fa','1','1','b011cae2-02c4-57f7-16fe-267206946a2a',1509604307,1510113930,1509604309),(192,'86e5741c-f313-b05f-8b7b-adab57f11fff','16e1481c-86e7-b9a5-e707-a1b2cdf766c3','3e0b1448-7562-48cc-f885-3986a3bee7fa','1','1','b011cae2-02c4-57f7-16fe-267206946a2a',1509604309,1510113930,0),(193,'e1a71c7c-8f2f-203c-53a3-85aa176dbd4b','16e1481c-86e7-b9a5-e707-a1b2cdf766c3','3e0b1448-7562-48cc-f885-3986a3bee7fa','1','1','d2c137d5-7145-2924-e917-5ddbd2040544',1509604316,1510113930,0),(194,'6751e895-8483-bb10-1e96-a7aea80bf962','16e1481c-86e7-b9a5-e707-a1b2cdf766c3','3e0b1448-7562-48cc-f885-3986a3bee7fa','1','1','e3ebe01c-e78f-b200-9fe6-6fa4aef7288c',1509604317,1510113930,0),(195,'9c8acd4d-64c9-680c-f1ac-88e99700aad0','16e1481c-86e7-b9a5-e707-a1b2cdf766c3','bf670625-f384-b056-fab9-4c3f45314aa2','1','1','ee606678-a5d0-2a6f-2293-225ad3f9b55a',1509946004,1510113930,0),(196,'5ab41ce8-5d01-a3ff-f13e-f318cb1c2574','bf670625-f384-b056-fab9-4c3f45314aa2','16e1481c-86e7-b9a5-e707-a1b2cdf766c3','1','1','b9685499-0599-37dc-bfc6-79d09a09a428',1510032638,1510112915,0),(197,'cf50f670-b01f-f8ec-3c12-7d75344a276c','bf670625-f384-b056-fab9-4c3f45314aa2','13225a3e-f16a-ebb0-450d-3a0a00ade5ca','1','1','b9685499-0599-37dc-bfc6-79d09a09a428',1510044955,1510112915,0),(198,'a20bd220-8ee2-4fe3-ad5a-661065d9bf55','0f584f9c-befb-a17e-b205-765cd7efde33','3e0b1448-7562-48cc-f885-3986a3bee7fa','1','0','dfcd53f4-5a64-e7ac-5478-1a21b34fb730',1510194007,1510194007,0),(199,'af0b3832-3241-6220-1b43-df77423060d8','c3a9548d-832d-57f2-fdd9-18f9dc397fb5','3e0b1448-7562-48cc-f885-3986a3bee7fa','1','0','afb1debb-c2c5-8854-55ca-1ec48ef9d16b',1510194008,1510194008,0),(200,'3194ab35-f702-fa57-ec41-d2fb9113ff91','c3a9548d-832d-57f2-fdd9-18f9dc397fb5','3e0b1448-7562-48cc-f885-3986a3bee7fa','1','0','bee2ba92-24fa-9083-ec26-8f102666cfdc',1510194009,1510194009,0),(201,'4d8df369-88dd-53ab-1b8c-891c8ec8c6b9','c3a9548d-832d-57f2-fdd9-18f9dc397fb5','3e0b1448-7562-48cc-f885-3986a3bee7fa','1','0','f46a6168-d616-c356-0eac-7777378dcee3',1510194010,1510194010,0),(202,'0228b897-07de-4347-931b-9f5c5b924aaf','c3a9548d-832d-57f2-fdd9-18f9dc397fb5','3e0b1448-7562-48cc-f885-3986a3bee7fa','1','0','bf9ecece-4d5b-8549-6d9f-6c52c43bdafb',1510194011,1510194011,0);

#
# Structure for table "qxd_recharge"
#

DROP TABLE IF EXISTS `qxd_recharge`;
CREATE TABLE `qxd_recharge` (
  `id` int(11) NOT NULL AUTO_INCREMENT,
  `user_id` char(36) NOT NULL DEFAULT '0' COMMENT '充值用户ID',
  `total_fee` decimal(10,2) NOT NULL DEFAULT '0.00' COMMENT '充值金额',
  `out_trade_no` varchar(32) NOT NULL DEFAULT '' COMMENT '系统内部订单号，要求32个字符内，只能是数字、大小写字母_-|*@ ，且在同一个商户号下唯一。',
  `prepay_id` varchar(100) DEFAULT NULL COMMENT '订单微信支付的预订单id（用于发送模板消息）',
  `status` tinyint(3) NOT NULL DEFAULT '0' COMMENT '0：未支付  1：已支付',
  `create_time` int(11) NOT NULL DEFAULT '0' COMMENT '订单创建时间',
  `update_time` int(10) NOT NULL DEFAULT '0' COMMENT '更新订单状态时间',
  PRIMARY KEY (`id`),
  KEY `user_id` (`user_id`,`out_trade_no`,`status`)
) ENGINE=InnoDB AUTO_INCREMENT=48 DEFAULT CHARSET=utf8 COMMENT='充值表';

#
# Data for table "qxd_recharge"
#

INSERT INTO `qxd_recharge` VALUES (1,'0a9064ba-711f-5049-9300-c0cc88e1edf7',0.01,'A831651224789325',NULL,0,1504165122,1504165122),(2,'0a9064ba-711f-5049-9300-c0cc88e1edf7',0.01,'A831652073143610',NULL,0,1504165207,1504165207),(3,'0a9064ba-711f-5049-9300-c0cc88e1edf7',0.01,'A831652654722839',NULL,0,1504165265,1504165265),(4,'0a9064ba-711f-5049-9300-c0cc88e1edf7',0.01,'A831653176605432',NULL,0,1504165317,1504165317),(5,'0a9064ba-711f-5049-9300-c0cc88e1edf7',0.01,'A831653546833674',NULL,0,1504165354,1504165354),(6,'0a9064ba-711f-5049-9300-c0cc88e1edf7',0.01,'A831653792742874',NULL,0,1504165379,1504165379),(7,'0a9064ba-711f-5049-9300-c0cc88e1edf7',0.01,'A831654336723090',NULL,0,1504165433,1504165433),(8,'0a9064ba-711f-5049-9300-c0cc88e1edf7',0.01,'A831656081469243',NULL,0,1504165608,1504165608),(9,'0a9064ba-711f-5049-9300-c0cc88e1edf7',0.01,'A831659955432043','wx20170901114414151de0a88b0185848662',0,1504165995,1504237516),(10,'0a9064ba-711f-5049-9300-c0cc88e1edf7',0.01,'A831680489285070','wx201709011056238f318d45650355899405',0,1504168049,1504234645),(11,'0a9064ba-711f-5049-9300-c0cc88e1edf7',16.88,'A901379125965895','wx20170901115133bde858dcda0601456091',0,1504237912,1504237955),(12,'3e0b1448-7562-48cc-f885-3986a3bee7fa',2.00,'A915420576887101',NULL,0,1505442057,1505442057),(13,'3e0b1448-7562-48cc-f885-3986a3bee7fa',1.00,'A915427413135442','wx2017091510322106cd76905d0609956381',0,1505442741,1505442741),(14,'3e0b1448-7562-48cc-f885-3986a3bee7fa',1.00,'A915432140327075','wx20170915104014dc72ea1dd90767927507',0,1505443214,1505443214),(15,'3e0b1448-7562-48cc-f885-3986a3bee7fa',1.00,'A915432504367540','wx201709151040509b65db72c50850218844',0,1505443250,1505443250),(16,'3e0b1448-7562-48cc-f885-3986a3bee7fa',1.00,'A915433772411620','wx2017091510425711d969993d0012293854',0,1505443377,1505443377),(17,'3e0b1448-7562-48cc-f885-3986a3bee7fa',1.00,'A915436809648040','wx20170915104801cf30c7f87d0237422669',0,1505443680,1505443681),(18,'3e0b1448-7562-48cc-f885-3986a3bee7fa',1.00,'A915437032202036','wx20170915104823fb5526b12c0196351516',0,1505443703,1505443703),(19,'3e0b1448-7562-48cc-f885-3986a3bee7fa',1.00,'A915444634149839','wx201709151101033975281c830713625520',0,1505444463,1505444463),(20,'c3a9548d-832d-57f2-fdd9-18f9dc397fb5',1.00,'A915446948903488','wx201709151104558e3e6fcd070795889363',0,1505444694,1505444695),(21,'3e0b1448-7562-48cc-f885-3986a3bee7fa',1.00,'A915449972266720','wx20170915110957b15b08a9a20901606308',0,1505444997,1505444997),(22,'c3a9548d-832d-57f2-fdd9-18f9dc397fb5',1.00,'A915450172782902','wx201709151110174f12f1c29a0722429360',0,1505445017,1505445017),(23,'3e0b1448-7562-48cc-f885-3986a3bee7fa',1.00,'A915455707944399','wx20170915111931bce787205d0894006658',0,1505445570,1505445571),(24,'c3a9548d-832d-57f2-fdd9-18f9dc397fb5',0.02,'A915461635328200','wx20170915112924ec303e45160083986014',0,1505446163,1505446164),(25,'3e0b1448-7562-48cc-f885-3986a3bee7fa',0.02,'A915462055897272','wx20170915113005b696609f1a0157044256',0,1505446205,1505446206),(26,'c3a9548d-832d-57f2-fdd9-18f9dc397fb5',0.03,'A915463877773854','wx20170915113308559e786ace0986447765',0,1505446387,1505446388),(27,'c3a9548d-832d-57f2-fdd9-18f9dc397fb5',0.04,'A915464806908597','wx20170915113441e7d7710b0a0978717118',0,1505446480,1505446481),(28,'c3a9548d-832d-57f2-fdd9-18f9dc397fb5',0.04,'A915469257547897','wx201709151142064c74926dfd0596281834',0,1505446925,1505446926),(29,'c3a9548d-832d-57f2-fdd9-18f9dc397fb5',0.01,'A915472711731095','wx2017091511475115af16195e0548924637',0,1505447271,1505447271),(30,'c3a9548d-832d-57f2-fdd9-18f9dc397fb5',0.06,'A915476478649901','wx201709151154080dfa0d04240173764482',0,1505447647,1505447648),(31,'c3a9548d-832d-57f2-fdd9-18f9dc397fb5',0.01,'A915479723775104','wx201709151159326f942127b50725816138',0,1505447972,1505447972),(32,'0a9064ba-711f-5049-9300-c0cc88e1edf7',0.10,'A915481452967494','wx201709151202251238768bd50396130606',0,1505448145,1505448145),(33,'0a9064ba-711f-5049-9300-c0cc88e1edf7',0.01,'A915497386577225','wx201709151228595dee06a3360953842642',1,1505449738,1505449739),(34,'0a9064ba-711f-5049-9300-c0cc88e1edf7',0.01,'A915499781979578','wx20170915123258e2f3cb11e70344961389',1,1505449978,1505449978),(35,'c3a9548d-832d-57f2-fdd9-18f9dc397fb5',0.01,'A915614399237088','wx20170915154400d66ec233490121373770',1,1505461439,1505461440),(36,'3e0b1448-7562-48cc-f885-3986a3bee7fa',0.01,'A915640423292503','wx2017091516272224305f16900729361808',1,1505464042,1505464042),(37,'3e0b1448-7562-48cc-f885-3986a3bee7fa',0.02,'A915640662823509','wx20170915162746a15268cd030539513071',1,1505464066,1505464066),(38,'3e0b1448-7562-48cc-f885-3986a3bee7fa',0.01,'A915641370446829','wx20170915162857a7d94243d40557368144',1,1505464137,1505464137),(39,'3e0b1448-7562-48cc-f885-3986a3bee7fa',0.01,'A918297562112702','wx2017091818155644bb6b7d520104754032',0,1505729756,1505729756),(40,'c3a9548d-832d-57f2-fdd9-18f9dc397fb5',0.01,'A920947564557210','wx2017092016055685e73c6eb60359610038',1,1505894756,1505894756),(41,'b9d25df4-8e9e-f917-f559-4872db0b9ea6',99999996.00,'A921647121328116',NULL,0,1505964712,1505964712),(42,'0a9064ba-711f-5049-9300-c0cc88e1edf7',0.01,'A926152750453398','wx20170926164115645a0c70a20314248362',1,1506415275,1506415275),(43,'16e1481c-86e7-b9a5-e707-a1b2cdf766c3',0.01,'A926154233522390','wx201709261643433f37328fea0844761789',1,1506415423,1506415423),(44,'0a9064ba-711f-5049-9300-c0cc88e1edf7',0.06,'A927977336586948','wx2017092715353392e053d0a70632646916',1,1506497733,1506497734),(45,'0a9064ba-711f-5049-9300-c0cc88e1edf7',0.01,'A927977619881161','wx2017092715360213319bfcfe0102877902',1,1506497762,1506497762),(46,'0a9064ba-711f-5049-9300-c0cc88e1edf7',0.01,'A927977809842074','wx20170927153621f88c1855850377666314',1,1506497781,1506497781),(47,'16e1481c-86e7-b9a5-e707-a1b2cdf766c3',88.00,'AB01175122605790','wx20171101142512f26a000f820014919150',0,1509517512,1509517512);

#
# Structure for table "qxd_report"
#

DROP TABLE IF EXISTS `qxd_report`;
CREATE TABLE `qxd_report` (
  `Id` int(11) NOT NULL AUTO_INCREMENT,
  `content` varchar(255) NOT NULL DEFAULT '' COMMENT '投诉内容',
  `images` varchar(512) NOT NULL DEFAULT '' COMMENT '图片json数组',
  `user_id` char(36) NOT NULL DEFAULT '' COMMENT '投诉人ID',
  `community_id` char(36) NOT NULL DEFAULT '' COMMENT '社群ID',
  `create_time` int(10) unsigned NOT NULL DEFAULT '0' COMMENT '投诉时间',
  PRIMARY KEY (`Id`),
  KEY `user_id` (`user_id`,`community_id`)
) ENGINE=InnoDB AUTO_INCREMENT=35 DEFAULT CHARSET=utf8 COMMENT='投诉表';

#
# Data for table "qxd_report"
#

INSERT INTO `qxd_report` VALUES (1,'62559261','','0a9064ba-711f-5049-9300-c0cc88e1edf7','892c80b0-750c-0742-c6a4-5c1105285bee',1503909404),(2,'62559261','','0a9064ba-711f-5049-9300-c0cc88e1edf7','892c80b0-750c-0742-c6a4-5c1105285bee',1503909421),(3,'62559261','','0a9064ba-711f-5049-9300-c0cc88e1edf7','892c80b0-750c-0742-c6a4-5c1105285bee',1503910305),(4,'62559261','','0a9064ba-711f-5049-9300-c0cc88e1edf7','892c80b0-750c-0742-c6a4-5c1105285bee',1503910458),(5,'62559261','','0a9064ba-711f-5049-9300-c0cc88e1edf7','892c80b0-750c-0742-c6a4-5c1105285bee',1503910527),(6,'投诉内容','','0a9064ba-711f-5049-9300-c0cc88e1edf7','76826caa-6894-f6b9-3ac3-de33e01879c2',1508724574),(7,'投诉内容','','0a9064ba-711f-5049-9300-c0cc88e1edf7','76826caa-6894-f6b9-3ac3-de33e01879c2',1508724674),(8,'投诉内容','','0a9064ba-711f-5049-9300-c0cc88e1edf7','76826caa-6894-f6b9-3ac3-de33e01879c2',1508726052),(9,'投诉内容','','0a9064ba-711f-5049-9300-c0cc88e1edf7','76826caa-6894-f6b9-3ac3-de33e01879c2',1508726065),(10,'投诉内容','','0a9064ba-711f-5049-9300-c0cc88e1edf7','76826caa-6894-f6b9-3ac3-de33e01879c2',1508726321),(11,'投诉内容','','0a9064ba-711f-5049-9300-c0cc88e1edf7','76826caa-6894-f6b9-3ac3-de33e01879c2',1508726341),(12,'投诉内容02','','0a9064ba-711f-5049-9300-c0cc88e1edf7','76826caa-6894-f6b9-3ac3-de33e01879c2',1508726376),(13,'投诉内容02','','0a9064ba-711f-5049-9300-c0cc88e1edf7','76826caa-6894-f6b9-3ac3-de33e01879c2',1508726446),(14,'投诉内容02','','0a9064ba-711f-5049-9300-c0cc88e1edf7','76826caa-6894-f6b9-3ac3-de33e01879c2',1508726547),(15,'投诉内容02','[\"http:\\/\\/auth.go-qxd.com\\/sdfds\",\"http:\\/\\/auth.go-qxd.com\\/images\\/20170817164138599556c2e26bd.jpg\"]','0a9064ba-711f-5049-9300-c0cc88e1edf7','76826caa-6894-f6b9-3ac3-de33e01879c2',1508726826),(16,'投诉内容02','[\"http:\\/\\/auth.go-qxd.com\\/sdfds\",\"http:\\/\\/auth.go-qxd.com\\/images\\/20170817164138599556c2e26bd.jpg\"]','0a9064ba-711f-5049-9300-c0cc88e1edf7','76826caa-6894-f6b9-3ac3-de33e01879c2',1508726925),(17,'投诉内容02','[\"http:\\/\\/auth.go-qxd.com\\/sdfds\",\"http:\\/\\/auth.go-qxd.com\\/images\\/20170817164138599556c2e26bd.jpg\"]','0a9064ba-711f-5049-9300-c0cc88e1edf7','76826caa-6894-f6b9-3ac3-de33e01879c2',1508727022),(18,'投诉内容02','[\"http:\\/\\/auth.go-qxd.com\\/sdfds\",\"http:\\/\\/auth.go-qxd.com\\/images\\/20170817164138599556c2e26bd.jpg\"]','0a9064ba-711f-5049-9300-c0cc88e1edf7','76826caa-6894-f6b9-3ac3-de33e01879c2',1508727119),(19,'111','','0f584f9c-befb-a17e-b205-765cd7efde33','67ff98d2-677b-fb18-8dad-83a39b2e8766',1508728256),(20,'111','','0f584f9c-befb-a17e-b205-765cd7efde33','67ff98d2-677b-fb18-8dad-83a39b2e8766',1508728292),(21,'%11111','','0f584f9c-befb-a17e-b205-765cd7efde33','67ff98d2-677b-fb18-8dad-83a39b2e8766',1508728304),(22,'投诉内容02','[\"http:\\/\\/auth.go-qxd.com\\/sd-fds\",\"http:\\/\\/auth.go-qxd.com\\/images\\/20170817164138599556c2e26bd.jpg\"]','0a9064ba-711f-5049-9300-c0cc88e1edf7','76826caa-6894-f6b9-3ac3-de33e01879c2',1508730284),(23,'投诉内容02','[\"http:\\/\\/qxd-test.oss-cn-beijing.aliyuncs.com\\/user-dir\\/aasB1qQeu2EfHPvwxPJ2PP4WBFQjjHcU.png\",\"http:\\/\\/auth.go-qxd.com\\/images\\/20170817164138599556c2e26bd.jpg\"]','0a9064ba-711f-5049-9300-c0cc88e1edf7','76826caa-6894-f6b9-3ac3-de33e01879c2',1508730645),(24,'111','[\"http:\\/\\/qxd-test.oss-cn-beijing.aliyuncs.com\\/user-dir\\/aasB1qQeu2EfHPvwxPJ2PP4WBFQjjHcU.png\"]','3e0b1448-7562-48cc-f885-3986a3bee7fa','a7e3276b-95c7-806f-c6c9-a6d004011c15',1508730506),(25,'111','[\"http:\\/\\/qxd-test.oss-cn-beijing.aliyuncs.com\\/user-dir\\/7SDJeu1jPrrDUpCUE8H05h3snHL9wf1f.png\"]','0f584f9c-befb-a17e-b205-765cd7efde33','892c80b0-750c-0742-c6a4-5c1105285bee',1508730665),(26,'','[\"http:\\/\\/qxd-test.oss-cn-beijing.aliyuncs.com\\/user-dir\\/Uw8k4iRzsp4HvJ2iE4t3dunTcgFL0Kjt.png\"]','0f584f9c-befb-a17e-b205-765cd7efde33','892c80b0-750c-0742-c6a4-5c1105285bee',1508731135),(27,'11111','','0f584f9c-befb-a17e-b205-765cd7efde33','892c80b0-750c-0742-c6a4-5c1105285bee',1508731372),(28,'11111','','0f584f9c-befb-a17e-b205-765cd7efde33','892c80b0-750c-0742-c6a4-5c1105285bee',1508731491),(29,'哦耶','[\"http:\\/\\/qxd-test.oss-cn-beijing.aliyuncs.com\\/user-dir\\/aLQWWwer6FG9LeGePrpaTwQJK3ecnqPY.png\"]','0a9064ba-711f-5049-9300-c0cc88e1edf7','ec685e49-3456-6a37-8220-be6bb35868ae',1508770576),(30,'1111','','3e0b1448-7562-48cc-f885-3986a3bee7fa','58d153d9-1702-e225-7cbc-59a453386bca',1508826600),(31,'11111','[\"http:\\/\\/qxd-test.oss-cn-beijing.aliyuncs.com\\/user-dir\\/F7vQBTfSL43nTUpXXtiTJRvmKxr8DCtL.png\",\"http:\\/\\/qxd-test.oss-cn-beijing.aliyuncs.com\\/user-dir\\/Xe2KbC8fFpGX2jCzYwX9tcuwg24viqLb.png\",\"http:\\/\\/qxd-test.oss-cn-beijing.aliyuncs.com\\/user-dir\\/teEckpkJundefinedTgc54c2fKg5b99undefinedujLgn5cF.png\"]','c3a9548d-832d-57f2-fdd9-18f9dc397fb5','a39fb9d1-42fb-96e6-9a4a-4e38e85237f6',1508835197),(32,'呃呃呃呃呃呃','[\"http:\\/\\/qxd-test.oss-cn-beijing.aliyuncs.com\\/user-dir\\/1ULGHsqLsCjxtkYeaPnJ6tUhEmSS30db.png\"]','0a9064ba-711f-5049-9300-c0cc88e1edf7','76bd6046-ab49-7ed7-e8be-babe32a181bd',1510113919),(33,'','[\"http:\\/\\/qxd-test.oss-cn-beijing.aliyuncs.com\\/user-dir\\/r6qq6DFC9uyQHGy6bsi7bzr8u4yhcL3c.png\",\"http:\\/\\/qxd-test.oss-cn-beijing.aliyuncs.com\\/user-dir\\/2WuEcacQhRL3LBgE3kJeSq9bzuXJUe0r.png\"]','c3a9548d-832d-57f2-fdd9-18f9dc397fb5','c95134b4-83d5-ce44-6e79-c3273f807e71',1510121450),(34,'','[\"http:\\/\\/qxd-test.oss-cn-beijing.aliyuncs.com\\/user-dir\\/uvm9ULwdg6p32cD7tmn5cwjcBFm5y1XC.png\",\"http:\\/\\/qxd-test.oss-cn-beijing.aliyuncs.com\\/user-dir\\/S8HeSfdyxhbG1Jd6g9y6D14574vTLHXa.png\"]','c3a9548d-832d-57f2-fdd9-18f9dc397fb5','c95134b4-83d5-ce44-6e79-c3273f807e71',1510121614);

#
# Structure for table "qxd_route"
#

DROP TABLE IF EXISTS `qxd_route`;
CREATE TABLE `qxd_route` (
  `id` int(11) NOT NULL AUTO_INCREMENT COMMENT '路由ID',
  `full_url` varchar(255) NOT NULL DEFAULT '' COMMENT '完整url',
  `url` varchar(255) NOT NULL DEFAULT '' COMMENT '实际显示的url',
  PRIMARY KEY (`id`)
) ENGINE=InnoDB DEFAULT CHARSET=utf8 COMMENT='url路由表';

#
# Data for table "qxd_route"
#


#
# Structure for table "qxd_task"
#

DROP TABLE IF EXISTS `qxd_task`;
CREATE TABLE `qxd_task` (
  `p_id` int(11) unsigned NOT NULL AUTO_INCREMENT,
  `id` char(36) NOT NULL DEFAULT '',
  `act_plan_id` char(36) NOT NULL DEFAULT '' COMMENT '所属行动计划ID',
  `name` varchar(100) NOT NULL DEFAULT '' COMMENT '任务标题',
  `requirement` varchar(255) NOT NULL DEFAULT '' COMMENT '任务要求',
  `content` text COMMENT '任务内容',
  `reference_time` int(11) unsigned NOT NULL DEFAULT '0' COMMENT '参考时间',
  `release` enum('0','1') NOT NULL DEFAULT '1' COMMENT '0 未发布 1 发布',
  `order` tinyint(3) NOT NULL DEFAULT '0' COMMENT '排序',
  `create_time` int(10) unsigned NOT NULL DEFAULT '0' COMMENT '创建时间',
  `update_time` int(10) unsigned NOT NULL DEFAULT '0' COMMENT '更新时间',
  `delete_time` int(10) unsigned NOT NULL DEFAULT '0' COMMENT '删除时间',
  PRIMARY KEY (`p_id`),
  UNIQUE KEY `id` (`id`),
  KEY `post_date` (`create_time`) USING BTREE,
  KEY `type_status_date` (`create_time`,`id`),
  KEY `act_plan_id` (`act_plan_id`,`release`,`order`)
) ENGINE=InnoDB AUTO_INCREMENT=113 DEFAULT CHARSET=utf8 ROW_FORMAT=COMPACT COMMENT='任务表';

#
# Data for table "qxd_task"
#

INSERT INTO `qxd_task` VALUES (1,'013b34fc-b394-0ffe-0227-7ec54c5478d5','728162a2-06b2-0053-7c30-d0a7e1350d7c','2222','啊啊啊啊啊','啊啊啊啊',7200,'1',0,1508117738,1508117738,0),(2,'026a7c4d-8304-0b99-a782-f080bc2b95d3','57818010-8294-465f-7c52-1778ad775f24','呃呃呃额额','呃呃呃额额','呃呃呃额额',300,'1',0,1508983620,1508983620,0),(3,'09e2c2af-710d-8f61-d777-26c77bfa5d87','a88b4fc0-0652-d590-a162-4574de7b903d','这是第一个行动计划的任务=\'No.6\'=','这是要求','这里是富文本',3600,'1',0,1505440518,1505440518,0),(4,'0a302ff0-3640-57cf-0f45-1f028d4a1602','503025f3-04d9-2d41-3d57-e18a662b443a','有毒の社群里面的第一个任务','这个要求很随意','这个内容也很随意',5040,'1',0,1508139990,1508139990,0),(5,'0b1c190d-40db-973e-0483-2dfd8b8d8940','2b367999-f19d-fe14-6070-59cb341bc950','任务1','1111','1',300,'1',0,1508982780,1508982780,0),(6,'0e1e899d-5e1d-ae83-b09a-cac81a6ab676','323c8ea3-1955-566d-d8a8-e17839bf61e0','4','4','4',300,'1',0,1508924625,1508924625,0),(7,'118f7269-0bc0-924d-655b-433734a3859b','d5d1eb94-bebd-1f2f-bf31-23e1616f935e','阿什顿发','阿什顿发','手动阀',90060,'1',0,1507531347,1507531347,0),(8,'14043c7f-ae32-3ab6-fb63-d3498b681e94','9b047d08-5096-6a4e-2603-7629673c3bf2','二二二','啊啊啊啊啊','去去去去去',1800,'1',0,1508117510,1508117510,0),(9,'17954399-c74e-383a-9aec-e94c0091f6b6','728162a2-06b2-0053-7c30-d0a7e1350d7c','3','333','啊啊啊啊',3000,'1',0,1508117751,1508117751,0),(10,'1b618d9c-9627-081b-15b5-0a07a5325c80','80e0efd0-7232-cd54-72fd-57b6811cb81f','这是任务标题','这是任务要求','这里是任务内容这里是任务内容这里是任务内容这里是任务内容这里是任务内容这里是任务内容这里是任务内容这里是任务内容这里是任务内容这里是任务内容这里是任务内容这里是任务内容这里是任务内容这里是任务内容这里是任务内容这里是任务内容这里是任务内容这里是任务内容这里是任务内容这里是任务内容这里是任务内容这里是任务内容这里是任务内容这里是任务内容这里是任务内容这里是任务内容这里是任务内容这里是任务内容这里是任务内容这里是任务内容这里是任务内容这里是任务内容这里是任务内容这里是任务内容这里是任务内容这里是任务内容这里是任务内容这里是任务内容这里是任务内容',90060,'1',0,1507601065,1509067241,0),(11,'1e2686f7-03f0-0f7e-5a78-2622479d527b','503025f3-04d9-2d41-3d57-e18a662b443a','第二个有毒の任务','要求随意','内容也随意',1200,'1',0,1508140232,1508140232,0),(12,'1ff69d65-69e5-a17b-573e-a7803be0c4d0','80e0efd0-7232-cd54-72fd-57b6811cb81f','这是任务标题2','这是任务要求2','这是任务内容2这是任务内容2这是任务内容2这是任务内容2这是任务内容2这是任务内容2这是任务内容2这是任务内容2这是任务内容2这是任务内容2这是任务内容2这是任务内容2这是任务内容2这是任务内容2这是任务内容2这是任务内容2这是任务内容2这是任务内容2这是任务内容2这是任务内容2这是任务内容2这是任务内容2这是任务内容2这是任务内容2这是任务内容2这是任务内容2这是任务内容2\n<div class=\"audioPlayer2 mt30 mb30\"><audio  preload=\"auto\" controls name=\"media\"><source src=\"http://qxd-mts-output.oss-cn-beijing.aliyuncs.com/wx_download_2017103123452559f89a9510013_oss.mp3\"></audio></div>\n<img class=\"cont-li\" src=\"http://qxd-test.oss-cn-beijing.aliyuncs.com/user-dir/3fYFL1rTKsSg7kundefinedP5P2bLVxeamb9sFdr.png\">',3660,'1',0,1507601163,1509464943,0),(13,'2689efea-ce6e-d0f3-1e77-6224d3d93426','47804edb-3cd8-d788-6234-bb4b7ef83482','2','2','2',300,'1',0,1508982851,1508982851,0),(14,'27d86532-42f9-3d5c-9281-acbfd72645e9','6a7a3466-99be-d490-393b-862199fff6a4','普通模式任务二','啊啊啊啊啊','啊啊啊啊啊',3660,'1',0,1508117428,1508117685,0),(15,'28950890-b846-b9a8-d865-d1eaea5b2028','194d762c-b1c4-1a41-94cb-249da58a1378','1111','1111','111',600,'1',0,1508138653,1508898035,0),(16,'29dd9f08-f196-29f6-774d-fcf315fc9984','7683c426-100a-8ba0-aec7-6377c0d997fc','挑战者模式的任务','如题就是挑战者模式的任务','这是内容....还是个富文本',86580,'1',0,1507627933,1508219899,0),(17,'2b4fe32f-3f42-501a-b6ee-aa8726c6b6c5','b9819e90-164e-4728-1729-0a2683d27359','1111','1111','去无为让人\n\n<img class=\"cont-li\" src=\"http://qxd-test.oss-cn-beijing.aliyuncs.com/user-dir/Jf04g5EsBE8xGfuS3ss32r0fj3QVsv35.png\">\n<img class=\"cont-li\" src=\"http://qxd-test.oss-cn-beijing.aliyuncs.com/user-dir/v9vea2BQJKVLmCHR8XSH6nxGms7xb48t.png\">\n333',10800,'1',0,1508825194,1508825194,0),(18,'2b6bf72c-8ec7-c31b-0bbc-2159ecd48d57','6d68daf3-4f26-5b4c-229b-9907453a8781','有毒の普通任务','要求普通','普通的内容',900,'1',0,1508140290,1508140290,0),(19,'302a8246-5094-4c9f-2dc5-eb47a36a6e75','e71e2036-6d73-5aa4-471f-df9c2d1d1bcf','挑战者模式2小时','随意','随意',7200,'1',0,1508482012,1508482012,0),(20,'3158d469-b897-15fc-4f75-8c55d746087b','6898ecc5-cb5b-c7cd-0cfc-79706b8a5473','孔明年吧唧唧复唧唧','踢我怒气冲天火车了吗','孔明灯木耳机了吧台词藻类植物',7320,'1',0,1507703826,1507703826,0),(21,'3b92d10e-3546-5fee-2e8a-842f83701484','47804edb-3cd8-d788-6234-bb4b7ef83482','1','1','1',300,'1',0,1508982837,1508982837,0),(22,'3cb98cf2-c72e-af54-dc22-ecef111300db','8e53a120-c0cc-dde6-9cfe-e52ec40723b4','咯呃','苦力','来找我骂我一顿酒喝了酒啊啊啊',2940,'1',0,1507704068,1507704068,0),(23,'3d035606-710a-ebfe-8d09-4029ba4914dc','4ca6236d-d2e9-dd27-24b2-6f02459cbbe8','父爱发热不饿了','else阿瑟侧踏','鹅解决的',120,'1',0,1507790861,1507790861,0),(24,'3ddc3170-8166-d78e-2a48-bbc32fbc4dd5','0f6f6fba-c7ab-a432-d47a-0ff04b75a972','行动计划002','002简介','1',1,'1',0,1504766152,1505270742,0),(25,'433c4bf3-04d4-380d-87f7-2cc0bd174e80','98272263-0337-dc22-1e8f-f14951683dbd','3','3','3',240,'1',0,1508919937,1508919937,0),(26,'44d248b1-d2a2-9ef7-f8b6-9e2a45ab40e3','98272263-0337-dc22-1e8f-f14951683dbd','4','4','4',300,'1',0,1508919950,1508919950,0),(27,'49bf4c81-63a1-e06a-1074-8908cc0b1c42','185b6957-3732-3ca0-3b96-8fd9a7295363','行动01','要求01','内容',123,'1',0,1504694707,1504694707,0),(28,'519b9869-1f3a-eb2a-4373-8eed01383c9c','b882428e-e2c9-5cd2-10d3-6842a67daf0b','33','333','33',300,'1',0,1508924476,1508924476,0),(29,'5583ed7c-0e88-920c-915f-30fbefb00246','c8b749ba-86bf-deaa-82a4-59dc7db14975','搜的噶a打的费','噶','连接口连接',91260,'1',0,1507541471,1508219933,0),(30,'58ffae94-60b3-17ab-c02a-6a9d89c55e97','d400d687-795f-e3eb-caa4-e3401f4bc348','是啊我们在乎了……','这么晚餐饭店铺地址第一天啊','这种族风光秀丽挺拔着一个人电脑课本书记述着的感觉，是从什么时候开始喜欢',300,'1',0,1507702905,1507702905,0),(31,'5df33d44-89fe-881e-5365-858f0c1b1e2f','b9819e90-164e-4728-1729-0a2683d27359','2222','2222','啊啊啊啊啊',3600,'1',0,1508826204,1508826204,0),(32,'60736d63-76eb-94fd-d26f-d93b50e50677','98272263-0337-dc22-1e8f-f14951683dbd','6','6','6',300,'1',0,1508920040,1508920040,0),(33,'60975bc2-94cc-0444-d70e-05e43da39506','728162a2-06b2-0053-7c30-d0a7e1350d7c','111','222','啊啊啊啊',5400,'1',0,1508117723,1508117723,0),(34,'633b6005-6e2d-75ea-c823-d96ca3fe5745','185b6957-3732-3ca0-3b96-8fd9a7295363','行动任务001','001要求','asdfg',123,'1',0,1503988088,1503990071,0),(35,'64f9cfc6-e48d-9591-46fb-0fc94fdd1df2','88e7a1f0-40d1-deb5-95a5-0d878f177e2a','来了','狼来了','哈哈哈',4620,'1',0,1508392174,1508392174,0),(36,'6514a394-7ea8-d382-f590-eb5581a5e2e1','0f6f6fba-c7ab-a432-d47a-0ff04b75a972','行动任务003','http://api.go-qxd.com/images/nx-qxd-logo.jpg','内容003',10,'1',0,1504765247,1504765247,0),(37,'66c47e41-4478-3739-3fd0-05ac2799e317','57818010-8294-465f-7c52-1778ad775f24','啊啊啊啊啊','啊啊啊啊啊','啊啊啊啊啊',300,'1',0,1508983604,1508983604,0),(38,'6f1929c6-afcb-4a5f-559c-99a76d921df8','b882428e-e2c9-5cd2-10d3-6842a67daf0b','44','44','44',300,'1',0,1508924509,1508924509,0),(39,'73712a59-9576-ca4e-e74d-c73d55690694','a88b4fc0-0652-d590-a162-4574de7b903d','这是第一个行动计划的任务=\'No.8\'=','这是要求','这里是富文本',3600,'1',0,1505440529,1505440529,0),(40,'746cabe0-e8b0-28ed-6dae-8ccfc46ed786','48e7eb69-8b48-3ca2-e575-836db28c5256','一切成一','是啊你是','是因为一个人电脑课外读物资格局局长被动吸烟有害物质对象征性地走以一个个喜爱情片子了偌大一个人打算盘珠子都市女性主义与其说得到了很大声音乐会员了。我的人都有一点点小事就可以理解能力',480,'1',0,1508832835,1508832835,0),(41,'7ec15eea-4006-7bc0-5c7b-fff9db542380','9b047d08-5096-6a4e-2603-7629673c3bf2','sisisisi','哈哈哈哈','啦啦啦啦啦',3600,'1',0,1508117554,1508117554,0),(42,'7fafe2e7-62b7-ca49-0e5f-9db4222ee421','47804edb-3cd8-d788-6234-bb4b7ef83482','3','3','3',300,'1',0,1508982864,1508982864,0),(43,'81cbab00-e2b5-74ed-19fd-1efadaef714f','323c8ea3-1955-566d-d8a8-e17839bf61e0','2','2','2',300,'1',0,1508924562,1508924562,0),(44,'84b4837c-160a-f5f9-a062-7e34437755c1','b882428e-e2c9-5cd2-10d3-6842a67daf0b','2222','22','2',180,'1',0,1508919902,1508919902,0),(45,'8516d0ed-8dd8-9899-aa5d-662e5142ce3f','57818010-8294-465f-7c52-1778ad775f24','哦哦噢噢噢哦哦','哦哦噢噢噢哦哦','哦哦哦哦',300,'1',0,1508983633,1508983633,0),(46,'8b47815b-0f9c-0811-3a6a-accc9e4acdbd','6a7a3466-99be-d490-393b-862199fff6a4','333','444','啊啊啊',5400,'1',0,1508117676,1508117676,0),(47,'8c1dc08c-ab81-c21a-a8fb-3a9b0c1cb1c1','2b367999-f19d-fe14-6070-59cb341bc950','3','3','3',300,'1',0,1508982809,1508982809,0),(48,'8ed0eb3d-f5f8-c5d3-b99e-e5a545df1333','9b047d08-5096-6a4e-2603-7629673c3bf2','55555','囡囡囡囡囡囡囡囡','急急急急急急急急',5400,'1',0,1508117573,1508117573,0),(49,'928bdd96-4660-9978-42af-df214e337973','4ca6236d-d2e9-dd27-24b2-6f02459cbbe8','阿莫西林路','乱伦大杂烩','咯门族兔兔我太漂亮了激动啥呢你说的话吧我在看电影吧！',300,'1',0,1507703157,1507703157,0),(50,'953d295c-70f1-b3ad-1754-dac6b41e996c','a88b4fc0-0652-d590-a162-4574de7b903d','这是第一个行动计划的任务=\'No.2\'=','这是要求','这里是富文本',3600,'1',0,1505440016,1505440016,0),(51,'9640b6ff-ce79-e0e1-8d29-1a1b66135e36','c8b749ba-86bf-deaa-82a4-59dc7db14975','搜的噶','噶','连接口连接',127260,'1',0,1507600816,1508210611,0),(52,'98ae2bac-d471-e9c6-9269-8bcd37fd0734','b9819e90-164e-4728-1729-0a2683d27359','4444','444','444',14400,'1',0,1508826260,1508826260,0),(53,'98e06976-1bcf-f0b8-e15a-40fa5608ec06','6a7a3466-99be-d490-393b-862199fff6a4','111','111','<div class=\"audioPlayer2\"><audio  preload=\"auto\" controls name=\"media\"><source src=\"http://qxd-mts-output.oss-cn-beijing.aliyuncs.com/wx_download_2017102410190959eea31d6fc6d_oss.mp3\"></audio></div>\n啦啦啦啦啦啦\n<img class=\"cont-li\" src=\"http://qxd-test.oss-cn-beijing.aliyuncs.com/user-dir/TVCV5CvTGVJ9e0G6hQHkE5Pc9ndc2TtT.png\">\n哈哈哈哈哈哈哈\n<img class=\"cont-li\" src=\"http://qxd-test.oss-cn-beijing.aliyuncs.com/user-dir/TVCV5CvTGVJ9e0G6hQHkE5Pc9ndc2TtT.png\">\n略略略\n<img class=\"cont-li\" src=\"http://qxd-test.oss-cn-beijing.aliyuncs.com/user-dir/KHqntV7P7XGqmjwG4zbTundefinedGTTeD0xu9cw.png\">\n<div class=\"audioPlayer2 mt30 mb30\"><audio  preload=\"auto\" controls name=\"media\"><source src=\"http://qxd-mts-output.oss-cn-beijing.aliyuncs.com/wx_download_2017102411173659eeb0d05cf97_oss.mp3\"></audio></div>\n哈哈哈哈哈\n你说什么，你再说一遍，信不信我打你啊啊啊啊啊啊啊哈哈哈哈哈略略略',3600,'1',0,1508811600,1508815094,0),(54,'9eb360c0-96e2-7e75-8993-0d36ea4b62d0','e71e2036-6d73-5aa4-471f-df9c2d1d1bcf','挑战者模式30分钟','随意','随意',108000,'1',0,1508481984,1508481984,0),(55,'a2c640ce-b17d-3aba-f717-d3548e9f93bc','c8b749ba-86bf-deaa-82a4-59dc7db14975','这是创建的第三个任务','这个要求很严苛','如题',300,'1',0,1507600877,1507600877,0),(56,'a322d304-07a1-28bd-7813-713183c02ffb','66ab003d-e034-25d1-265d-d5e61fd5536f','普通的30分钟','如题','空',108000,'1',0,1508481839,1508481839,0),(57,'a4905edc-7437-6126-6702-6c08788d0758','0f6f6fba-c7ab-a432-d47a-0ff04b75a972','行动任务002','http://api.go-qxd.com/images/nx-qxd-logo.jpg','内容',10,'1',0,1504764979,1504764979,0),(58,'a62b9970-b0a4-c483-6646-fa7197ad60ba','b882428e-e2c9-5cd2-10d3-6842a67daf0b','22','22','22',300,'1',0,1508924460,1508924460,0),(59,'a8df1893-914e-b953-b611-65feae4aa56d','194d762c-b1c4-1a41-94cb-249da58a1378','222','222','222',300,'1',0,1508138665,1508898048,0),(60,'aa498f6d-b36e-ece1-2fd6-fd0c13a58e45','0fc1011e-9baf-0360-4c27-6489c2740589','2','2','1',300,'1',0,1508924688,1508924688,0),(61,'aa7e5644-e53a-58b8-b7b8-e7e21d157f64','323c8ea3-1955-566d-d8a8-e17839bf61e0','1','1','1',300,'1',0,1508924545,1508924545,0),(62,'aa8ec5ee-f77a-b944-7131-4b4349d335b8','0fc1011e-9baf-0360-4c27-6489c2740589','3','3','3',300,'1',0,1508924703,1508924703,0),(63,'aabd0553-e755-5dbd-e72d-c49cda7b998d','0fc1011e-9baf-0360-4c27-6489c2740589','4','4','4',300,'1',0,1508924741,1508924741,0),(64,'af9fe8bf-5cfd-d26b-0a7d-adb73a2ace25','d400d687-795f-e3eb-caa4-e3401f4bc348','创建第二个任务','要求很随意','内容也很随意',7200,'1',0,1508139819,1508139819,0),(65,'b0068dd2-5320-791b-1dee-f6ba0d6835ed','4ca6236d-d2e9-dd27-24b2-6f02459cbbe8','恶略了额吉','哦了热天','发热啊确立',300,'1',0,1507790818,1507790818,0),(66,'b6a3f322-b8d2-f462-1eee-c348f227fd1a','b9819e90-164e-4728-1729-0a2683d27359','333','333','啊啊啊啊啊啊',3600,'1',0,1508826247,1508826247,0),(67,'b871952c-bca8-4471-3fa5-e6c6bc0b7523','0f6f6fba-c7ab-a432-d47a-0ff04b75a972','行动任务003','http://api.go-qxd.com/images/nx-qxd-logo.jpg','内容003',10,'1',0,1504765290,1504765290,0),(68,'bb31e2b5-57dc-e86b-f9ae-82530643ec8d','b9819e90-164e-4728-1729-0a2683d27359','6666','6666','666',3600,'1',0,1508826351,1508826351,0),(69,'c3bf18a1-2303-9846-6346-998403c01c6a','0fc1011e-9baf-0360-4c27-6489c2740589','1','1','1',300,'1',0,1508924677,1508924677,0),(70,'ca5cdd78-bf94-f2e7-029e-5fecd7af8d82','a88b4fc0-0652-d590-a162-4574de7b903d','这是第一个行动计划的任务=\'No.7\'=','这是要求','这里是富文本',3600,'1',0,1505440525,1505440525,0),(71,'cbd72e5a-70b9-6f50-70dd-5106c30c69cc','6a7a3466-99be-d490-393b-862199fff6a4','333','5555','哈哈哈哈哈哈就\n<img class=\"cont-li\" src=\"http://qxd-test.oss-cn-beijing.aliyuncs.com/user-dir/SrU3g4qg5nedEtSQLCdPJjfE03V5rKyD.png\">\n\n<div class=\"audioPlayer2 mt30 mb30\"><audio  preload=\"auto\" controls name=\"media\"><source src=\"http://qxd-mts-output.oss-cn-beijing.aliyuncs.com/wx_download_2017102410371559eea75b7e6dd_oss.mp3\"></audio></div>\n啦啦啦啦啦啦啦\n咩咩咩咩咩咩\n咔咔咔咔咔咔咔咔咔咔',3600,'1',0,1508812671,1508812671,0),(72,'cc02f114-fc9d-0138-fca0-bd77c5c4ec0a','98272263-0337-dc22-1e8f-f14951683dbd','5','5','5',300,'1',0,1508920005,1508920005,0),(73,'cc8e8e8b-82c6-5456-9f61-06e9c260db2f','e71e2036-6d73-5aa4-471f-df9c2d1d1bcf','挑战者模式3分钟','随意','随意',180,'1',0,1508481953,1508481953,0),(74,'cd3705ef-4b19-a65c-e7df-437b1e102967','9b047d08-5096-6a4e-2603-7629673c3bf2','任务三','啊啊啊啊啊','啊啊啊啊',3000,'1',0,1508117535,1508117535,0),(75,'cf593dd7-e4fd-0482-56b2-6608c29e91fd','98272263-0337-dc22-1e8f-f14951683dbd','111','11','++11',300,'1',0,1508919889,1508919889,0),(76,'cf65b822-393c-55a4-22f0-7802b22f20a1','2b367999-f19d-fe14-6070-59cb341bc950','任务4','4','4',300,'1',0,1508982821,1508982821,0),(77,'dca3a198-7ce1-ce66-0ca1-62398d61d881','a88b4fc0-0652-d590-a162-4574de7b903d','这是第一个行动计划的任务=\'No.5\'=','这是要求','这里是富文本',3600,'1',0,1505440033,1505440033,0),(78,'dd1ef873-6004-ba20-817e-611f1c9cffc5','6a7a3466-99be-d490-393b-862199fff6a4','普通模式任务一','啊啊啊啊啊','内容',2400,'1',0,1508117398,1508117694,0),(79,'df7f6b77-f32d-c6e9-493a-03604d45d675','4ca6236d-d2e9-dd27-24b2-6f02459cbbe8','车站北路口','剃明天就走了','妹子们家啊！你太坏蛋疼啊',7260,'1',0,1508226162,1508226185,0),(80,'e2c26d1f-2db0-513b-1343-201bce4d7d64','a88b4fc0-0652-d590-a162-4574de7b903d','这是第一个行动计划的任务=\'No.1\'=','这是要求','这里是富文本',3600,'1',0,1505440007,1505440007,0),(81,'e2f5428a-d2f5-a846-ab17-55538157e24c','323c8ea3-1955-566d-d8a8-e17839bf61e0','3','3','3',300,'1',0,1508924605,1508924605,0),(82,'e644ba4a-6de0-861b-6750-729dfaf71947','9b047d08-5096-6a4e-2603-7629673c3bf2','普通加挑战者任务一','啊啊啊啊','1111',10800,'1',0,1508117488,1508117488,0),(83,'e8670851-b6d2-8e46-6eeb-82ac1fefdbf1','6898ecc5-cb5b-c7cd-0cfc-79706b8a5473','都打野生动物学','来咯五涂涂鸦天狗','不锻炼乐了？',7200,'1',0,1507790924,1507790924,0),(84,'eb1943e0-8492-a24c-a5f3-a9bfb9effdf8','e4162903-c02c-3690-04b6-43234093607c','控制住','弄一下就简介','脱模魔性这些了九洲城',7200,'1',0,1507704017,1507704017,0),(85,'ec02aeb2-ee15-141f-87ed-777b88060832','a88b4fc0-0652-d590-a162-4574de7b903d','这是第一个行动计划的任务=\'No.3\'=','这是要求','这里是富文本',3600,'1',0,1505440025,1505440025,0),(86,'ec579ef9-23a9-860a-01ba-8bb5246b5ebc','4ca6236d-d2e9-dd27-24b2-6f02459cbbe8','图谋不轨哭','左右了我啥事儿童医院检查的天','侯吉哦可哦哟哟你不会有人要我的事',540,'1',0,1507703433,1507703433,0),(87,'ecbf3ca5-1d5e-18fb-b10d-2d57eaa4ba08','a88b4fc0-0652-d590-a162-4574de7b903d','这是第一个行动计划的任务=\'No.6\'=','这是要求','这里是富文本',3600,'1',0,1505440038,1505440038,0),(88,'f10fc0ab-1f57-33b2-1030-2de0ae440a6f','66ab003d-e034-25d1-265d-d5e61fd5536f','普通模式的任务','如题','随便吧',300,'1',0,1508481800,1508481800,0),(89,'f231e480-77a6-737e-1ce2-ec1eb76f633d','67342c86-f436-a536-0be6-4e99b43eb66a','这里是任务标题','这里是任务简介','试试看',600,'1',0,1508211287,1508211300,0),(90,'f31b0c5f-fb5c-9c11-fe08-cab86170f733','b9819e90-164e-4728-1729-0a2683d27359','555','555','哈哈哈哈哈',3600,'1',0,1508826338,1508826338,0),(91,'f75d9b53-f8c3-9a65-b412-5b4e53a5be9b','185b6957-3732-3ca0-3b96-8fd9a7295363','行动','要求','内容',123,'1',0,1504682510,1504682510,0),(92,'f9e1d587-6e0c-0614-58c1-3bac00df6655','a88b4fc0-0652-d590-a162-4574de7b903d','这是第一个行动计划的任务=\'No.9\'=','这是要求','这里是富文本',3600,'1',0,1505440534,1505440534,0),(93,'fbfd8494-a207-4bcc-afef-90f22c74aa3d','b882428e-e2c9-5cd2-10d3-6842a67daf0b','111','111','11',300,'1',0,1508924442,1508924442,0),(94,'fda10581-82b1-1fe8-62f5-ce37cef2910b','57818010-8294-465f-7c52-1778ad775f24','就是就是卷发棒大结局阿吉','你的呢睡觉啊姐姐啊','试试收拾收拾',240,'1',0,1508983648,1508983648,0),(95,'fda89456-a12a-4155-a363-9b5a1184a185','a88b4fc0-0652-d590-a162-4574de7b903d','这是第一个行动计划的任务=\'No.4\'=','这是要求','这里是富文本',3600,'1',0,1505440029,1505440029,0),(96,'fe9d169a-9c5d-5d22-b85d-2fa07f67c029','2b367999-f19d-fe14-6070-59cb341bc950','任务2','2222','2222',300,'1',0,1508982795,1508982795,0),(97,'ff91a0db-84fa-19b0-5383-e32d1eddf5e9','4ca6236d-d2e9-dd27-24b2-6f02459cbbe8','恶略可怕模具胶','打决绝拉肚欧克欧克','发热量色狼嘟噜嘟噜',240,'1',0,1507790841,1507790841,0),(98,'734138fe-0188-8da9-daac-c79e5eaf8e88','d7c8f6a7-d10f-4fc7-ff54-91b96531a706','嗯嗯','嗯嗯','京津冀',21600,'1',0,1509086296,1509086296,0),(99,'7b9a909c-4b66-42f5-6d6f-5d31a3fdbac8','b9d5b618-4349-af90-4151-567715d9639c','111','111','111',300,'1',0,1509096298,1509096298,0),(100,'f4d49b60-7ebb-4b55-9209-8024faa6e995','b9d5b618-4349-af90-4151-567715d9639c','222','222','22222',300,'1',0,1509096309,1509096309,0),(101,'20389fe8-fa0f-7841-5e83-0e18321d05ec','b9d5b618-4349-af90-4151-567715d9639c','333','3333','333333',300,'1',0,1509096320,1509096320,0),(102,'bd5aac42-5672-40d9-9c1d-456db3a317f0','b9d5b618-4349-af90-4151-567715d9639c','4444','444','444',300,'1',0,1509096330,1509096330,0),(103,'4f93cc44-8b0c-74b5-871d-549fac8c2407','1c0e7e6b-ab03-6fe3-5304-594258140f0e','1','1','还是手机阿姐阿姐阿姐阿卡取卡',300,'1',0,1509096349,1509096349,0),(104,'7d65625f-7e8d-7918-2e98-519833086317','1c0e7e6b-ab03-6fe3-5304-594258140f0e','22','确定的打撒啊','大厦将倾看男',300,'1',0,1509096377,1509096377,0),(105,'33107c0c-caaa-3f26-d7d0-44064c3e3f94','1c0e7e6b-ab03-6fe3-5304-594258140f0e','33333','isJan那客气客气咔咔咔','多喝水那家块钱客气客气密码器',300,'1',0,1509096392,1509096392,0),(106,'6db1ed25-aec1-74c6-2b42-9174d36bfe47','1c0e7e6b-ab03-6fe3-5304-594258140f0e','444','对你的就睡觉啊看我家我卡','多久时间阿卡看见的能刷卡',300,'1',0,1509096405,1509096405,0),(107,'d3cd8f4c-d328-f4c5-b091-6b6f76e6b3a7','b0b25ecb-bc0b-69e8-3fe8-d8e616b5c8ea','啊不是时间就是就是你','男的女的男的女的呢','回复几点睡觉你是男是女',300,'1',0,1509096422,1509096422,0),(108,'f9e45077-14a2-64d0-4573-aeeba761ad37','b0b25ecb-bc0b-69e8-3fe8-d8e616b5c8ea','很多年室内设计师你那是','你的男的女的那就睡觉','不对劲几点结束就是你',300,'1',0,1509096434,1509096434,0),(109,'e2858520-93f4-b8f5-c001-e58410deeb7c','b0b25ecb-bc0b-69e8-3fe8-d8e616b5c8ea','不懂几点结束卡卡你的呢你打开上课时间男的女的你','很多就是惊声尖叫你到底男的女的那你的呢男的女的女神姐姐说你啥呢上哪你等级低电话手表我觉得不急你到家额都不睡觉五百多吧博大精深你是男是女你休假东挪西借你上课对你的计时开始那边附近打卡动不动就就是说呢你打不打你都觉得不对劲睡觉睡觉','寂然不动就是就是你说呢我那就到家额倍道兼行八点半机动部队八大豪侠八点半不对不对好多好多遍\n<img class=\"cont-li\" src=\"http://qxd-test.oss-cn-beijing.aliyuncs.com/user-dir/yBPReBnqRB6212VBjz05SsnrQQBgWu9z.png\">\n记得记得八点半睡觉睡觉你打扮打扮打扮打扮\n\n<div class=\"audioPlayer2 mt30 mb30\"><audio  preload=\"auto\" controls name=\"media\"><source src=\"http://qxd-mts-output.oss-cn-beijing.aliyuncs.com/wx_download_2017102717281959f2fc3373cd1_oss.mp3\"></audio></div>',300,'1',0,1509096514,1509096514,0),(110,'62ba6d20-e69c-e902-3e70-80c1763f5f0c','b0b25ecb-bc0b-69e8-3fe8-d8e616b5c8ea','就看看思考思考礼物','男的女的拿卡看哭了','回到家睡觉啊快去看看',300,'1',0,1509096542,1509096542,0),(111,'6133d4c5-947e-98d5-9ec7-7a4b99085a57','3f5159cb-9ca7-ab7d-b1a5-08011b3ac4b4','111','1111','白色拜拜佛保险那即将爱客气\n<img class=\"cont-li\" src=\"http://qxd-test.oss-cn-beijing.aliyuncs.com/user-dir/fi1J0g1d1kuundefinedzundefinedundefinedcgiyeVh9xDbveqz64.png\">\n<img class=\"cont-li\" src=\"http://qxd-test.oss-cn-beijing.aliyuncs.com/user-dir/VuFz4qbJDadjD20bSc7rKrFBEmkBg46B.png\">\n\n<div class=\"audioPlayer2 mt30 mb30\"><audio  preload=\"auto\" controls name=\"media\"><source src=\"http://qxd-mts-output.oss-cn-beijing.aliyuncs.com/wx_download_2017103011093059f697ea2e420_oss.mp3\"></audio></div>',3600,'1',0,1509332983,1509332983,0),(112,'33a698ee-905e-6e04-a4b3-ce47e53f852d','a2e5b162-6e5e-48de-a502-f7e300092bec','啊啊啊啊啊','啊啊啊啊啊','啊啊啊啊\n<img class=\"cont-li\" src=\"http://qxd-test.oss-cn-beijing.aliyuncs.com/user-dir/7yyGuLKhSbJcbWbFDw1G0zuQ8dip7G2k.png\">\n<img class=\"cont-li\" src=\"http://qxd-test.oss-cn-beijing.aliyuncs.com/user-dir/EnDE0VJ9jfu0KLUdDVd11EVFWGmtWh3p.png\">',86400,'1',0,1510129494,1510135676,0);

#
# Structure for table "qxd_task_accelerate"
#

DROP TABLE IF EXISTS `qxd_task_accelerate`;
CREATE TABLE `qxd_task_accelerate` (
  `id` int(11) NOT NULL AUTO_INCREMENT,
  `task_id` char(36) NOT NULL DEFAULT '' COMMENT '所属任务ID',
  `user_id` char(36) NOT NULL DEFAULT '' COMMENT '获得助力加速的用户ID',
  `from_user_id` char(36) NOT NULL DEFAULT '' COMMENT '给予助力加速的用户ID',
  `create_time` int(10) NOT NULL DEFAULT '0',
  PRIMARY KEY (`id`),
  KEY `task_id` (`task_id`,`user_id`,`from_user_id`)
) ENGINE=InnoDB AUTO_INCREMENT=17 DEFAULT CHARSET=utf8 COMMENT='任务加速表';

#
# Data for table "qxd_task_accelerate"
#

INSERT INTO `qxd_task_accelerate` VALUES (1,'a4905edc-7437-6126-6702-6c08788d0758','86966993-d3e4-e722-223d-bf16fc2e8421','0a9064ba-711f-5049-9300-c0cc88e1edf7',1505440844),(2,'a4905edc-7437-6126-6702-6c08788d0758','cb2395b7-7660-7134-85c9-612d4f4c74b5','0a9064ba-711f-5049-9300-c0cc88e1edf7',1505442867),(3,'a4905edc-7437-6126-6702-6c08788d0758','cb2395b7-7660-7134-85c9-612d4f4c74b5','0a9064ba-711f-5049-9300-c0cc88e1edf7',1505459827),(5,'fda89456-a12a-4155-a363-9b5a1184a185','b9d25df4-8e9e-f917-f559-4872db0b9ea6','0a9064ba-711f-5049-9300-c0cc88e1edf7',1505468132),(6,'7fafe2e7-62b7-ca49-0e5f-9db4222ee421','0a9064ba-711f-5049-9300-c0cc88e1edf7','b9d25df4-8e9e-f917-f559-4872db0b9ea6',1509436778),(8,'5583ed7c-0e88-920c-915f-30fbefb00246','3e0b1448-7562-48cc-f885-3986a3bee7fa','c3a9548d-832d-57f2-fdd9-18f9dc397fb5',1509950634),(15,'9640b6ff-ce79-e0e1-8d29-1a1b66135e36','c3a9548d-832d-57f2-fdd9-18f9dc397fb5','3e0b1448-7562-48cc-f885-3986a3bee7fa',1509951606),(16,'58ffae94-60b3-17ab-c02a-6a9d89c55e97','c3a9548d-832d-57f2-fdd9-18f9dc397fb5','3e0b1448-7562-48cc-f885-3986a3bee7fa',1509951767);

#
# Structure for table "qxd_task_check"
#

DROP TABLE IF EXISTS `qxd_task_check`;
CREATE TABLE `qxd_task_check` (
  `Id` int(11) NOT NULL AUTO_INCREMENT,
  `feedback_id` char(36) NOT NULL DEFAULT '',
  PRIMARY KEY (`Id`)
) ENGINE=InnoDB DEFAULT CHARSET=utf8 COMMENT='反馈点评表';

#
# Data for table "qxd_task_check"
#


#
# Structure for table "qxd_task_feedback"
#

DROP TABLE IF EXISTS `qxd_task_feedback`;
CREATE TABLE `qxd_task_feedback` (
  `p_id` int(11) unsigned NOT NULL AUTO_INCREMENT,
  `id` char(36) NOT NULL DEFAULT '',
  `task_id` char(36) NOT NULL DEFAULT '0' COMMENT '所属任务ID',
  `user_id` char(36) NOT NULL DEFAULT '0' COMMENT '发起反馈的用户ID',
  `to_user_id` char(36) NOT NULL DEFAULT '0' COMMENT '点评反馈的用户ID',
  `content` varchar(2048) NOT NULL DEFAULT '' COMMENT '反馈内容',
  `location` varchar(255) NOT NULL DEFAULT '' COMMENT '地理位置',
  `status` enum('0','1','2','3') NOT NULL DEFAULT '0' COMMENT '0 待点评 1 未通过点评 2 点评通过 3 失效',
  `reason` varchar(255) NOT NULL DEFAULT '' COMMENT '未通过点评原因',
  `look` enum('0','1') NOT NULL DEFAULT '1' COMMENT '反馈者已查看 0 否 1是',
  `to_look` enum('0','1') NOT NULL DEFAULT '0' COMMENT '点评者已查看 0 否 1 是',
  `create_time` int(10) unsigned NOT NULL DEFAULT '0' COMMENT '创建时间',
  `update_time` int(10) unsigned NOT NULL DEFAULT '0' COMMENT '更新时间',
  PRIMARY KEY (`p_id`),
  UNIQUE KEY `id` (`id`),
  KEY `task_id` (`task_id`,`user_id`,`to_user_id`,`status`)
) ENGINE=InnoDB AUTO_INCREMENT=94 DEFAULT CHARSET=utf8 COMMENT='任务反馈表';

#
# Data for table "qxd_task_feedback"
#

INSERT INTO `qxd_task_feedback` VALUES (1,'165c5dd0-9cf4-33b1-d4d2-2f2f2dc59aa8','f75d9b53-f8c3-9a65-b412-5b4e53a5be9b','0a9064ba-711f-5049-9300-c0cc88e1edf7','86966993-d3e4-e722-223d-bf16fc2e8421','私信哈哈哈略略','','0','','1','0',1508918107,1510187617),(2,'1e53b49e-fff9-a670-7b55-6bacd69a6b62','cf593dd7-e4fd-0482-56b2-6608c29e91fd','b9d25df4-8e9e-f917-f559-4872db0b9ea6','3e0b1448-7562-48cc-f885-3986a3bee7fa','{\"text\":\"这就是我提交的反馈\",\"imgUrl\":[]}','','2','','1','1',1509010350,1510125042),(3,'2be44d12-5fcb-25bf-eb73-696447c0922a','928bdd96-4660-9978-42af-df214e337973','b9d25df4-8e9e-f917-f559-4872db0b9ea6','0f584f9c-befb-a17e-b205-765cd7efde33','就写这么多吧','','2','','1','1',1508221865,1509523196),(4,'3b193526-670f-b459-7257-6438658226cf','cc8e8e8b-82c6-5456-9f61-06e9c260db2f','3e0b1448-7562-48cc-f885-3986a3bee7fa','','{\"text\":\"111111\",\"imgUrl\":[]}','','3','','1','0',1509013349,1509013350),(5,'42008bbf-e534-29f6-0d1c-fbb242213b8f','cc8e8e8b-82c6-5456-9f61-06e9c260db2f','3e0b1448-7562-48cc-f885-3986a3bee7fa','0f584f9c-befb-a17e-b205-765cd7efde33','{\"text\":\"111111\",\"imgUrl\":[]}','','2','','1','1',1509013350,1509523196),(6,'82ee6bd1-74b8-f352-d36c-b169407726d9','1b618d9c-9627-081b-15b5-0a07a5325c80','0a9064ba-711f-5049-9300-c0cc88e1edf7','0a9064ba-711f-5049-9300-c0cc88e1edf7','{\"text\":\"哈哈哈哈哈\",\"imgUrl\":[]}','','3','','1','1',1508919576,1509635067),(7,'8a7701f9-8455-d5f7-366d-1c4f8dc9e587','3158d469-b897-15fc-4f75-8c55d746087b','b9d25df4-8e9e-f917-f559-4872db0b9ea6','0f584f9c-befb-a17e-b205-765cd7efde33','这是这个任务的反馈信息','','2','','1','1',1508227521,1509523196),(8,'8df43440-514a-02bb-b31a-9d9d0271b056','ec579ef9-23a9-860a-01ba-8bb5246b5ebc','b9d25df4-8e9e-f917-f559-4872db0b9ea6','0f584f9c-befb-a17e-b205-765cd7efde33','反馈的内容有:1.....2.....3.....','','1','哈哈哈','1','1',1508742151,1509523196),(9,'a413af12-e6d8-cda0-0791-b87b426fac9e','cf593dd7-e4fd-0482-56b2-6608c29e91fd','b9d25df4-8e9e-f917-f559-4872db0b9ea6','','{\"text\":\"这就是我提交的反馈\",\"imgUrl\":[]}','','3','','1','0',1509010349,1509010350),(10,'a89fb3eb-116b-f1b8-0552-3857cce33e56','cc8e8e8b-82c6-5456-9f61-06e9c260db2f','b9d25df4-8e9e-f917-f559-4872db0b9ea6','0f584f9c-befb-a17e-b205-765cd7efde33','{\"text\":\"你就说给不给过吧 !!\",\"imgUrl\":[]}','','0','测毛','1','1',1509013159,1509523196),(11,'d255d02a-5ee9-06b2-f0f1-3ac640aa6c25','cc8e8e8b-82c6-5456-9f61-06e9c260db2f','b9d25df4-8e9e-f917-f559-4872db0b9ea6','','{\"text\":\"测试提交反馈 verson 1.1\",\"imgUrl\":[]}','','3','','1','0',1509013158,1509013159),(12,'e25461c9-9ff2-7187-9d6e-72fa9256f284','633b6005-6e2d-75ea-c823-d96ca3fe5745','0a9064ba-711f-5049-9300-c0cc88e1edf7','86966993-d3e4-e722-223d-bf16fc2e8421','私信哈哈哈略略','','0','','1','0',1508917936,1510187617),(13,'e5545839-621b-d9c3-8231-8c1b3c196f14','ecbf3ca5-1d5e-18fb-b10d-2d57eaa4ba08','0a9064ba-711f-5049-9300-c0cc88e1edf7','0a9064ba-711f-5049-9300-c0cc88e1edf7','反馈内容','Japan','1','点评失败原因','1','1',1505991427,1509635067),(14,'efa9f8f4-90dc-8a3b-d805-e72c087f5063','1b618d9c-9627-081b-15b5-0a07a5325c80','0a9064ba-711f-5049-9300-c0cc88e1edf7','16e1481c-86e7-b9a5-e707-a1b2cdf766c3','{\"text\":\"哈哈哈哈哈\",\"imgUrl\":[]}','','2','','1','1',1508919577,1510039843),(15,'f5545839-621b-d9c3-8231-8c1b3c196f13','a4905edc-7437-6126-6702-6c08788d0758','0a9064ba-711f-5049-9300-c0cc88e1edf7','499d7c58-08b3-45e6-1a12-ab99c53f596b','afddasjfjd;a','中国','0','1','1','0',1505721906,1505721906),(16,'f5545839-621b-d9c3-8231-8c1b3c196f15','a4905edc-7437-6126-6702-6c08788d0758','0a9064ba-711f-5049-9300-c0cc88e1edf7','499d7c58-08b3-45e6-1a12-ab99c53f596b','反馈内容','Japan','0','点评失败原因','1','0',1505721906,1505721906),(17,'deaf2bd8-e0e8-4112-4ce9-5aefef22e6ba','c3bf18a1-2303-9846-6346-998403c01c6a','c3a9548d-832d-57f2-fdd9-18f9dc397fb5','','{\"text\":\"\",\"imgUrl\":[\"http://qxd-test.oss-cn-beijing.aliyuncs.com/user-dir/XR1SWxBa03z026vXp7mucyXehgRJundefinedUUu.png\",\"http://qxd-test.oss-cn-beijing.aliyuncs.com/user-dir/ELjSmismQv6Qs2j7aKfchLk0Ps8W4UdP.png\"]}','','3','','1','0',1509071517,1509071518),(18,'ea5f6289-f88f-0735-3acf-e1fb6729d21a','c3bf18a1-2303-9846-6346-998403c01c6a','c3a9548d-832d-57f2-fdd9-18f9dc397fb5','3e0b1448-7562-48cc-f885-3986a3bee7fa','{\"text\":\"\",\"imgUrl\":[\"http://qxd-test.oss-cn-beijing.aliyuncs.com/user-dir/XR1SWxBa03z026vXp7mucyXehgRJundefinedUUu.png\",\"http://qxd-test.oss-cn-beijing.aliyuncs.com/user-dir/ELjSmismQv6Qs2j7aKfchLk0Ps8W4UdP.png\"]}','','2','1111','1','1',1509071518,1510125042),(19,'fc87ccf1-b9f8-a6e3-06fb-0069ff25efc4','cf593dd7-e4fd-0482-56b2-6608c29e91fd','0a9064ba-711f-5049-9300-c0cc88e1edf7','','{\"text\":\"OKOKOKOKOK\",\"imgUrl\":[]}','','3','','1','0',1509071734,1509071735),(20,'7c00b649-b9dc-8e9f-14a2-11e0aa355755','cf593dd7-e4fd-0482-56b2-6608c29e91fd','0a9064ba-711f-5049-9300-c0cc88e1edf7','3e0b1448-7562-48cc-f885-3986a3bee7fa','{\"text\":\"OKOKOKOKOK\",\"imgUrl\":[]}','','2','','1','1',1509071735,1510125042),(21,'668f658e-fc9c-a6cc-2a80-91f80bab5566','aa7e5644-e53a-58b8-b7b8-e7e21d157f64','0a9064ba-711f-5049-9300-c0cc88e1edf7','','{\"text\":\"来来来啊来\",\"imgUrl\":[]}','','3','','1','0',1509071924,1509071924),(22,'56d246b0-a54b-aca1-6837-01d7e12c72e2','aa7e5644-e53a-58b8-b7b8-e7e21d157f64','0a9064ba-711f-5049-9300-c0cc88e1edf7','3e0b1448-7562-48cc-f885-3986a3bee7fa','{\"text\":\"来来来啊来\",\"imgUrl\":[]}','','1','33333','1','1',1509071924,1510125042),(23,'480205c7-7989-b812-cb5d-6ee68a600ae6','aa7e5644-e53a-58b8-b7b8-e7e21d157f64','c3a9548d-832d-57f2-fdd9-18f9dc397fb5','','{\"text\":\"啦啦啦啦啦\",\"imgUrl\":[]}','','3','','1','0',1509072392,1509072393),(24,'f231818f-0de1-6324-a68b-d2e574ed306e','aa7e5644-e53a-58b8-b7b8-e7e21d157f64','c3a9548d-832d-57f2-fdd9-18f9dc397fb5','3e0b1448-7562-48cc-f885-3986a3bee7fa','{\"text\":\"啦啦啦啦啦\",\"imgUrl\":[]}','','2','','1','1',1509072393,1510125042),(25,'8d155edb-4e9a-c976-2d00-488f262ff78f','e644ba4a-6de0-861b-6750-729dfaf71947','b9d25df4-8e9e-f917-f559-4872db0b9ea6','','{\"text\":\"尝试提交\",\"imgUrl\":[]}','','3','','1','0',1509072492,1509072494),(26,'6916b7d0-b1ce-dba5-2bbe-44436963147f','e644ba4a-6de0-861b-6750-729dfaf71947','b9d25df4-8e9e-f917-f559-4872db0b9ea6','c3a9548d-832d-57f2-fdd9-18f9dc397fb5','{\"text\":\"尝试提交\",\"imgUrl\":[]}','','2','','1','1',1509072494,1510119694),(27,'948ee173-60cc-98a2-3db4-be3cf941abd6','e644ba4a-6de0-861b-6750-729dfaf71947','b9d25df4-8e9e-f917-f559-4872db0b9ea6','c3a9548d-832d-57f2-fdd9-18f9dc397fb5','{\"text\":\"尝试提交\",\"imgUrl\":[]}','','1','就是不给你过哈哈哈哈哈','1','1',1509072494,1510119694),(28,'b704f1ef-c67d-2ab6-a32f-4055619df94a','433c4bf3-04d4-380d-87f7-2cc0bd174e80','0a9064ba-711f-5049-9300-c0cc88e1edf7','3e0b1448-7562-48cc-f885-3986a3bee7fa','yyyyyyyyyyyyyyyyy','','2','','1','1',1509074860,1510125042),(29,'282dddaa-7ee6-15a6-ac41-507866768403','44d248b1-d2a2-9ef7-f8b6-9e2a45ab40e3','0a9064ba-711f-5049-9300-c0cc88e1edf7','3e0b1448-7562-48cc-f885-3986a3bee7fa','yyyyyyyyyyyyyyyyy','','2','','1','1',1509075056,1510125042),(30,'ebbd3dc3-cc84-1972-cf09-677d2a08eb8e','60736d63-76eb-94fd-d26f-d93b50e50677','0a9064ba-711f-5049-9300-c0cc88e1edf7','','yyyyyyyyyyyyyyyyy','','3','','1','0',1509075294,1509075124),(31,'72607a08-8e4c-0bd9-77bc-8a724eacc0f4','60736d63-76eb-94fd-d26f-d93b50e50677','0a9064ba-711f-5049-9300-c0cc88e1edf7','3e0b1448-7562-48cc-f885-3986a3bee7fa','yyyyyyyyyyyyyyyyy','','1','2333','1','1',1509075124,1510125042),(32,'a9b16e4d-c600-2a4c-a09d-e360ef4cc86c','60736d63-76eb-94fd-d26f-d93b50e50677','0a9064ba-711f-5049-9300-c0cc88e1edf7','3e0b1448-7562-48cc-f885-3986a3bee7fa','yyyyyyyyyyyyyyyyy','','2','','1','1',1509075124,1510125042),(33,'4fa6004e-9b26-7197-5795-9d986bf93840','cc02f114-fc9d-0138-fca0-bd77c5c4ec0a','0a9064ba-711f-5049-9300-c0cc88e1edf7','','为什么捏？？？？？？','','3','','1','0',1509075683,1509075512),(34,'5c09a546-dec8-2f5b-83fd-d34ac3913ce7','cc02f114-fc9d-0138-fca0-bd77c5c4ec0a','0a9064ba-711f-5049-9300-c0cc88e1edf7','3e0b1448-7562-48cc-f885-3986a3bee7fa','为什么捏？？？？？？','','1','哈哈哈哈','1','1',1509075512,1510125042),(35,'d8841413-82d3-3b86-5825-0fe80f9634a6','cc02f114-fc9d-0138-fca0-bd77c5c4ec0a','0a9064ba-711f-5049-9300-c0cc88e1edf7','3e0b1448-7562-48cc-f885-3986a3bee7fa','为什么捏？？？？？？','','2','','1','1',1509075512,1510125042),(36,'0b4352ce-7981-65d8-3027-34d6e35e4419','0e1e899d-5e1d-ae83-b09a-cac81a6ab676','0a9064ba-711f-5049-9300-c0cc88e1edf7','','为什么捏？？？？？？','','3','','1','0',1509075885,1509075715),(37,'0e1578e6-4097-d3dd-01b1-977d31f7b628','0e1e899d-5e1d-ae83-b09a-cac81a6ab676','0a9064ba-711f-5049-9300-c0cc88e1edf7','3e0b1448-7562-48cc-f885-3986a3bee7fa','为什么捏？？？？？？','','1','你说啥','1','1',1509075715,1510125042),(38,'b4e77ceb-81f5-fd27-07c0-302b5b2de2e3','0e1e899d-5e1d-ae83-b09a-cac81a6ab676','0a9064ba-711f-5049-9300-c0cc88e1edf7','3e0b1448-7562-48cc-f885-3986a3bee7fa','为什么捏？？？？？？','','2','','1','1',1509075715,1510125042),(39,'fa05c8e6-ead8-1045-be4a-82444528f23c','81cbab00-e2b5-74ed-19fd-1efadaef714f','0a9064ba-711f-5049-9300-c0cc88e1edf7','','为什么捏？？？？？？','','3','','1','0',1509075961,1509075791),(40,'fe0b8a7b-94fc-952e-e501-778ebd7740b2','81cbab00-e2b5-74ed-19fd-1efadaef714f','0a9064ba-711f-5049-9300-c0cc88e1edf7','3e0b1448-7562-48cc-f885-3986a3bee7fa','为什么捏？？？？？？','','1','不要发重复的~！','1','1',1509075790,1510125042),(41,'dcb57a10-c949-b7f9-16af-c1cf4d27d9f6','81cbab00-e2b5-74ed-19fd-1efadaef714f','0a9064ba-711f-5049-9300-c0cc88e1edf7','3e0b1448-7562-48cc-f885-3986a3bee7fa','为什么捏？？？？？？','','0','','1','1',1509075791,1510187618),(42,'ec61f4d9-a243-6331-7ba0-6cda5643a06e','e2f5428a-d2f5-a846-ab17-55538157e24c','0a9064ba-711f-5049-9300-c0cc88e1edf7','','为什么捏？？？？？？','','3','','1','0',1509078556,1509078386),(43,'f49442d4-c3d9-97c6-725c-010e3154c0a8','e2f5428a-d2f5-a846-ab17-55538157e24c','0a9064ba-711f-5049-9300-c0cc88e1edf7','3e0b1448-7562-48cc-f885-3986a3bee7fa','为什么捏？？？？？？','','0','','1','1',1509078385,1510187618),(44,'bb75b061-65fd-ecfd-811b-f20926f58d84','e2f5428a-d2f5-a846-ab17-55538157e24c','0a9064ba-711f-5049-9300-c0cc88e1edf7','3e0b1448-7562-48cc-f885-3986a3bee7fa','为什么捏？？？？？？','','0','','1','1',1509078386,1510187618),(45,'1ace9cd1-534e-e3d5-4862-93b343fb9593','1ff69d65-69e5-a17b-573e-a7803be0c4d0','0a9064ba-711f-5049-9300-c0cc88e1edf7','16e1481c-86e7-b9a5-e707-a1b2cdf766c3','我儿嚯？','','0','','1','1',1509082224,1510187618),(46,'1232131234234243','1ff69d65-69e5-a17b-573e-a7803be0c4d0','0','','我儿嚯？','','0','','1','0',1509084249,1509084249),(59,'8287e279-08aa-e83b-b38e-7f05517cf86e','3b92d10e-3546-5fee-2e8a-842f83701484','0a9064ba-711f-5049-9300-c0cc88e1edf7','0f584f9c-befb-a17e-b205-765cd7efde33','yaer','','0','','1','1',1509096965,1510187618),(60,'70ac7b43-bd3a-76e2-9a44-cd3de7933f00','3b92d10e-3546-5fee-2e8a-842f83701484','0a9064ba-711f-5049-9300-c0cc88e1edf7','0f584f9c-befb-a17e-b205-765cd7efde33','yaer','','0','','1','1',1509097082,1510187618),(61,'60ed2c6e-7e53-c7c4-0924-1a8bb3eb6423','3b92d10e-3546-5fee-2e8a-842f83701484','0a9064ba-711f-5049-9300-c0cc88e1edf7','0f584f9c-befb-a17e-b205-765cd7efde33','yaer','','0','','1','1',1509097147,1510187618),(62,'309d037a-980b-e795-4cd4-7190db0e3800','3b92d10e-3546-5fee-2e8a-842f83701484','0a9064ba-711f-5049-9300-c0cc88e1edf7','0f584f9c-befb-a17e-b205-765cd7efde33','yaer','','0','','1','1',1509097277,1510134077),(63,'c30a9e7a-1188-7179-5451-b96dd6016c89','8c1dc08c-ab81-c21a-a8fb-3a9b0c1cb1c1','0a9064ba-711f-5049-9300-c0cc88e1edf7','','我儿嚯？','','3','','1','0',1509347545,1509433945),(64,'30fb1e2e-4456-6b64-f791-bdf587484415','cf65b822-393c-55a4-22f0-7802b22f20a1','0a9064ba-711f-5049-9300-c0cc88e1edf7','','咋子嘛！','','3','','1','0',1509347749,1509434149),(65,'93e00941-cdfb-092b-e6d0-c899f42748a5','fe9d169a-9c5d-5d22-b85d-2fa07f67c029','0a9064ba-711f-5049-9300-c0cc88e1edf7','','咋子嘛2！','','3','','1','0',1509347857,1509434257),(66,'46c44e16-4f1f-298b-dc18-f427ce8e3197','60975bc2-94cc-0444-d70e-05e43da39506','3e0b1448-7562-48cc-f885-3986a3bee7fa','c3a9548d-832d-57f2-fdd9-18f9dc397fb5','{\"text\":\"nininini\",\"imgUrl\":[]}','','2','哈哈哈','1','1',1509352449,1510119694),(67,'04767e9d-13e7-eae0-0611-0699c59a5b0d','66c47e41-4478-3739-3fd0-05ac2799e317','c3a9548d-832d-57f2-fdd9-18f9dc397fb5','0f584f9c-befb-a17e-b205-765cd7efde33','{\"record\":\"http://qxd-mts-output.oss-cn-beijing.aliyuncs.com/wx_download_2017103018042859f6f92ccbc81_oss.mp3\"}','中山纪念堂','0','','1','1',1509357907,1510135508),(68,'970c14fe-0984-875f-7956-10681ad59a53','cf593dd7-e4fd-0482-56b2-6608c29e91fd','c3a9548d-832d-57f2-fdd9-18f9dc397fb5','3e0b1448-7562-48cc-f885-3986a3bee7fa','{\"text\":\"\",\"imgUrl\":[\"http://qxd-test.oss-cn-beijing.aliyuncs.com/user-dir/0a1TXnggGQBu8WLbPpU5qEJQWhs2QvJC.png\"]}','','2','','1','1',1509417453,1510125042),(69,'a024cd78-009d-cd89-1c35-a7cb2f7f74e0','633b6005-6e2d-75ea-c823-d96ca3fe5745','0a9064ba-711f-5049-9300-c0cc88e1edf7','86966993-d3e4-e722-223d-bf16fc2e8421','方脑壳','','0','','1','0',1509417875,1510195491),(70,'50d80e68-1bfe-84a0-dd8a-f1013efced0a','81cbab00-e2b5-74ed-19fd-1efadaef714f','c3a9548d-832d-57f2-fdd9-18f9dc397fb5','3e0b1448-7562-48cc-f885-3986a3bee7fa','{\"text\":\"111\",\"imgUrl\":[]}','','2','22222','1','1',1509418440,1510125042),(71,'5a216a2a-e145-df9a-26dd-26d067e07187','433c4bf3-04d4-380d-87f7-2cc0bd174e80','c3a9548d-832d-57f2-fdd9-18f9dc397fb5','3e0b1448-7562-48cc-f885-3986a3bee7fa','{\"text\":\"啦啦啦啦\",\"imgUrl\":[\"http://qxd-test.oss-cn-beijing.aliyuncs.com/user-dir/Te20wS0hkecJWrtsEcbSzYeD4kuDBthj.png\",\"http://qxd-test.oss-cn-beijing.aliyuncs.com/user-dir/DB24jrUjKSBDLdSPu0KXmaaa5LYu2c9B.png\",\"http://qxd-test.oss-cn-beijing.aliyuncs.com/user-dir/H5ikXRimPrPQTaPTKJXSiHkfSPuTRgaP.png\",\"http://qxd-test.oss-cn-beijing.aliyuncs.com/user-dir/rSQJQQvjWqJrLj4P4hpGU9RD71FG0giv.png\",\"http://qxd-test.oss-cn-beijing.aliyuncs.com/user-dir/X85nbnmbsgnnE8FG84pBwbDKLsxv7j2m.png\"]}','嘉迪乐量贩式KTV','0','233','1','1',1509419619,1510125042),(72,'2eb5dc49-ffc1-aeb2-6c00-c3426f054257','e2f5428a-d2f5-a846-ab17-55538157e24c','c3a9548d-832d-57f2-fdd9-18f9dc397fb5','3e0b1448-7562-48cc-f885-3986a3bee7fa','{\"text\":\"1111\",\"imgUrl\":[]}','','2','','1','1',1509420309,1510125042),(73,'55f5b339-eeb0-21cc-070e-727e2c56f56f','433c4bf3-04d4-380d-87f7-2cc0bd174e80','b9d25df4-8e9e-f917-f559-4872db0b9ea6','3e0b1448-7562-48cc-f885-3986a3bee7fa','{\"text\":\"guoguoguo\",\"imgUrl\":[]}','','2','','1','1',1509421560,1510125042),(74,'ef216896-a265-9b98-0f20-c7260020ed1f','44d248b1-d2a2-9ef7-f8b6-9e2a45ab40e3','b9d25df4-8e9e-f917-f559-4872db0b9ea6','3e0b1448-7562-48cc-f885-3986a3bee7fa','{\"text\":\"通过通过\",\"imgUrl\":[]}','','2','','1','1',1509422059,1510125042),(75,'7d1234f9-72dc-bcd1-512a-a221c8e3ccd5','7b9a909c-4b66-42f5-6d6f-5d31a3fdbac8','c3a9548d-832d-57f2-fdd9-18f9dc397fb5','0f584f9c-befb-a17e-b205-765cd7efde33','{\"text\":\"七七七七七七\",\"imgUrl\":[\"http://qxd-test.oss-cn-beijing.aliyuncs.com/user-dir/pC8eDbCWU8vWBP79VtJSTnuTqvV4fSX4.png\",\"http://qxd-test.oss-cn-beijing.aliyuncs.com/user-dir/at99qVvPUXrhb2UyyUS9k65aundefined8z3zPmE.png\"]}','','2','','1','1',1509430616,1509523196),(76,'97bf77c1-5d11-4bc8-cb20-bc07ade444ba','6133d4c5-947e-98d5-9ec7-7a4b99085a57','3e0b1448-7562-48cc-f885-3986a3bee7fa','c3a9548d-832d-57f2-fdd9-18f9dc397fb5','{\"text\":\"33333\",\"imgUrl\":[]}','中山纪念堂','1','啦啦啦','1','1',1509433166,1510119694),(77,'41c5ec5d-3439-985b-fab1-f3013564412f','6133d4c5-947e-98d5-9ec7-7a4b99085a57','0f584f9c-befb-a17e-b205-765cd7efde33','c3a9548d-832d-57f2-fdd9-18f9dc397fb5','{\"text\":\"哈哈哈红红火火恍恍惚惚\",\"imgUrl\":[\"http://qxd-test.oss-cn-beijing.aliyuncs.com/user-dir/KGuVJczYBYDLgkSnv1wHEFYd4WpspXDm.png\",\"http://qxd-test.oss-cn-beijing.aliyuncs.com/user-dir/FxfLF6bb8W1pDgvSPT2cc7aBQvT207bT.png\",\"http://qxd-test.oss-cn-beijing.aliyuncs.com/user-dir/8vFi0EpRjK8bqgWhC4ECHqmHGYskhp63.png\"]}','华发商都','1','so？','1','1',1509433433,1510119694),(78,'30a7f168-2a55-d600-2a49-b86cfac0ff1a','8c1dc08c-ab81-c21a-a8fb-3a9b0c1cb1c1','0a9064ba-711f-5049-9300-c0cc88e1edf7','0f584f9c-befb-a17e-b205-765cd7efde33','我儿嚯？','','0','','1','1',1509433945,1510187618),(79,'106c9c18-d567-1f4d-4e5c-8688571e2d3a','cf65b822-393c-55a4-22f0-7802b22f20a1','0a9064ba-711f-5049-9300-c0cc88e1edf7','0f584f9c-befb-a17e-b205-765cd7efde33','咋子嘛！','','0','','1','1',1509434149,1510187618),(80,'80d0e5d8-9565-b015-a29a-59b2a954add2','fe9d169a-9c5d-5d22-b85d-2fa07f67c029','0a9064ba-711f-5049-9300-c0cc88e1edf7','0f584f9c-befb-a17e-b205-765cd7efde33','咋子嘛2！','','0','','1','1',1509434257,1510187618),(81,'0058af08-bbea-f852-f3c2-10da30d899f3','66c47e41-4478-3739-3fd0-05ac2799e317','3e0b1448-7562-48cc-f885-3986a3bee7fa','0f584f9c-befb-a17e-b205-765cd7efde33','{\"text\":\"啊啊啊啊啊\",\"imgUrl\":[\"http://qxd-test.oss-cn-beijing.aliyuncs.com/user-dir/bDWWfQx5Ean6WPBtE6gcXbd3YTmjpvRP.png\",\"http://qxd-test.oss-cn-beijing.aliyuncs.com/user-dir/C7XTfJEqGbczD9qU8undefinedQsjBPeSvUGwUiJ.png\",\"http://qxd-test.oss-cn-beijing.aliyuncs.com/user-dir/xas5iyundefinedmundefined1SUFLqgVhHjnq3hY7rEykHU.png\",\"http://qxd-test.oss-cn-beijing.aliyuncs.com/user-dir/tRRHvTQ7LUBDi5n1EVEE2gR4nHuuYbrz.png\",\"http://qxd-test.oss-cn-beijing.aliyuncs.com/user-dir/04vR6Rg8vnVrfSfbmaTHWbaQm78FarxG.png\"]}','华发商都','0','','1','1',1509434266,1510125467),(82,'d06377f5-6bf6-9d38-aec6-bdfe70d8bbd9','0b1c190d-40db-973e-0483-2dfd8b8d8940','16e1481c-86e7-b9a5-e707-a1b2cdf766c3','0f584f9c-befb-a17e-b205-765cd7efde33','{\"record\":\"http://qxd-mts-output.oss-cn-beijing.aliyuncs.com/wx_download_2017110111400759f94217369c5_oss.mp3\"}','香洲区南屏V12文化创意产业园','0','','1','1',1509507617,1510198817),(83,'e733719d-8e52-cb6a-520e-c392701ac324','66c47e41-4478-3739-3fd0-05ac2799e317','16e1481c-86e7-b9a5-e707-a1b2cdf766c3','0f584f9c-befb-a17e-b205-765cd7efde33','{\"record\":\"http://qxd-mts-output.oss-cn-beijing.aliyuncs.com/wx_download_2017110111452759f9435786714_oss.mp3\"}','','0','','1','1',1509507937,1510199137),(84,'c39fda7d-a9ae-1ce4-3651-bbe2105b1102','4f93cc44-8b0c-74b5-871d-549fac8c2407','3e0b1448-7562-48cc-f885-3986a3bee7fa','0f584f9c-befb-a17e-b205-765cd7efde33','{\"text\":\"222\",\"imgUrl\":[]}','','0','','1','1',1509515776,1510120576),(85,'d9ca035b-e410-2daa-a045-fa70bbe5c31a','14043c7f-ae32-3ab6-fb63-d3498b681e94','b9d25df4-8e9e-f917-f559-4872db0b9ea6','c3a9548d-832d-57f2-fdd9-18f9dc397fb5','{\"text\":\"重新提交的反馈...看看这次走哪里\",\"imgUrl\":[]}','香洲区南屏V12文化创意产业园','1','啊啊啊啊','1','1',1509517676,1510119694),(86,'12915475-72eb-1939-3ee6-c885d8ac8e0f','4f93cc44-8b0c-74b5-871d-549fac8c2407','0a9064ba-711f-5049-9300-c0cc88e1edf7','0f584f9c-befb-a17e-b205-765cd7efde33','Postman','','0','','1','1',1509518668,1510123468),(87,'521c55ce-f66f-a9d0-31a6-714e1fcedf20','7d65625f-7e8d-7918-2e98-519833086317','0a9064ba-711f-5049-9300-c0cc88e1edf7','0f584f9c-befb-a17e-b205-765cd7efde33','{\"text\":\"报的是什么错\",\"imgUrl\":[]}','','0','','1','1',1509518877,1510123677),(88,'44c6371c-9839-69fb-7c91-e6687e2350df','7b9a909c-4b66-42f5-6d6f-5d31a3fdbac8','3e0b1448-7562-48cc-f885-3986a3bee7fa','0f584f9c-befb-a17e-b205-765cd7efde33','{\"text\":\"2222222\",\"imgUrl\":[]}','广东省政府','0','','1','1',1509519213,1510124013),(89,'a385fe90-fbf2-fea0-3aec-8332e06a92b5','0e1e899d-5e1d-ae83-b09a-cac81a6ab676','c3a9548d-832d-57f2-fdd9-18f9dc397fb5','3e0b1448-7562-48cc-f885-3986a3bee7fa','{\"text\":\"图文定位\",\"imgUrl\":[\"http://qxd-test.oss-cn-beijing.aliyuncs.com/user-dir/BygrBV76rbYBCezgkfiPj2RBb7PQxGey.png\",\"http://qxd-test.oss-cn-beijing.aliyuncs.com/user-dir/grSwGsdqSmGc1cSUnW3m7RHX9dXWgbHy.png\"]}','华发商都','1','212222','1','1',1509521626,1510125042),(90,'71c51091-db61-0bb1-2003-e6c44783269a','d3cd8f4c-d328-f4c5-b091-6b6f76e6b3a7','3e0b1448-7562-48cc-f885-3986a3bee7fa','0f584f9c-befb-a17e-b205-765cd7efde33','{\"text\":\"dingwei\",\"imgUrl\":[]}','中山纪念堂','0','','1','1',1509521922,1510126722),(91,'2d0befd5-8d62-cae5-d717-c5ccab7b8a25','013b34fc-b394-0ffe-0227-7ec54c5478d5','3e0b1448-7562-48cc-f885-3986a3bee7fa','c3a9548d-832d-57f2-fdd9-18f9dc397fb5','{\"text\":\"啦啦啦啦啦\",\"imgUrl\":[]}','中山纪念堂','2','','1','1',1509588220,1510119694),(92,'391095fb-b09d-4b92-a65b-1181ab6b512d','17954399-c74e-383a-9aec-e94c0091f6b6','3e0b1448-7562-48cc-f885-3986a3bee7fa','c3a9548d-832d-57f2-fdd9-18f9dc397fb5','{\"text\":\"234564332\",\"imgUrl\":[]}','广东大厦','0','就将就安静安静安康','1','1',1509588520,1510119694),(93,'0afc9608-a448-9dfa-8d25-480c5c9b26f2','aa498f6d-b36e-ece1-2fd6-fd0c13a58e45','c3a9548d-832d-57f2-fdd9-18f9dc397fb5','3e0b1448-7562-48cc-f885-3986a3bee7fa','{\"text\":\"去澳洲我是想\",\"imgUrl\":[\"http://qxd-test.oss-cn-beijing.aliyuncs.com/user-dir/CBy63LLH056yp45jQymEsfS2W8wp9cu4.png\"]}','广东省政府','1','222','1','1',1509589223,1510125042);

#
# Structure for table "qxd_task_feedback_users"
#

DROP TABLE IF EXISTS `qxd_task_feedback_users`;
CREATE TABLE `qxd_task_feedback_users` (
  `id` int(11) NOT NULL AUTO_INCREMENT,
  `community_id` char(36) NOT NULL DEFAULT '' COMMENT '社群ID',
  `user_id` char(36) NOT NULL DEFAULT '' COMMENT '管理员或社长ID',
  `tag` int(11) unsigned NOT NULL DEFAULT '1' COMMENT '当前被分配任务次数',
  `create_time` int(11) NOT NULL DEFAULT '0',
  `update_time` int(11) unsigned NOT NULL DEFAULT '0',
  PRIMARY KEY (`id`),
  KEY `community_id` (`community_id`,`user_id`,`tag`,`create_time`)
) ENGINE=InnoDB AUTO_INCREMENT=12 DEFAULT CHARSET=utf8 COMMENT='随机反馈用户ID记录表';

#
# Data for table "qxd_task_feedback_users"
#

INSERT INTO `qxd_task_feedback_users` VALUES (1,'76826caa-6894-f6b9-3ac3-de33e01879c2','cb2395b7-7660-7134-85c9-612d4f4c74b5',1,1507689369,1510195490),(2,'76826caa-6894-f6b9-3ac3-de33e01879c2','13225a3e-f16a-ebb0-450d-3a0a00ade5ca',1,1507689369,1510195490),(3,'76826caa-6894-f6b9-3ac3-de33e01879c2','3e0b1448-7562-48cc-f885-3986a3bee7fa',1,1507689369,1510195490),(4,'76826caa-6894-f6b9-3ac3-de33e01879c2','86966993-d3e4-e722-223d-bf16fc2e8421',2,1507719427,1510195490),(5,'9b3c8069-acba-6686-3e35-a3dbc4872d8d','0f584f9c-befb-a17e-b205-765cd7efde33',2,1508221865,1508742208),(6,'ec685e49-3456-6a37-8220-be6bb35868ae','16e1481c-86e7-b9a5-e707-a1b2cdf766c3',2,1508919577,1510187618),(7,'c95134b4-83d5-ce44-6e79-c3273f807e71','3e0b1448-7562-48cc-f885-3986a3bee7fa',2,1509010350,1510187618),(8,'1f83549c-7fb7-4c2a-27e0-0b11cfbd337b','0f584f9c-befb-a17e-b205-765cd7efde33',2,1509013159,1509501103),(9,'a7e3276b-95c7-806f-c6c9-a6d004011c15','c3a9548d-832d-57f2-fdd9-18f9dc397fb5',2,1509072494,1509692458),(10,'d4cad79d-6d01-8548-d4f2-86323314cbeb','0f584f9c-befb-a17e-b205-765cd7efde33',2,1509096964,1510199137),(11,'58d153d9-1702-e225-7cbc-59a453386bca','c3a9548d-832d-57f2-fdd9-18f9dc397fb5',2,1509433166,1509618979);

#
# Structure for table "qxd_task_record"
#

DROP TABLE IF EXISTS `qxd_task_record`;
CREATE TABLE `qxd_task_record` (
  `id` int(11) unsigned NOT NULL AUTO_INCREMENT,
  `user_id` char(36) NOT NULL DEFAULT '' COMMENT '操作人ID',
  `task_id` char(36) NOT NULL DEFAULT '' COMMENT '行动计划ID',
  `type` enum('0','1') NOT NULL DEFAULT '0' COMMENT '操作类型 0 创建 1 编辑',
  `create_time` int(11) NOT NULL DEFAULT '0' COMMENT '操作时间',
  PRIMARY KEY (`id`),
  KEY `user_id` (`user_id`,`task_id`,`type`,`create_time`)
) ENGINE=InnoDB AUTO_INCREMENT=142 DEFAULT CHARSET=utf8 ROW_FORMAT=COMPACT COMMENT='操作记录';

#
# Data for table "qxd_task_record"
#

INSERT INTO `qxd_task_record` VALUES (1,'0a9064ba-711f-5049-9300-c0cc88e1edf7','633b6005-6e2d-75ea-c823-d96ca3fe5745','0',1503988089),(2,'0a9064ba-711f-5049-9300-c0cc88e1edf7','633b6005-6e2d-75ea-c823-d96ca3fe5745','1',1503990006),(3,'0a9064ba-711f-5049-9300-c0cc88e1edf7','633b6005-6e2d-75ea-c823-d96ca3fe5745','1',1503990063),(4,'0a9064ba-711f-5049-9300-c0cc88e1edf7','633b6005-6e2d-75ea-c823-d96ca3fe5745','1',1503990071),(5,'0a9064ba-711f-5049-9300-c0cc88e1edf7','f75d9b53-f8c3-9a65-b412-5b4e53a5be9b','0',1504682510),(6,'0a9064ba-711f-5049-9300-c0cc88e1edf7','49bf4c81-63a1-e06a-1074-8908cc0b1c42','0',1504694707),(7,'0a9064ba-711f-5049-9300-c0cc88e1edf7','6514a394-7ea8-d382-f590-eb5581a5e2e1','0',1504765247),(8,'0a9064ba-711f-5049-9300-c0cc88e1edf7','b871952c-bca8-4471-3fa5-e6c6bc0b7523','0',1504765291),(9,'0a9064ba-711f-5049-9300-c0cc88e1edf7','3ddc3170-8166-d78e-2a48-bbc32fbc4dd5','0',1504766152),(10,'0a9064ba-711f-5049-9300-c0cc88e1edf7','3ddc3170-8166-d78e-2a48-bbc32fbc4dd5','1',1505270456),(11,'0a9064ba-711f-5049-9300-c0cc88e1edf7','3ddc3170-8166-d78e-2a48-bbc32fbc4dd5','1',1505270591),(12,'0a9064ba-711f-5049-9300-c0cc88e1edf7','3ddc3170-8166-d78e-2a48-bbc32fbc4dd5','1',1505270611),(13,'0a9064ba-711f-5049-9300-c0cc88e1edf7','3ddc3170-8166-d78e-2a48-bbc32fbc4dd5','1',1505270632),(14,'0a9064ba-711f-5049-9300-c0cc88e1edf7','3ddc3170-8166-d78e-2a48-bbc32fbc4dd5','1',1505270743),(15,'b9d25df4-8e9e-f917-f559-4872db0b9ea6','e2c26d1f-2db0-513b-1343-201bce4d7d64','0',1505440007),(16,'b9d25df4-8e9e-f917-f559-4872db0b9ea6','953d295c-70f1-b3ad-1754-dac6b41e996c','0',1505440016),(17,'b9d25df4-8e9e-f917-f559-4872db0b9ea6','ec02aeb2-ee15-141f-87ed-777b88060832','0',1505440025),(18,'b9d25df4-8e9e-f917-f559-4872db0b9ea6','fda89456-a12a-4155-a363-9b5a1184a185','0',1505440029),(19,'b9d25df4-8e9e-f917-f559-4872db0b9ea6','dca3a198-7ce1-ce66-0ca1-62398d61d881','0',1505440033),(20,'b9d25df4-8e9e-f917-f559-4872db0b9ea6','ecbf3ca5-1d5e-18fb-b10d-2d57eaa4ba08','0',1505440038),(21,'b9d25df4-8e9e-f917-f559-4872db0b9ea6','09e2c2af-710d-8f61-d777-26c77bfa5d87','0',1505440518),(22,'b9d25df4-8e9e-f917-f559-4872db0b9ea6','ca5cdd78-bf94-f2e7-029e-5fecd7af8d82','0',1505440525),(23,'b9d25df4-8e9e-f917-f559-4872db0b9ea6','73712a59-9576-ca4e-e74d-c73d55690694','0',1505440529),(24,'b9d25df4-8e9e-f917-f559-4872db0b9ea6','f9e1d587-6e0c-0614-58c1-3bac00df6655','0',1505440534),(25,'b9d25df4-8e9e-f917-f559-4872db0b9ea6','118f7269-0bc0-924d-655b-433734a3859b','0',1507531347),(26,'b9d25df4-8e9e-f917-f559-4872db0b9ea6','5583ed7c-0e88-920c-915f-30fbefb00246','0',1507541471),(27,'b9d25df4-8e9e-f917-f559-4872db0b9ea6','9640b6ff-ce79-e0e1-8d29-1a1b66135e36','0',1507600816),(28,'b9d25df4-8e9e-f917-f559-4872db0b9ea6','a2c640ce-b17d-3aba-f717-d3548e9f93bc','0',1507600877),(29,'16e1481c-86e7-b9a5-e707-a1b2cdf766c3','1b618d9c-9627-081b-15b5-0a07a5325c80','0',1507601065),(30,'16e1481c-86e7-b9a5-e707-a1b2cdf766c3','1ff69d65-69e5-a17b-573e-a7803be0c4d0','0',1507601163),(31,'b9d25df4-8e9e-f917-f559-4872db0b9ea6','9640b6ff-ce79-e0e1-8d29-1a1b66135e36','1',1507618982),(32,'b9d25df4-8e9e-f917-f559-4872db0b9ea6','29dd9f08-f196-29f6-774d-fcf315fc9984','0',1507627933),(33,'b9d25df4-8e9e-f917-f559-4872db0b9ea6','58ffae94-60b3-17ab-c02a-6a9d89c55e97','0',1507702905),(34,'0f584f9c-befb-a17e-b205-765cd7efde33','928bdd96-4660-9978-42af-df214e337973','0',1507703157),(35,'0f584f9c-befb-a17e-b205-765cd7efde33','ec579ef9-23a9-860a-01ba-8bb5246b5ebc','0',1507703433),(36,'0f584f9c-befb-a17e-b205-765cd7efde33','3158d469-b897-15fc-4f75-8c55d746087b','0',1507703826),(37,'0f584f9c-befb-a17e-b205-765cd7efde33','eb1943e0-8492-a24c-a5f3-a9bfb9effdf8','0',1507704017),(38,'0f584f9c-befb-a17e-b205-765cd7efde33','3cb98cf2-c72e-af54-dc22-ecef111300db','0',1507704068),(39,'0f584f9c-befb-a17e-b205-765cd7efde33','b0068dd2-5320-791b-1dee-f6ba0d6835ed','0',1507790818),(40,'0f584f9c-befb-a17e-b205-765cd7efde33','ff91a0db-84fa-19b0-5383-e32d1eddf5e9','0',1507790841),(41,'0f584f9c-befb-a17e-b205-765cd7efde33','3d035606-710a-ebfe-8d09-4029ba4914dc','0',1507790861),(42,'0f584f9c-befb-a17e-b205-765cd7efde33','e8670851-b6d2-8e46-6eeb-82ac1fefdbf1','0',1507790924),(43,'c3a9548d-832d-57f2-fdd9-18f9dc397fb5','dd1ef873-6004-ba20-817e-611f1c9cffc5','0',1508117398),(44,'c3a9548d-832d-57f2-fdd9-18f9dc397fb5','27d86532-42f9-3d5c-9281-acbfd72645e9','0',1508117428),(45,'c3a9548d-832d-57f2-fdd9-18f9dc397fb5','e644ba4a-6de0-861b-6750-729dfaf71947','0',1508117488),(46,'c3a9548d-832d-57f2-fdd9-18f9dc397fb5','14043c7f-ae32-3ab6-fb63-d3498b681e94','0',1508117510),(47,'c3a9548d-832d-57f2-fdd9-18f9dc397fb5','cd3705ef-4b19-a65c-e7df-437b1e102967','0',1508117535),(48,'c3a9548d-832d-57f2-fdd9-18f9dc397fb5','7ec15eea-4006-7bc0-5c7b-fff9db542380','0',1508117554),(49,'c3a9548d-832d-57f2-fdd9-18f9dc397fb5','8ed0eb3d-f5f8-c5d3-b99e-e5a545df1333','0',1508117573),(50,'c3a9548d-832d-57f2-fdd9-18f9dc397fb5','8b47815b-0f9c-0811-3a6a-accc9e4acdbd','0',1508117676),(51,'c3a9548d-832d-57f2-fdd9-18f9dc397fb5','27d86532-42f9-3d5c-9281-acbfd72645e9','1',1508117685),(52,'c3a9548d-832d-57f2-fdd9-18f9dc397fb5','dd1ef873-6004-ba20-817e-611f1c9cffc5','1',1508117694),(53,'c3a9548d-832d-57f2-fdd9-18f9dc397fb5','60975bc2-94cc-0444-d70e-05e43da39506','0',1508117723),(54,'c3a9548d-832d-57f2-fdd9-18f9dc397fb5','013b34fc-b394-0ffe-0227-7ec54c5478d5','0',1508117738),(55,'c3a9548d-832d-57f2-fdd9-18f9dc397fb5','17954399-c74e-383a-9aec-e94c0091f6b6','0',1508117751),(56,'c3a9548d-832d-57f2-fdd9-18f9dc397fb5','28950890-b846-b9a8-d865-d1eaea5b2028','0',1508138653),(57,'c3a9548d-832d-57f2-fdd9-18f9dc397fb5','a8df1893-914e-b953-b611-65feae4aa56d','0',1508138665),(58,'b9d25df4-8e9e-f917-f559-4872db0b9ea6','af9fe8bf-5cfd-d26b-0a7d-adb73a2ace25','0',1508139819),(59,'b9d25df4-8e9e-f917-f559-4872db0b9ea6','0a302ff0-3640-57cf-0f45-1f028d4a1602','0',1508139990),(60,'b9d25df4-8e9e-f917-f559-4872db0b9ea6','1e2686f7-03f0-0f7e-5a78-2622479d527b','0',1508140232),(61,'b9d25df4-8e9e-f917-f559-4872db0b9ea6','2b6bf72c-8ec7-c31b-0bbc-2159ecd48d57','0',1508140290),(62,'b9d25df4-8e9e-f917-f559-4872db0b9ea6','5583ed7c-0e88-920c-915f-30fbefb00246','1',1508210443),(63,'16e1481c-86e7-b9a5-e707-a1b2cdf766c3','1ff69d65-69e5-a17b-573e-a7803be0c4d0','1',1508210530),(64,'16e1481c-86e7-b9a5-e707-a1b2cdf766c3','1ff69d65-69e5-a17b-573e-a7803be0c4d0','1',1508210541),(65,'b9d25df4-8e9e-f917-f559-4872db0b9ea6','9640b6ff-ce79-e0e1-8d29-1a1b66135e36','1',1508210611),(66,'b9d25df4-8e9e-f917-f559-4872db0b9ea6','5583ed7c-0e88-920c-915f-30fbefb00246','1',1508210777),(67,'16e1481c-86e7-b9a5-e707-a1b2cdf766c3','f231e480-77a6-737e-1ce2-ec1eb76f633d','0',1508211287),(68,'16e1481c-86e7-b9a5-e707-a1b2cdf766c3','f231e480-77a6-737e-1ce2-ec1eb76f633d','1',1508211300),(69,'b9d25df4-8e9e-f917-f559-4872db0b9ea6','5583ed7c-0e88-920c-915f-30fbefb00246','1',1508211691),(70,'b9d25df4-8e9e-f917-f559-4872db0b9ea6','29dd9f08-f196-29f6-774d-fcf315fc9984','1',1508219899),(71,'b9d25df4-8e9e-f917-f559-4872db0b9ea6','5583ed7c-0e88-920c-915f-30fbefb00246','1',1508219919),(72,'b9d25df4-8e9e-f917-f559-4872db0b9ea6','5583ed7c-0e88-920c-915f-30fbefb00246','1',1508219933),(73,'16e1481c-86e7-b9a5-e707-a1b2cdf766c3','1b618d9c-9627-081b-15b5-0a07a5325c80','1',1508223287),(74,'0f584f9c-befb-a17e-b205-765cd7efde33','df7f6b77-f32d-c6e9-493a-03604d45d675','0',1508226162),(75,'0f584f9c-befb-a17e-b205-765cd7efde33','df7f6b77-f32d-c6e9-493a-03604d45d675','1',1508226185),(76,'0a9064ba-711f-5049-9300-c0cc88e1edf7','64f9cfc6-e48d-9591-46fb-0fc94fdd1df2','0',1508392174),(77,'0f584f9c-befb-a17e-b205-765cd7efde33','f10fc0ab-1f57-33b2-1030-2de0ae440a6f','0',1508481800),(78,'0f584f9c-befb-a17e-b205-765cd7efde33','a322d304-07a1-28bd-7813-713183c02ffb','0',1508481839),(79,'0f584f9c-befb-a17e-b205-765cd7efde33','cc8e8e8b-82c6-5456-9f61-06e9c260db2f','0',1508481953),(80,'0f584f9c-befb-a17e-b205-765cd7efde33','9eb360c0-96e2-7e75-8993-0d36ea4b62d0','0',1508481984),(81,'0f584f9c-befb-a17e-b205-765cd7efde33','302a8246-5094-4c9f-2dc5-eb47a36a6e75','0',1508482012),(82,'c3a9548d-832d-57f2-fdd9-18f9dc397fb5','98e06976-1bcf-f0b8-e15a-40fa5608ec06','0',1508811600),(83,'c3a9548d-832d-57f2-fdd9-18f9dc397fb5','cbd72e5a-70b9-6f50-70dd-5106c30c69cc','0',1508812671),(84,'c3a9548d-832d-57f2-fdd9-18f9dc397fb5','98e06976-1bcf-f0b8-e15a-40fa5608ec06','1',1508815094),(85,'c3a9548d-832d-57f2-fdd9-18f9dc397fb5','2b4fe32f-3f42-501a-b6ee-aa8726c6b6c5','0',1508825194),(86,'c3a9548d-832d-57f2-fdd9-18f9dc397fb5','5df33d44-89fe-881e-5365-858f0c1b1e2f','0',1508826204),(87,'c3a9548d-832d-57f2-fdd9-18f9dc397fb5','b6a3f322-b8d2-f462-1eee-c348f227fd1a','0',1508826247),(88,'c3a9548d-832d-57f2-fdd9-18f9dc397fb5','98ae2bac-d471-e9c6-9269-8bcd37fd0734','0',1508826260),(89,'c3a9548d-832d-57f2-fdd9-18f9dc397fb5','f31b0c5f-fb5c-9c11-fe08-cab86170f733','0',1508826338),(90,'c3a9548d-832d-57f2-fdd9-18f9dc397fb5','bb31e2b5-57dc-e86b-f9ae-82530643ec8d','0',1508826351),(91,'b9d25df4-8e9e-f917-f559-4872db0b9ea6','746cabe0-e8b0-28ed-6dae-8ccfc46ed786','0',1508832835),(92,'c3a9548d-832d-57f2-fdd9-18f9dc397fb5','28950890-b846-b9a8-d865-d1eaea5b2028','1',1508898035),(93,'c3a9548d-832d-57f2-fdd9-18f9dc397fb5','a8df1893-914e-b953-b611-65feae4aa56d','1',1508898048),(94,'3e0b1448-7562-48cc-f885-3986a3bee7fa','cf593dd7-e4fd-0482-56b2-6608c29e91fd','0',1508919889),(95,'3e0b1448-7562-48cc-f885-3986a3bee7fa','84b4837c-160a-f5f9-a062-7e34437755c1','0',1508919902),(96,'3e0b1448-7562-48cc-f885-3986a3bee7fa','433c4bf3-04d4-380d-87f7-2cc0bd174e80','0',1508919937),(97,'3e0b1448-7562-48cc-f885-3986a3bee7fa','44d248b1-d2a2-9ef7-f8b6-9e2a45ab40e3','0',1508919950),(98,'3e0b1448-7562-48cc-f885-3986a3bee7fa','cc02f114-fc9d-0138-fca0-bd77c5c4ec0a','0',1508920005),(99,'3e0b1448-7562-48cc-f885-3986a3bee7fa','60736d63-76eb-94fd-d26f-d93b50e50677','0',1508920040),(100,'3e0b1448-7562-48cc-f885-3986a3bee7fa','fbfd8494-a207-4bcc-afef-90f22c74aa3d','0',1508924442),(101,'3e0b1448-7562-48cc-f885-3986a3bee7fa','a62b9970-b0a4-c483-6646-fa7197ad60ba','0',1508924460),(102,'3e0b1448-7562-48cc-f885-3986a3bee7fa','519b9869-1f3a-eb2a-4373-8eed01383c9c','0',1508924476),(103,'3e0b1448-7562-48cc-f885-3986a3bee7fa','6f1929c6-afcb-4a5f-559c-99a76d921df8','0',1508924509),(104,'3e0b1448-7562-48cc-f885-3986a3bee7fa','aa7e5644-e53a-58b8-b7b8-e7e21d157f64','0',1508924545),(105,'3e0b1448-7562-48cc-f885-3986a3bee7fa','81cbab00-e2b5-74ed-19fd-1efadaef714f','0',1508924562),(106,'3e0b1448-7562-48cc-f885-3986a3bee7fa','e2f5428a-d2f5-a846-ab17-55538157e24c','0',1508924605),(107,'3e0b1448-7562-48cc-f885-3986a3bee7fa','0e1e899d-5e1d-ae83-b09a-cac81a6ab676','0',1508924625),(108,'3e0b1448-7562-48cc-f885-3986a3bee7fa','c3bf18a1-2303-9846-6346-998403c01c6a','0',1508924677),(109,'3e0b1448-7562-48cc-f885-3986a3bee7fa','aa498f6d-b36e-ece1-2fd6-fd0c13a58e45','0',1508924688),(110,'3e0b1448-7562-48cc-f885-3986a3bee7fa','aa8ec5ee-f77a-b944-7131-4b4349d335b8','0',1508924703),(111,'3e0b1448-7562-48cc-f885-3986a3bee7fa','aabd0553-e755-5dbd-e72d-c49cda7b998d','0',1508924741),(112,'0f584f9c-befb-a17e-b205-765cd7efde33','0b1c190d-40db-973e-0483-2dfd8b8d8940','0',1508982780),(113,'0f584f9c-befb-a17e-b205-765cd7efde33','fe9d169a-9c5d-5d22-b85d-2fa07f67c029','0',1508982795),(114,'0f584f9c-befb-a17e-b205-765cd7efde33','8c1dc08c-ab81-c21a-a8fb-3a9b0c1cb1c1','0',1508982809),(115,'0f584f9c-befb-a17e-b205-765cd7efde33','cf65b822-393c-55a4-22f0-7802b22f20a1','0',1508982821),(116,'0f584f9c-befb-a17e-b205-765cd7efde33','3b92d10e-3546-5fee-2e8a-842f83701484','0',1508982837),(117,'0f584f9c-befb-a17e-b205-765cd7efde33','2689efea-ce6e-d0f3-1e77-6224d3d93426','0',1508982851),(118,'0f584f9c-befb-a17e-b205-765cd7efde33','7fafe2e7-62b7-ca49-0e5f-9db4222ee421','0',1508982864),(119,'0f584f9c-befb-a17e-b205-765cd7efde33','66c47e41-4478-3739-3fd0-05ac2799e317','0',1508983604),(120,'0f584f9c-befb-a17e-b205-765cd7efde33','026a7c4d-8304-0b99-a782-f080bc2b95d3','0',1508983620),(121,'0f584f9c-befb-a17e-b205-765cd7efde33','8516d0ed-8dd8-9899-aa5d-662e5142ce3f','0',1508983633),(122,'0f584f9c-befb-a17e-b205-765cd7efde33','fda10581-82b1-1fe8-62f5-ce37cef2910b','0',1508983648),(123,'16e1481c-86e7-b9a5-e707-a1b2cdf766c3','1b618d9c-9627-081b-15b5-0a07a5325c80','1',1509067241),(124,'0a9064ba-711f-5049-9300-c0cc88e1edf7','734138fe-0188-8da9-daac-c79e5eaf8e88','0',1509086297),(125,'0f584f9c-befb-a17e-b205-765cd7efde33','7b9a909c-4b66-42f5-6d6f-5d31a3fdbac8','0',1509096298),(126,'0f584f9c-befb-a17e-b205-765cd7efde33','f4d49b60-7ebb-4b55-9209-8024faa6e995','0',1509096309),(127,'0f584f9c-befb-a17e-b205-765cd7efde33','20389fe8-fa0f-7841-5e83-0e18321d05ec','0',1509096320),(128,'0f584f9c-befb-a17e-b205-765cd7efde33','bd5aac42-5672-40d9-9c1d-456db3a317f0','0',1509096330),(129,'0f584f9c-befb-a17e-b205-765cd7efde33','4f93cc44-8b0c-74b5-871d-549fac8c2407','0',1509096349),(130,'0f584f9c-befb-a17e-b205-765cd7efde33','7d65625f-7e8d-7918-2e98-519833086317','0',1509096377),(131,'0f584f9c-befb-a17e-b205-765cd7efde33','33107c0c-caaa-3f26-d7d0-44064c3e3f94','0',1509096392),(132,'0f584f9c-befb-a17e-b205-765cd7efde33','6db1ed25-aec1-74c6-2b42-9174d36bfe47','0',1509096405),(133,'0f584f9c-befb-a17e-b205-765cd7efde33','d3cd8f4c-d328-f4c5-b091-6b6f76e6b3a7','0',1509096422),(134,'0f584f9c-befb-a17e-b205-765cd7efde33','f9e45077-14a2-64d0-4573-aeeba761ad37','0',1509096434),(135,'0f584f9c-befb-a17e-b205-765cd7efde33','e2858520-93f4-b8f5-c001-e58410deeb7c','0',1509096514),(136,'0f584f9c-befb-a17e-b205-765cd7efde33','62ba6d20-e69c-e902-3e70-80c1763f5f0c','0',1509096542),(137,'c3a9548d-832d-57f2-fdd9-18f9dc397fb5','6133d4c5-947e-98d5-9ec7-7a4b99085a57','0',1509332983),(138,'16e1481c-86e7-b9a5-e707-a1b2cdf766c3','1ff69d65-69e5-a17b-573e-a7803be0c4d0','1',1509464742),(139,'16e1481c-86e7-b9a5-e707-a1b2cdf766c3','1ff69d65-69e5-a17b-573e-a7803be0c4d0','1',1509464943),(140,'c3a9548d-832d-57f2-fdd9-18f9dc397fb5','33a698ee-905e-6e04-a4b3-ce47e53f852d','0',1510129494),(141,'c3a9548d-832d-57f2-fdd9-18f9dc397fb5','33a698ee-905e-6e04-a4b3-ce47e53f852d','1',1510135676);

#
# Structure for table "qxd_task_user"
#

DROP TABLE IF EXISTS `qxd_task_user`;
CREATE TABLE `qxd_task_user` (
  `p_id` int(11) unsigned NOT NULL AUTO_INCREMENT,
  `id` char(36) NOT NULL DEFAULT '',
  `task_id` char(36) NOT NULL DEFAULT '',
  `user_id` char(36) NOT NULL DEFAULT '',
  `mode` enum('0','1') NOT NULL DEFAULT '0' COMMENT '用户参加计划模式：0 普通 1 挑战',
  `act_plan_id` char(36) NOT NULL DEFAULT '' COMMENT '行动计划ID',
  `finish` enum('0','1') NOT NULL DEFAULT '0' COMMENT '0 未完成 1 已完成',
  `tag` enum('0','1') NOT NULL DEFAULT '0' COMMENT '是否按时完成任务（：挑战） 0 是 1 否',
  `deadline` int(11) NOT NULL DEFAULT '0' COMMENT '结束时间戳',
  `create_time` int(11) NOT NULL DEFAULT '0',
  `update_time` int(11) NOT NULL DEFAULT '0',
  PRIMARY KEY (`p_id`),
  UNIQUE KEY `id` (`id`),
  KEY `task_id` (`task_id`,`user_id`,`mode`,`act_plan_id`,`finish`,`tag`)
) ENGINE=InnoDB AUTO_INCREMENT=141 DEFAULT CHARSET=utf8 COMMENT='任务用户表';

#
# Data for table "qxd_task_user"
#

INSERT INTO `qxd_task_user` VALUES (1,'09ab2e87-2af2-aff2-e017-d20b26882255','fbfd8494-a207-4bcc-afef-90f22c74aa3d','0a9064ba-711f-5049-9300-c0cc88e1edf7','0','b882428e-e2c9-5cd2-10d3-6842a67daf0b','1','0',1509013974,1509013674,1509013975),(2,'10','ec579ef9-23a9-860a-01ba-8bb5246b5ebc','b9d25df4-8e9e-f917-f559-4872db0b9ea6','0','4ca6236d-d2e9-dd27-24b2-6f02459cbbe8','0','0',0,1507790105,1507790105),(3,'11','b0068dd2-5320-791b-1dee-f6ba0d6835ed','b9d25df4-8e9e-f917-f559-4872db0b9ea6','0','4ca6236d-d2e9-dd27-24b2-6f02459cbbe8','0','0',0,1507791057,1507791057),(4,'12','ff91a0db-84fa-19b0-5383-e32d1eddf5e9','b9d25df4-8e9e-f917-f559-4872db0b9ea6','0','4ca6236d-d2e9-dd27-24b2-6f02459cbbe8','0','0',0,1507791175,1507791175),(5,'13','953d295c-70f1-b3ad-1754-dac6b41e996c','b9d25df4-8e9e-f917-f559-4872db0b9ea6','0','a88b4fc0-0652-d590-a162-4574de7b903d','0','0',0,1507791421,1507791421),(6,'14','dca3a198-7ce1-ce66-0ca1-62398d61d881','b9d25df4-8e9e-f917-f559-4872db0b9ea6','0','a88b4fc0-0652-d590-a162-4574de7b903d','0','0',0,1507795625,1507795625),(7,'15','1ff69d65-69e5-a17b-573e-a7803be0c4d0','0f584f9c-befb-a17e-b205-765cd7efde33','0','80e0efd0-7232-cd54-72fd-57b6811cb81f','0','0',0,1507796329,1507796329),(8,'16','ec02aeb2-ee15-141f-87ed-777b88060832','b9d25df4-8e9e-f917-f559-4872db0b9ea6','0','a88b4fc0-0652-d590-a162-4574de7b903d','0','0',0,1507797859,1507797859),(9,'17','118f7269-0bc0-924d-655b-433734a3859b','3e0b1448-7562-48cc-f885-3986a3bee7fa','0','d5d1eb94-bebd-1f2f-bf31-23e1616f935e','0','0',0,1507799203,1507799203),(10,'18','ec02aeb2-ee15-141f-87ed-777b88060832','0f584f9c-befb-a17e-b205-765cd7efde33','0','a88b4fc0-0652-d590-a162-4574de7b903d','0','0',0,1507861065,1507861065),(11,'188a2f1f-b5de-f7bb-c81d-ca45edb58676','cf593dd7-e4fd-0482-56b2-6608c29e91fd','b9d25df4-8e9e-f917-f559-4872db0b9ea6','1','98272263-0337-dc22-1e8f-f14951683dbd','1','0',1509004194,1509003894,1509335140),(12,'19','09e2c2af-710d-8f61-d777-26c77bfa5d87','0f584f9c-befb-a17e-b205-765cd7efde33','0','a88b4fc0-0652-d590-a162-4574de7b903d','0','0',0,1507861090,1507861090),(13,'19ffbdda-6612-4936-00f5-3512bfa07aea','8b47815b-0f9c-0811-3a6a-accc9e4acdbd','b9d25df4-8e9e-f917-f559-4872db0b9ea6','0','6a7a3466-99be-d490-393b-862199fff6a4','1','1',0,1508134058,1508466662),(14,'1af56a9b-b2a2-e1af-07ee-a2ac3f79f547','cd3705ef-4b19-a65c-e7df-437b1e102967','bf670625-f384-b056-fab9-4c3f45314aa2','0','9b047d08-5096-6a4e-2603-7629673c3bf2','0','0',0,1508159713,1508159713),(15,'1e933103-07b7-8140-f6f1-e029f1c8740e','f10fc0ab-1f57-33b2-1030-2de0ae440a6f','b9d25df4-8e9e-f917-f559-4872db0b9ea6','0','66ab003d-e034-25d1-265d-d5e61fd5536f','1','0',1508748095,1508747795,1508750767),(16,'2','3ddc3170-8166-d78e-2a48-bbc32fbc4dd5','0a9064ba-711f-5049-9300-c0cc88e1edf7','0','a88b4fc0-0652-d590-a162-4574de7b903d','1','0',0,1505459827,0),(17,'20','ca5cdd78-bf94-f2e7-029e-5fecd7af8d82','0f584f9c-befb-a17e-b205-765cd7efde33','0','a88b4fc0-0652-d590-a162-4574de7b903d','0','0',0,1507861115,1507861115),(18,'21','29dd9f08-f196-29f6-774d-fcf315fc9984','3e0b1448-7562-48cc-f885-3986a3bee7fa','0','7683c426-100a-8ba0-aec7-6377c0d997fc','0','0',0,1507862356,1507862356),(19,'21866457-7bc0-991a-1f3b-f93357d20428','e644ba4a-6de0-861b-6750-729dfaf71947','b9d25df4-8e9e-f917-f559-4872db0b9ea6','1','9b047d08-5096-6a4e-2603-7629673c3bf2','1','0',1508926717,1508915917,1509351586),(20,'22','58ffae94-60b3-17ab-c02a-6a9d89c55e97','3e0b1448-7562-48cc-f885-3986a3bee7fa','0','d400d687-795f-e3eb-caa4-e3401f4bc348','0','0',0,1507865369,1507865369),(21,'23','eb1943e0-8492-a24c-a5f3-a9bfb9effdf8','b9d25df4-8e9e-f917-f559-4872db0b9ea6','0','e4162903-c02c-3690-04b6-43234093607c','0','0',0,1507874241,1507874241),(22,'23132132132132','27d86532-42f9-3d5c-9281-acbfd72645e9','b9d25df4-8e9e-f917-f559-4872db0b9ea6','0','6a7a3466-99be-d490-393b-862199fff6a4','1','1',0,1508121643,1508121643),(23,'24','1b618d9c-9627-081b-15b5-0a07a5325c80','bf670625-f384-b056-fab9-4c3f45314aa2','0','80e0efd0-7232-cd54-72fd-57b6811cb81f','0','0',0,1507875461,1507875461),(24,'25','1b618d9c-9627-081b-15b5-0a07a5325c80','0f584f9c-befb-a17e-b205-765cd7efde33','0','80e0efd0-7232-cd54-72fd-57b6811cb81f','0','0',0,1507875874,1507875874),(25,'26','3cb98cf2-c72e-af54-dc22-ecef111300db','b9d25df4-8e9e-f917-f559-4872db0b9ea6','0','8e53a120-c0cc-dde6-9cfe-e52ec40723b4','0','0',0,1507889382,1507889382),(26,'27','dd1ef873-6004-ba20-817e-611f1c9cffc5','b9d25df4-8e9e-f917-f559-4872db0b9ea6','0','6a7a3466-99be-d490-393b-862199fff6a4','0','0',0,1508119025,1508119025),(27,'2b3d7d63-4a6b-1576-6333-5c9d5a761691','98e06976-1bcf-f0b8-e15a-40fa5608ec06','b9d25df4-8e9e-f917-f559-4872db0b9ea6','0','6a7a3466-99be-d490-393b-862199fff6a4','1','0',1508828722,1508825122,1508828722),(28,'3','fda89456-a12a-4155-a363-9b5a1184a185','b9d25df4-8e9e-f917-f559-4872db0b9ea6','0','a88b4fc0-0652-d590-a162-4574de7b903d','0','0',0,1505468132,0),(29,'393d91b5-39cd-df9e-3b73-4e0325398b0b','e2c26d1f-2db0-513b-1343-201bce4d7d64','0f584f9c-befb-a17e-b205-765cd7efde33','0','a88b4fc0-0652-d590-a162-4574de7b903d','0','0',0,1508133610,1508133610),(30,'3a324f47-bf24-bfd9-e693-c22ab58a06d9','2b4fe32f-3f42-501a-b6ee-aa8726c6b6c5','3e0b1448-7562-48cc-f885-3986a3bee7fa','0','b9819e90-164e-4728-1729-0a2683d27359','1','0',1508908307,1508897507,1508908307),(31,'3c431048-8f05-2cd3-feca-55e4841ffbf8','60975bc2-94cc-0444-d70e-05e43da39506','b9d25df4-8e9e-f917-f559-4872db0b9ea6','0','728162a2-06b2-0053-7c30-d0a7e1350d7c','0','0',0,1508133482,1508133482),(32,'4','fda89456-a12a-4155-a363-9b5a1184a185','0a9064ba-711f-5049-9300-c0cc88e1edf7','0','a88b4fc0-0652-d590-a162-4574de7b903d','1','0',0,1505701579,1505701579),(33,'4654c17d-4505-98a8-5684-70dcaf8f84e9','cc8e8e8b-82c6-5456-9f61-06e9c260db2f','b9d25df4-8e9e-f917-f559-4872db0b9ea6','1','e71e2036-6d73-5aa4-471f-df9c2d1d1bcf','0','0',1508899716,1508899536,1508899536),(34,'47b40ccb-ebc3-1735-ecc5-03a97546f1f0','519b9869-1f3a-eb2a-4373-8eed01383c9c','c3a9548d-832d-57f2-fdd9-18f9dc397fb5','0','b882428e-e2c9-5cd2-10d3-6842a67daf0b','1','0',1508926310,1508926010,1508926311),(35,'4984a76a-d488-bb98-7111-98c7037efcbc','1b618d9c-9627-081b-15b5-0a07a5325c80','0a9064ba-711f-5049-9300-c0cc88e1edf7','1','80e0efd0-7232-cd54-72fd-57b6811cb81f','1','0',1508860322,1508770262,1509464243),(36,'5','a4905edc-7437-6126-6702-6c08788d0758','0a9064ba-711f-5049-9300-c0cc88e1edf7','0','0f6f6fba-c7ab-a432-d47a-0ff04b75a972','1','0',0,1505701579,1505701579),(37,'5c646d6e-84f6-08b1-269e-e006ea5dee10','aa7e5644-e53a-58b8-b7b8-e7e21d157f64','0a9064ba-711f-5049-9300-c0cc88e1edf7','1','323c8ea3-1955-566d-d8a8-e17839bf61e0','0','0',1508999099,1508998799,1508998799),(38,'6','5583ed7c-0e88-920c-915f-30fbefb00246','0f584f9c-befb-a17e-b205-765cd7efde33','0','c8b749ba-86bf-deaa-82a4-59dc7db14975','0','0',0,1507691295,1507691295),(39,'6d24de20-99a7-fb1c-d88a-4cad58f6e52a','013b34fc-b394-0ffe-0227-7ec54c5478d5','b9d25df4-8e9e-f917-f559-4872db0b9ea6','1','728162a2-06b2-0053-7c30-d0a7e1350d7c','0','0',1508837637,1508830437,1508830437),(40,'7','9640b6ff-ce79-e0e1-8d29-1a1b66135e36','0f584f9c-befb-a17e-b205-765cd7efde33','0','c8b749ba-86bf-deaa-82a4-59dc7db14975','0','0',0,1507691335,1507691335),(41,'7481bc29-0ab4-032f-6a5b-744acdb22abd','cc8e8e8b-82c6-5456-9f61-06e9c260db2f','3e0b1448-7562-48cc-f885-3986a3bee7fa','1','e71e2036-6d73-5aa4-471f-df9c2d1d1bcf','1','0',1509013512,1509013332,1509430660),(42,'7661bd49-343f-a907-9bf9-1dbe4906b484','cf593dd7-e4fd-0482-56b2-6608c29e91fd','0a9064ba-711f-5049-9300-c0cc88e1edf7','1','98272263-0337-dc22-1e8f-f14951683dbd','1','0',1509005887,1509005587,1509348730),(43,'8','e2c26d1f-2db0-513b-1343-201bce4d7d64','b9d25df4-8e9e-f917-f559-4872db0b9ea6','0','a88b4fc0-0652-d590-a162-4574de7b903d','0','0',0,1507701376,1507701376),(44,'8011e185-88b5-a04a-f3f1-6f2f44940703','302a8246-5094-4c9f-2dc5-eb47a36a6e75','b9d25df4-8e9e-f917-f559-4872db0b9ea6','1','e71e2036-6d73-5aa4-471f-df9c2d1d1bcf','0','0',1508906840,1508899640,1508899640),(45,'807b7a4c-3bc9-a3d6-df8c-64021fa710c3','a8df1893-914e-b953-b611-65feae4aa56d','3e0b1448-7562-48cc-f885-3986a3bee7fa','0','194d762c-b1c4-1a41-94cb-249da58a1378','1','0',1508919641,1508919341,1508919642),(46,'88a22e8a-5ea0-85bb-875e-a794f024cdd2','dd1ef873-6004-ba20-817e-611f1c9cffc5','3e0b1448-7562-48cc-f885-3986a3bee7fa','0','6a7a3466-99be-d490-393b-862199fff6a4','1','0',1508900022,1508897622,1508900022),(47,'8c984808-b422-5fcf-4ed0-6d1837935ac7','27d86532-42f9-3d5c-9281-acbfd72645e9','3e0b1448-7562-48cc-f885-3986a3bee7fa','0','6a7a3466-99be-d490-393b-862199fff6a4','1','0',1508901287,1508897627,1508901287),(48,'8e8e6991-3160-926e-5719-1410c0172307','28950890-b846-b9a8-d865-d1eaea5b2028','3e0b1448-7562-48cc-f885-3986a3bee7fa','0','194d762c-b1c4-1a41-94cb-249da58a1378','1','0',1508898736,1508898136,1508898736),(49,'9','928bdd96-4660-9978-42af-df214e337973','b9d25df4-8e9e-f917-f559-4872db0b9ea6','0','4ca6236d-d2e9-dd27-24b2-6f02459cbbe8','1','0',0,1507788944,1509430656),(50,'97c3faf4-2bbe-2ed9-6c90-81389a914b84','a322d304-07a1-28bd-7813-713183c02ffb','b9d25df4-8e9e-f917-f559-4872db0b9ea6','0','66ab003d-e034-25d1-265d-d5e61fd5536f','1','0',1509006660,1508898660,1509006660),(51,'996ad322-719f-ec1a-af0b-1a29f47d11ed','a62b9970-b0a4-c483-6646-fa7197ad60ba','c3a9548d-832d-57f2-fdd9-18f9dc397fb5','0','b882428e-e2c9-5cd2-10d3-6842a67daf0b','1','0',1508925870,1508925570,1508925870),(52,'9f4a9764-0b36-3c29-2d2a-19e9be25641a','3158d469-b897-15fc-4f75-8c55d746087b','b9d25df4-8e9e-f917-f559-4872db0b9ea6','0','6898ecc5-cb5b-c7cd-0cfc-79706b8a5473','1','0',0,1508143726,1509430664),(53,'a2fb49fc-fff9-dad8-74ba-42fa83dde7db','cf593dd7-e4fd-0482-56b2-6608c29e91fd','c3a9548d-832d-57f2-fdd9-18f9dc397fb5','1','98272263-0337-dc22-1e8f-f14951683dbd','1','0',1508920752,1508920452,1509418506),(54,'aa0044a3-3649-e6cf-5b37-ace03049a691','6f1929c6-afcb-4a5f-559c-99a76d921df8','c3a9548d-832d-57f2-fdd9-18f9dc397fb5','0','b882428e-e2c9-5cd2-10d3-6842a67daf0b','1','0',1508926632,1508926332,1508926632),(55,'abe22e53-0d51-b779-6ea7-33e6e5e118b2','17954399-c74e-383a-9aec-e94c0091f6b6','b9d25df4-8e9e-f917-f559-4872db0b9ea6','0','728162a2-06b2-0053-7c30-d0a7e1350d7c','0','0',0,1508136596,1508136596),(56,'ad61de0d-802a-df3d-f34c-1b2789d0c6db','f231e480-77a6-737e-1ce2-ec1eb76f633d','0a9064ba-711f-5049-9300-c0cc88e1edf7','0','67342c86-f436-a536-0be6-4e99b43eb66a','1','0',1509001155,1509000555,1509001155),(57,'ad774cc6-c8d5-abe1-e051-5e5d6c7349a3','fbfd8494-a207-4bcc-afef-90f22c74aa3d','c3a9548d-832d-57f2-fdd9-18f9dc397fb5','0','b882428e-e2c9-5cd2-10d3-6842a67daf0b','1','0',1508925537,1508925237,1508925538),(58,'ae73a9b5-95a2-5417-d00a-e77bdec4e96a','3d035606-710a-ebfe-8d09-4029ba4914dc','b9d25df4-8e9e-f917-f559-4872db0b9ea6','0','4ca6236d-d2e9-dd27-24b2-6f02459cbbe8','0','0',0,1508142281,1508142281),(59,'c77a4cca-6b8c-6eb3-0794-ab8e0954f30f','c3bf18a1-2303-9846-6346-998403c01c6a','0a9064ba-711f-5049-9300-c0cc88e1edf7','0','0fc1011e-9baf-0360-4c27-6489c2740589','1','0',1508999139,1508998839,1508999139),(60,'fbf58e98-fb04-42a1-a5dc-ba38ace8cb4b','1ff69d65-69e5-a17b-573e-a7803be0c4d0','0a9064ba-711f-5049-9300-c0cc88e1edf7','1','80e0efd0-7232-cd54-72fd-57b6811cb81f','0','0',1508774190,1508770530,1508770530),(61,'b10e8842-b951-7040-c7b7-a510235bd775','c3bf18a1-2303-9846-6346-998403c01c6a','c3a9548d-832d-57f2-fdd9-18f9dc397fb5','0','0fc1011e-9baf-0360-4c27-6489c2740589','1','0',1509071799,1509071499,1509348873),(62,'e3ed825a-cc25-4e4d-55bf-cadada6c7e2a','a62b9970-b0a4-c483-6646-fa7197ad60ba','0a9064ba-711f-5049-9300-c0cc88e1edf7','0','b882428e-e2c9-5cd2-10d3-6842a67daf0b','1','0',1509072170,1509071870,1509072170),(63,'12058571-573d-cf88-6785-3cf33a82ff15','aa7e5644-e53a-58b8-b7b8-e7e21d157f64','c3a9548d-832d-57f2-fdd9-18f9dc397fb5','1','323c8ea3-1955-566d-d8a8-e17839bf61e0','1','0',1509072684,1509072384,1509348978),(64,'34fa39a4-dd83-4e33-5805-d11ef060eafd','f75d9b53-f8c3-9a65-b412-5b4e53a5be9b','0a9064ba-711f-5049-9300-c0cc88e1edf7','1','185b6957-3732-3ca0-3b96-8fd9a7295363','0','0',1509073403,1509073280,1509073280),(65,'c1ddf21a-6f1a-bda2-71c7-9aff9548f226','013b34fc-b394-0ffe-0227-7ec54c5478d5','0a9064ba-711f-5049-9300-c0cc88e1edf7','1','728162a2-06b2-0053-7c30-d0a7e1350d7c','0','0',1509080945,1509073745,1509073745),(66,'0baaeacc-71ff-75ac-1b1d-4c10a72c11ad','433c4bf3-04d4-380d-87f7-2cc0bd174e80','0a9064ba-711f-5049-9300-c0cc88e1edf7','1','98272263-0337-dc22-1e8f-f14951683dbd','1','0',1509074837,1509074597,1509419909),(67,'4c1b33f4-badb-8c8c-1126-d02a51391f8e','44d248b1-d2a2-9ef7-f8b6-9e2a45ab40e3','0a9064ba-711f-5049-9300-c0cc88e1edf7','1','98272263-0337-dc22-1e8f-f14951683dbd','1','0',1509075341,1509075041,1509415945),(68,'38785deb-b1d7-3e2a-7064-4c714d2a81d6','60736d63-76eb-94fd-d26f-d93b50e50677','0a9064ba-711f-5049-9300-c0cc88e1edf7','1','98272263-0337-dc22-1e8f-f14951683dbd','1','0',1509075543,1509075243,1509415949),(69,'a43e59be-bb83-c1a6-887d-b337cb005410','cc02f114-fc9d-0138-fca0-bd77c5c4ec0a','0a9064ba-711f-5049-9300-c0cc88e1edf7','1','98272263-0337-dc22-1e8f-f14951683dbd','1','0',1509075891,1509075591,1509419918),(70,'534d488e-ae94-c31d-d2ed-9d753af931a8','0e1e899d-5e1d-ae83-b09a-cac81a6ab676','0a9064ba-711f-5049-9300-c0cc88e1edf7','1','323c8ea3-1955-566d-d8a8-e17839bf61e0','1','0',1509076169,1509075869,1509419929),(71,'7b008901-1a7d-0364-a64d-1faf44217e5f','81cbab00-e2b5-74ed-19fd-1efadaef714f','0a9064ba-711f-5049-9300-c0cc88e1edf7','1','323c8ea3-1955-566d-d8a8-e17839bf61e0','0','0',1509076249,1509075949,1509075949),(72,'6cb7e3bc-28ce-7848-fed5-df2e9492bb6f','e2f5428a-d2f5-a846-ab17-55538157e24c','0a9064ba-711f-5049-9300-c0cc88e1edf7','1','323c8ea3-1955-566d-d8a8-e17839bf61e0','0','0',1509078820,1509078520,1509078520),(73,'b1044602-d18e-ae60-8b7e-40137f6da2ba','84b4837c-160a-f5f9-a062-7e34437755c1','b9d25df4-8e9e-f917-f559-4872db0b9ea6','0','b882428e-e2c9-5cd2-10d3-6842a67daf0b','1','0',1509086133,1509085953,1509093338),(74,'88b6afa2-82dc-afab-166e-4a623603eab1','fbfd8494-a207-4bcc-afef-90f22c74aa3d','b9d25df4-8e9e-f917-f559-4872db0b9ea6','0','b882428e-e2c9-5cd2-10d3-6842a67daf0b','1','0',1509093694,1509093394,1509093694),(75,'389b5a15-ad5a-bf86-1f0b-490bed7fa2df','3b92d10e-3546-5fee-2e8a-842f83701484','0a9064ba-711f-5049-9300-c0cc88e1edf7','1','47804edb-3cd8-d788-6234-bb4b7ef83482','0','0',1509096969,1509096669,1509096669),(76,'c42c0b3f-f35b-a0ae-8570-9aaff2eab525','a62b9970-b0a4-c483-6646-fa7197ad60ba','b9d25df4-8e9e-f917-f559-4872db0b9ea6','0','b882428e-e2c9-5cd2-10d3-6842a67daf0b','1','0',1509098618,1509098318,1509098835),(77,'1b022fa7-0a9d-17e4-9415-90058fd3b65b','66c47e41-4478-3739-3fd0-05ac2799e317','3e0b1448-7562-48cc-f885-3986a3bee7fa','1','57818010-8294-465f-7c52-1778ad775f24','0','0',1509326604,1509326304,1509326304),(78,'b439964c-a75c-57f6-117f-86919b7733e8','0b1c190d-40db-973e-0483-2dfd8b8d8940','b9d25df4-8e9e-f917-f559-4872db0b9ea6','0','2b367999-f19d-fe14-6070-59cb341bc950','1','0',1509328374,1509328074,1509328374),(79,'c8245df7-10ee-391b-5486-6f97f6027744','66c47e41-4478-3739-3fd0-05ac2799e317','c3a9548d-832d-57f2-fdd9-18f9dc397fb5','1','57818010-8294-465f-7c52-1778ad775f24','0','0',1509328940,1509328640,1509328640),(80,'76a6c2d4-919d-d803-fa09-ee6bbdfbae55','0b1c190d-40db-973e-0483-2dfd8b8d8940','c3a9548d-832d-57f2-fdd9-18f9dc397fb5','0','2b367999-f19d-fe14-6070-59cb341bc950','1','0',1509329114,1509328814,1509329114),(81,'fa52e7e5-b421-acc3-9615-2c3410e4101e','fe9d169a-9c5d-5d22-b85d-2fa07f67c029','b9d25df4-8e9e-f917-f559-4872db0b9ea6','0','2b367999-f19d-fe14-6070-59cb341bc950','1','0',1509329319,1509329019,1509336821),(82,'576de7d0-81fa-61fb-6903-afef9a59cf0b','8c1dc08c-ab81-c21a-a8fb-3a9b0c1cb1c1','b9d25df4-8e9e-f917-f559-4872db0b9ea6','0','2b367999-f19d-fe14-6070-59cb341bc950','1','0',1509330948,1509330648,1509336816),(83,'e8cc5a6b-926d-a2a5-30ba-f2144934236b','cf65b822-393c-55a4-22f0-7802b22f20a1','b9d25df4-8e9e-f917-f559-4872db0b9ea6','0','2b367999-f19d-fe14-6070-59cb341bc950','1','0',1509331292,1509330992,1509336815),(84,'6276ca97-ca1e-b60c-74e1-e360c78ee3e7','3b92d10e-3546-5fee-2e8a-842f83701484','b9d25df4-8e9e-f917-f559-4872db0b9ea6','0','47804edb-3cd8-d788-6234-bb4b7ef83482','1','0',1509331884,1509331584,1509331584),(85,'52abb542-0377-6819-6887-d54c5e266adf','66c47e41-4478-3739-3fd0-05ac2799e317','b9d25df4-8e9e-f917-f559-4872db0b9ea6','0','57818010-8294-465f-7c52-1778ad775f24','1','0',1509335294,1509334994,1509334994),(86,'7daff58b-140d-a6fc-0dc9-335a474b98d9','2689efea-ce6e-d0f3-1e77-6224d3d93426','b9d25df4-8e9e-f917-f559-4872db0b9ea6','0','47804edb-3cd8-d788-6234-bb4b7ef83482','1','0',1509342677,1509342377,1509342677),(87,'cff6f152-d3d2-8dbb-4dcd-1d0806c09886','026a7c4d-8304-0b99-a782-f080bc2b95d3','b9d25df4-8e9e-f917-f559-4872db0b9ea6','0','57818010-8294-465f-7c52-1778ad775f24','1','0',1509343062,1509342762,1509343062),(88,'844f4168-4cf0-1c5b-58fa-1590ad8b7c17','0b1c190d-40db-973e-0483-2dfd8b8d8940','0a9064ba-711f-5049-9300-c0cc88e1edf7','0','2b367999-f19d-fe14-6070-59cb341bc950','1','0',1509345365,1509345065,1509345365),(89,'7db763d1-3d04-bace-1861-321e8e4f2905','8c1dc08c-ab81-c21a-a8fb-3a9b0c1cb1c1','0a9064ba-711f-5049-9300-c0cc88e1edf7','1','2b367999-f19d-fe14-6070-59cb341bc950','0','0',1509347373,1509347073,1509347073),(90,'d9588e9a-dbfe-a00b-524f-0aa01f99e539','cf65b822-393c-55a4-22f0-7802b22f20a1','0a9064ba-711f-5049-9300-c0cc88e1edf7','1','2b367999-f19d-fe14-6070-59cb341bc950','0','0',1509348033,1509347733,1509347733),(91,'808a0efe-d4f9-cdeb-0546-d94e14744761','fe9d169a-9c5d-5d22-b85d-2fa07f67c029','0a9064ba-711f-5049-9300-c0cc88e1edf7','1','2b367999-f19d-fe14-6070-59cb341bc950','0','0',1509348136,1509347836,1509347836),(92,'245c397d-2d91-1f22-e513-9d0401ff763a','746cabe0-e8b0-28ed-6dae-8ccfc46ed786','c3a9548d-832d-57f2-fdd9-18f9dc397fb5','0','48e7eb69-8b48-3ca2-e575-836db28c5256','1','0',1509349793,1509349313,1509349793),(93,'1cbf48d0-cc8f-cc4a-46ed-e27f65a20270','e644ba4a-6de0-861b-6750-729dfaf71947','3e0b1448-7562-48cc-f885-3986a3bee7fa','0','9b047d08-5096-6a4e-2603-7629673c3bf2','1','0',1509362608,1509351808,1509362608),(94,'b40d2bb1-f8d5-7fa6-da35-eb7289d59657','60975bc2-94cc-0444-d70e-05e43da39506','3e0b1448-7562-48cc-f885-3986a3bee7fa','1','728162a2-06b2-0053-7c30-d0a7e1350d7c','1','0',1509357226,1509351826,1509588150),(95,'25be867f-0c1e-e4a9-03b2-0f0f2d7a8689','519b9869-1f3a-eb2a-4373-8eed01383c9c','b9d25df4-8e9e-f917-f559-4872db0b9ea6','0','b882428e-e2c9-5cd2-10d3-6842a67daf0b','1','0',1509415474,1509415174,1509415474),(96,'3a9e9ea7-8d05-d1a3-0a34-bc637f7beab7','cf593dd7-e4fd-0482-56b2-6608c29e91fd','0f584f9c-befb-a17e-b205-765cd7efde33','1','98272263-0337-dc22-1e8f-f14951683dbd','0','0',1509415879,1509415579,1509415579),(97,'d264c4eb-d910-8175-1696-a337ed6066d0','433c4bf3-04d4-380d-87f7-2cc0bd174e80','b9d25df4-8e9e-f917-f559-4872db0b9ea6','1','98272263-0337-dc22-1e8f-f14951683dbd','1','0',1509416446,1509416206,1509421568),(98,'18e4829e-7ee0-f9a7-ea3d-dfd42a0f5dc5','633b6005-6e2d-75ea-c823-d96ca3fe5745','0a9064ba-711f-5049-9300-c0cc88e1edf7','1','185b6957-3732-3ca0-3b96-8fd9a7295363','0','0',1509417843,1509417720,1509417720),(99,'82b79c86-0a80-2a2d-be1c-5e2f40dabe35','81cbab00-e2b5-74ed-19fd-1efadaef714f','c3a9548d-832d-57f2-fdd9-18f9dc397fb5','1','323c8ea3-1955-566d-d8a8-e17839bf61e0','1','0',1509418279,1509417979,1509419751),(100,'16438021-661c-f52c-973d-e5f7f616d557','433c4bf3-04d4-380d-87f7-2cc0bd174e80','c3a9548d-832d-57f2-fdd9-18f9dc397fb5','1','98272263-0337-dc22-1e8f-f14951683dbd','0','0',1509418764,1509418524,1509418524),(101,'a0343410-0617-ea24-7040-d3ed40ab57a8','e2f5428a-d2f5-a846-ab17-55538157e24c','c3a9548d-832d-57f2-fdd9-18f9dc397fb5','1','323c8ea3-1955-566d-d8a8-e17839bf61e0','1','0',1509420069,1509419769,1509420322),(102,'c74274e9-427b-1b0f-d2d0-8a3910d91230','6f1929c6-afcb-4a5f-559c-99a76d921df8','b9d25df4-8e9e-f917-f559-4872db0b9ea6','0','b882428e-e2c9-5cd2-10d3-6842a67daf0b','1','0',1509420590,1509420290,1509420590),(103,'0ecb5758-fa46-8ce2-071c-3626d0f77c94','0e1e899d-5e1d-ae83-b09a-cac81a6ab676','c3a9548d-832d-57f2-fdd9-18f9dc397fb5','1','323c8ea3-1955-566d-d8a8-e17839bf61e0','0','0',1509420638,1509420338,1509420338),(104,'79acb0fb-067c-a3e3-2f94-c4124e27f903','44d248b1-d2a2-9ef7-f8b6-9e2a45ab40e3','b9d25df4-8e9e-f917-f559-4872db0b9ea6','1','98272263-0337-dc22-1e8f-f14951683dbd','1','0',1509421880,1509421580,1509422065),(105,'2f18a4a0-5bf9-9b87-a1b3-020145a0117f','d3cd8f4c-d328-f4c5-b091-6b6f76e6b3a7','16e1481c-86e7-b9a5-e707-a1b2cdf766c3','1','b0b25ecb-bc0b-69e8-3fe8-d8e616b5c8ea','0','0',1509422218,1509421918,1509421918),(106,'8d941cb2-a06e-491f-7d12-6ed14410edc9','cc02f114-fc9d-0138-fca0-bd77c5c4ec0a','b9d25df4-8e9e-f917-f559-4872db0b9ea6','1','98272263-0337-dc22-1e8f-f14951683dbd','0','0',1509422390,1509422090,1509422090),(107,'714d0f55-9d4d-0011-2872-b3470b5ce91d','7b9a909c-4b66-42f5-6d6f-5d31a3fdbac8','c3a9548d-832d-57f2-fdd9-18f9dc397fb5','1','b9d5b618-4349-af90-4151-567715d9639c','1','1',1509430896,1509430596,1509430747),(108,'e24d847c-1ebf-6cde-b7e0-1115739a1aad','cbd72e5a-70b9-6f50-70dd-5106c30c69cc','b9d25df4-8e9e-f917-f559-4872db0b9ea6','0','6a7a3466-99be-d490-393b-862199fff6a4','1','0',1509434601,1509431001,1509434601),(109,'932308c5-da37-ecbe-953f-963c1e4daf52','6133d4c5-947e-98d5-9ec7-7a4b99085a57','3e0b1448-7562-48cc-f885-3986a3bee7fa','1','3f5159cb-9ca7-ab7d-b1a5-08011b3ac4b4','0','0',1509436702,1509433102,1509433102),(110,'9650928a-1e2a-767c-5ab7-d47bb5861d74','6133d4c5-947e-98d5-9ec7-7a4b99085a57','0f584f9c-befb-a17e-b205-765cd7efde33','1','3f5159cb-9ca7-ab7d-b1a5-08011b3ac4b4','0','0',1509437003,1509433403,1509433403),(111,'1c8441a5-7bf1-d406-775e-c9f625122fb6','aa498f6d-b36e-ece1-2fd6-fd0c13a58e45','0a9064ba-711f-5049-9300-c0cc88e1edf7','0','0fc1011e-9baf-0360-4c27-6489c2740589','1','0',1509435063,1509434763,1509435063),(112,'3e3076d8-3bbd-d255-6e6a-1c7b41be746d','7fafe2e7-62b7-ca49-0e5f-9db4222ee421','b9d25df4-8e9e-f917-f559-4872db0b9ea6','0','47804edb-3cd8-d788-6234-bb4b7ef83482','1','0',1509437068,1509436768,1509436778),(113,'3ba12a54-ad54-4285-9634-eae46bd7de90','0b1c190d-40db-973e-0483-2dfd8b8d8940','3e0b1448-7562-48cc-f885-3986a3bee7fa','0','2b367999-f19d-fe14-6070-59cb341bc950','1','0',1509500316,1509500016,1509500316),(114,'5d5df951-719f-ff7a-4407-5da719fb7a1a','0b1c190d-40db-973e-0483-2dfd8b8d8940','16e1481c-86e7-b9a5-e707-a1b2cdf766c3','1','2b367999-f19d-fe14-6070-59cb341bc950','0','0',1509507840,1509507540,1509507540),(115,'08af6d92-a88b-b032-e631-bac3c9427f57','3b92d10e-3546-5fee-2e8a-842f83701484','16e1481c-86e7-b9a5-e707-a1b2cdf766c3','0','47804edb-3cd8-d788-6234-bb4b7ef83482','1','0',1509508200,1509507900,1509508201),(116,'176ea07c-24cf-94e7-e995-5d0dde36393c','66c47e41-4478-3739-3fd0-05ac2799e317','16e1481c-86e7-b9a5-e707-a1b2cdf766c3','1','57818010-8294-465f-7c52-1778ad775f24','0','0',1509508216,1509507916,1509507916),(117,'adad5b22-31ec-e0a3-7cbf-f99a098f0f48','fe9d169a-9c5d-5d22-b85d-2fa07f67c029','c3a9548d-832d-57f2-fdd9-18f9dc397fb5','0','2b367999-f19d-fe14-6070-59cb341bc950','1','0',1509508695,1509508395,1509508696),(118,'462b3232-fd3d-c6e0-7dc5-f2806b9985c5','2689efea-ce6e-d0f3-1e77-6224d3d93426','16e1481c-86e7-b9a5-e707-a1b2cdf766c3','0','47804edb-3cd8-d788-6234-bb4b7ef83482','1','0',1509512455,1509512155,1509512455),(119,'ea080e5f-27eb-44ff-0571-c30198dd888a','4f93cc44-8b0c-74b5-871d-549fac8c2407','3e0b1448-7562-48cc-f885-3986a3bee7fa','1','1c0e7e6b-ab03-6fe3-5304-594258140f0e','0','0',1509516066,1509515766,1509515766),(120,'ee2d0d93-6022-229e-d387-3ff7f0339871','14043c7f-ae32-3ab6-fb63-d3498b681e94','b9d25df4-8e9e-f917-f559-4872db0b9ea6','1','9b047d08-5096-6a4e-2603-7629673c3bf2','0','0',1509519447,1509517647,1509517647),(121,'40e3d1cf-83cc-4ac9-a4a1-0e5940cf2da3','4f93cc44-8b0c-74b5-871d-549fac8c2407','0a9064ba-711f-5049-9300-c0cc88e1edf7','1','1c0e7e6b-ab03-6fe3-5304-594258140f0e','1','0',1509518683,1509518383,1509518383),(122,'00d31815-a929-aaa2-7c72-e7d3c81161de','7d65625f-7e8d-7918-2e98-519833086317','0a9064ba-711f-5049-9300-c0cc88e1edf7','1','1c0e7e6b-ab03-6fe3-5304-594258140f0e','0','0',1509518956,1509518656,1509518656),(123,'ecc32a3e-b757-fc79-236e-e0e6d6d2554f','7b9a909c-4b66-42f5-6d6f-5d31a3fdbac8','3e0b1448-7562-48cc-f885-3986a3bee7fa','1','b9d5b618-4349-af90-4151-567715d9639c','0','0',1509519453,1509519153,1509519153),(124,'1797e374-5ea1-bc8a-0925-e4adf6f4c9cc','d3cd8f4c-d328-f4c5-b091-6b6f76e6b3a7','3e0b1448-7562-48cc-f885-3986a3bee7fa','1','b0b25ecb-bc0b-69e8-3fe8-d8e616b5c8ea','0','0',1509522205,1509521905,1509521905),(125,'1b1fc861-7ea3-4c74-a1bf-95b45147bb37','1b618d9c-9627-081b-15b5-0a07a5325c80','3e0b1448-7562-48cc-f885-3986a3bee7fa','0','80e0efd0-7232-cd54-72fd-57b6811cb81f','1','0',1509678080,1509588020,1509678080),(126,'7882d30a-1eb3-8246-5ed8-bf94dc0caf84','013b34fc-b394-0ffe-0227-7ec54c5478d5','3e0b1448-7562-48cc-f885-3986a3bee7fa','1','728162a2-06b2-0053-7c30-d0a7e1350d7c','1','1',1509595367,1509588167,1509588402),(127,'27d69c57-d83f-4642-4487-ac5d6bd8eb4f','17954399-c74e-383a-9aec-e94c0091f6b6','3e0b1448-7562-48cc-f885-3986a3bee7fa','1','728162a2-06b2-0053-7c30-d0a7e1350d7c','0','0',1509591415,1509588415,1509588415),(128,'83078b0e-b52b-d76a-bdcf-a234ecfb8f2f','aa498f6d-b36e-ece1-2fd6-fd0c13a58e45','c3a9548d-832d-57f2-fdd9-18f9dc397fb5','1','0fc1011e-9baf-0360-4c27-6489c2740589','0','0',1509589336,1509589036,1509589036),(129,'d6d666ca-fb00-be58-9628-cec9c1c7ecaa','f231e480-77a6-737e-1ce2-ec1eb76f633d','bf670625-f384-b056-fab9-4c3f45314aa2','0','67342c86-f436-a536-0be6-4e99b43eb66a','1','0',1509808131,1509807531,1509808131),(130,'e2014575-97a2-9ec3-01c9-c49dbc543176','fe9d169a-9c5d-5d22-b85d-2fa07f67c029','3e0b1448-7562-48cc-f885-3986a3bee7fa','0','2b367999-f19d-fe14-6070-59cb341bc950','1','0',1509937910,1509937610,1509937910),(131,'7a8c7862-fba9-d3c9-0ee6-0ecbac4d7888','8b47815b-0f9c-0811-3a6a-accc9e4acdbd','3e0b1448-7562-48cc-f885-3986a3bee7fa','0','6a7a3466-99be-d490-393b-862199fff6a4','1','0',1509943325,1509937925,1509943325),(132,'22cc0866-6ecd-15b2-1150-f055fd2bfd04','8c1dc08c-ab81-c21a-a8fb-3a9b0c1cb1c1','c3a9548d-832d-57f2-fdd9-18f9dc397fb5','0','2b367999-f19d-fe14-6070-59cb341bc950','1','0',1509940943,1509940643,1509940943),(133,'dfb198f0-a377-034b-cc11-4dbcc8473658','98e06976-1bcf-f0b8-e15a-40fa5608ec06','3e0b1448-7562-48cc-f885-3986a3bee7fa','0','6a7a3466-99be-d490-393b-862199fff6a4','1','0',1509950859,1509947259,1509950859),(134,'e5a22d6e-6672-d36b-d427-da210c34b141','84b4837c-160a-f5f9-a062-7e34437755c1','c3a9548d-832d-57f2-fdd9-18f9dc397fb5','0','b882428e-e2c9-5cd2-10d3-6842a67daf0b','1','0',1509947780,1509947600,1509947780),(135,'ab800116-adb6-fd0a-dd62-21e505b11c6b','cf65b822-393c-55a4-22f0-7802b22f20a1','c3a9548d-832d-57f2-fdd9-18f9dc397fb5','0','2b367999-f19d-fe14-6070-59cb341bc950','1','0',1509948050,1509947750,1509948050),(136,'ec70dce3-9e58-a784-5c37-ce79857d1ca1','5583ed7c-0e88-920c-915f-30fbefb00246','c3a9548d-832d-57f2-fdd9-18f9dc397fb5','0','c8b749ba-86bf-deaa-82a4-59dc7db14975','1','0',1510039580,1509948320,1509950634),(137,'ec7d8058-7198-4eb1-5c66-514e7035f60d','9640b6ff-ce79-e0e1-8d29-1a1b66135e36','c3a9548d-832d-57f2-fdd9-18f9dc397fb5','0','c8b749ba-86bf-deaa-82a4-59dc7db14975','1','0',1510078035,1509950775,1509951606),(138,'fed595f1-63c7-0cc3-6e9b-1581f15cdbb8','58ffae94-60b3-17ab-c02a-6a9d89c55e97','c3a9548d-832d-57f2-fdd9-18f9dc397fb5','0','d400d687-795f-e3eb-caa4-e3401f4bc348','1','0',1509952024,1509951724,1509951767),(139,'5b14cbdc-8a00-75e0-e649-a4bf73184017','8516d0ed-8dd8-9899-aa5d-662e5142ce3f','b9d25df4-8e9e-f917-f559-4872db0b9ea6','0','57818010-8294-465f-7c52-1778ad775f24','1','0',1510035719,1510035419,1510035719),(140,'653ca77d-87f2-cdd2-cd4d-04a51aa9df4f','5df33d44-89fe-881e-5365-858f0c1b1e2f','3e0b1448-7562-48cc-f885-3986a3bee7fa','0','b9819e90-164e-4728-1729-0a2683d27359','1','0',1510113420,1510109820,1510113420);

#
# Structure for table "qxd_transactions"
#

DROP TABLE IF EXISTS `qxd_transactions`;
CREATE TABLE `qxd_transactions` (
  `Id` int(11) NOT NULL AUTO_INCREMENT,
  `user_id` int(11) unsigned NOT NULL DEFAULT '0' COMMENT '外键，用户ID',
  `amount` decimal(10,2) unsigned NOT NULL DEFAULT '0.00' COMMENT '交易金额',
  `type` enum('0','1') NOT NULL DEFAULT '0' COMMENT '0 支出 1 收入',
  `order_no` varchar(127) NOT NULL DEFAULT '' COMMENT '订单号',
  `remark` varchar(255) NOT NULL DEFAULT '' COMMENT '备注',
  `create_time` int(11) unsigned NOT NULL DEFAULT '0' COMMENT '交易时间',
  PRIMARY KEY (`Id`),
  KEY `user_id` (`user_id`,`type`,`order_no`)
) ENGINE=InnoDB DEFAULT CHARSET=utf8 COMMENT='交易记录表';

#
# Data for table "qxd_transactions"
#


#
# Structure for table "qxd_user"
#

DROP TABLE IF EXISTS `qxd_user`;
CREATE TABLE `qxd_user` (
  `p_id` int(11) unsigned NOT NULL AUTO_INCREMENT,
  `id` char(36) NOT NULL DEFAULT '' COMMENT 'UUID',
  `number` char(8) NOT NULL DEFAULT '0' COMMENT '会员编号(外部ID)',
  `username` varchar(60) NOT NULL DEFAULT '' COMMENT '账户名',
  `password` varchar(64) NOT NULL DEFAULT '' COMMENT '登录密码;password_hash加密',
  `status` enum('0','1') NOT NULL DEFAULT '1' COMMENT '用户状态;0:禁用,1:正常',
  `reg_ip` char(15) NOT NULL DEFAULT '' COMMENT '注册IP',
  `create_time` int(11) NOT NULL DEFAULT '0' COMMENT '注册时间',
  `update_time` int(11) unsigned NOT NULL DEFAULT '0' COMMENT '更新时间',
  `last_login_ip` char(15) NOT NULL DEFAULT '' COMMENT '最后登录IP',
  `last_login_time` int(11) unsigned NOT NULL DEFAULT '0' COMMENT '最后登录时间',
  PRIMARY KEY (`p_id`),
  UNIQUE KEY `id` (`id`),
  KEY `number` (`number`)
) ENGINE=InnoDB AUTO_INCREMENT=33 DEFAULT CHARSET=utf8 COMMENT='用户表';

#
# Data for table "qxd_user"
#

INSERT INTO `qxd_user` VALUES (1,'026d27a6-eb7e-2688-a6e4-2f3199fce4ef','64134350','','','1','223.104.24.38',1507025700,1509023242,'223.104.3.174',1509023242),(2,'0a9064ba-711f-5049-9300-c0cc88e1edf7','68662449','','','1','127.0.0.1',1502682504,1510199409,'116.7.218.86',1510199409),(3,'0f584f9c-befb-a17e-b205-765cd7efde33','89288325','','','1','113.108.11.52',1505369075,1510112182,'113.96.219.250',1510112182),(4,'13225a3e-f16a-ebb0-450d-3a0a00ade5ca','10483929','','','1','116.7.219.103',1503302290,1510044157,'116.7.218.86',1510044157),(5,'16e1481c-86e7-b9a5-e707-a1b2cdf766c3','13854363','','','1','116.7.219.103',1503302234,1510120632,'116.7.218.86',1510120632),(6,'2f16d4fb-5378-6749-b27d-e802bd689bfb','95877916','','','1','183.16.189.10',1508218890,1508751978,'183.16.191.203',1508751978),(7,'3ca03517-fc7f-d67c-45c3-5ce84f58d92d','83185897','','','1','117.136.79.97',1506228362,1506228363,'117.136.79.97',1506228363),(8,'3e0b1448-7562-48cc-f885-3986a3bee7fa','48871847','','','1','14.17.37.43',1503301201,1510047270,'116.7.218.86',1510047270),(9,'499d7c58-08b3-45e6-1a12-ab99c53f596b','84996925','','','1','124.239.138.2',1503640289,1509630155,'106.114.176.150',1509630155),(10,'4f1f968b-5fe1-82bc-4867-b55bd669ed20','65130947','','','1','14.17.44.216',1508720342,1510138947,'117.136.40.224',1510138947),(11,'501969d6-b26d-bb2d-29e3-5264a923def9','59121296','','','1','14.17.37.144',1505285271,1508739377,'14.17.37.69',1508739377),(12,'5ebb9e8c-78ee-ffcc-1212-66411a91bf23','24196035','','','1','125.39.57.38',1509023241,1509023241,'125.39.57.38',1509023241),(13,'723885d5-28ac-a37f-45cb-938ae707208a','86335450','','','1','14.116.36.68',1506320046,1506320046,'14.116.36.68',1506320046),(14,'764901cb-a00b-78a2-4a67-523552c88a5f','95894790','','','1','183.61.51.179',1506604287,1506604287,'183.61.51.179',1506604287),(15,'7ec7e7e8-bd19-b84d-c352-884c434e9452','19951626','','','1','117.136.39.83',1506585342,1506585342,'117.136.39.83',1506585342),(16,'86966993-d3e4-e722-223d-bf16fc2e8421','53370684','','','1','127.0.0.1',1502782975,1510127422,'117.136.79.100',1510127422),(17,'8b172a9d-bcc6-002d-024f-f7842f3d4b87','59679145','','','1','183.61.38.55',1506608545,1510127580,'183.3.226.234',1510127580),(18,'9175a40c-31f2-bbec-2134-27935378cf65','36598853','','','1','116.7.218.207',1506049638,1506049639,'116.7.218.207',1506049639),(19,'99ae361d-552d-eae5-f419-5d1105cf8434','42854690','','','1','14.17.11.196',1508997928,1508997928,'14.17.11.196',1508997928),(20,'a4e6de38-15c9-9199-f139-68f8d3571899','19706331','','','1','113.140.110.240',1505379783,1505379783,'113.140.110.240',1505379783),(21,'a9870c27-b006-c7b4-8d1f-f1c651b6a8fb','87148873','','','1','14.17.37.72',1504584951,1509638290,'113.96.218.50',1509638290),(22,'aab70efb-92e5-7f6c-423f-e3d4e4f5ac83','83961921','','','1','116.7.217.232',1505195124,1505195124,'116.7.217.232',1505195124),(23,'b49431dc-5f76-2813-547d-198ff2e6e3a8','92883173','','','1','222.35.68.197',1506178625,1506178625,'222.35.68.197',1506178625),(24,'b9d25df4-8e9e-f917-f559-4872db0b9ea6','30075710','','','1','116.7.218.10',1504259239,1510196395,'116.7.218.86',1510196395),(25,'bf670625-f384-b056-fab9-4c3f45314aa2','74392048','','','1','183.61.52.71',1504853401,1509807411,'183.3.227.102',1509807411),(26,'c22311b4-4651-d39e-3c7c-22a69261310d','80797850','','','1','119.137.112.56',1506525699,1510028544,'113.96.219.243',1510028544),(27,'c3a9548d-832d-57f2-fdd9-18f9dc397fb5','30170075','','','1','14.17.37.43',1505187294,1510048190,'14.116.133.169',1510048190),(28,'cb2395b7-7660-7134-85c9-612d4f4c74b5','62559261','','','1','14.17.37.72',1503302250,1510107761,'113.96.219.249',1510107761),(29,'ed59c117-8a4c-9d88-adcf-840a97de634a','61702270','','','1','112.97.54.183',1508833043,1508833089,'112.97.54.183',1508833089),(30,'1a46a22c-b516-e250-e6e5-ca5ff2a33565','22047904','','','1','113.96.219.247',1509625519,1509625519,'113.96.219.247',1509625519);

#
# Structure for table "qxd_user_info"
#

DROP TABLE IF EXISTS `qxd_user_info`;
CREATE TABLE `qxd_user_info` (
  `id` int(11) NOT NULL AUTO_INCREMENT,
  `user_id` char(36) NOT NULL DEFAULT '0' COMMENT '外键，用户UUID',
  `sex` enum('0','1','2') NOT NULL DEFAULT '0' COMMENT '性别;0:保密,1:男,2:女',
  `nickname` varchar(50) NOT NULL DEFAULT '' COMMENT '用户昵称',
  `char_index` char(1) NOT NULL DEFAULT '' COMMENT 'nickname拼音首字母索引',
  `avatar` varchar(255) NOT NULL DEFAULT '' COMMENT '用户头像',
  `from` enum('0','1','2') NOT NULL DEFAULT '0' COMMENT '0 本地图片相对地址 1 完整图片uri  2 OSS图片',
  `signature` varchar(255) NOT NULL DEFAULT '' COMMENT '个性签名',
  `email` varchar(100) NOT NULL DEFAULT '' COMMENT '邮箱',
  `unionid` char(32) NOT NULL DEFAULT '' COMMENT '用户统一标识',
  `openid` char(32) NOT NULL DEFAULT '' COMMENT '用户的标识',
  `create_time` int(11) NOT NULL DEFAULT '0' COMMENT '创建时间',
  `update_time` int(11) NOT NULL DEFAULT '0' COMMENT '更新时间',
  PRIMARY KEY (`id`),
  KEY `user_id` (`user_id`,`nickname`,`unionid`) USING BTREE
) ENGINE=InnoDB AUTO_INCREMENT=33 DEFAULT CHARSET=utf8 ROW_FORMAT=COMPACT COMMENT='用户信息表';

#
# Data for table "qxd_user_info"
#

INSERT INTO `qxd_user_info` VALUES (1,'0a9064ba-711f-5049-9300-c0cc88e1edf7','1','方脑壳','F','http://qxd-test.oss-cn-beijing.aliyuncs.com/user-dir/SnLH3aBPWundefined50qskcWCSkQiJ2rae3kyiK.png','1','132','','o2d00xFpaFdhyl0Itf29kmvK78Jg','ow9BAw33SatfPEFsZtW5PR1Lvofw',1502682504,1510199371),(2,'86966993-d3e4-e722-223d-bf16fc2e8421','1','暖象','N','images/201708151542555992a5ff4ebd2.jpg','0','','','o2d00xH6LHyDA3r1o1ASqzoXhBC0','ow9BAw1VWoxItNT4jw9ROeiK5g6U',1502782975,1502782975),(3,'3e0b1448-7562-48cc-f885-3986a3bee7fa','2','z','Z','http://qxd-test.oss-cn-beijing.aliyuncs.com/user-dir/XnXeSgH3cWaffEQwD6Dkrv9X5ybh5K9B.png','1','你猜你猜你猜','','o2d00xD9Yg7qj4qMeKYysRiZiIKE','o994OwnZud1Bpg6D0p8sfMOr8WbA',1503301201,1509615285),(4,'16e1481c-86e7-b9a5-e707-a1b2cdf766c3','1','悟空','W','http://qxd-test.oss-cn-beijing.aliyuncs.com/user-dir/ynHundefinedSsQCmfxiLPundefined7BTH3Rjfi6mFa0m2K.png','1','呵呵哈哈哈','','o2d00xFC-IZSyOeVLqlm1n4YVV-4','o994OwpKJM2IzXE2lbnHq-3wOKlI',1503302234,1508991523),(5,'cb2395b7-7660-7134-85c9-612d4f4c74b5','1','風早君','F','http://qxd-test.oss-cn-beijing.aliyuncs.com/user-dir/undefinedzrfhewKsfQD7W8LgseQK810qLW1Hutg.png','1','hsgsvx','','o2d00xK2N-EjAf9uZ3V_NFdqTWac','o994OwvGngl474czowA0NK1-W-yI',1503302250,1505298244),(6,'13225a3e-f16a-ebb0-450d-3a0a00ade5ca','2','邹烨','Z','images/20170821155810599a9292eebce.jpg','0','','','o2d00xI436iyXJ6JfaXBHWh9nYKQ','o994OwtVIxStaAbAhClbRi3Ncg40',1503302290,1503302290),(7,'499d7c58-08b3-45e6-1a12-ab99c53f596b','1','顺','S','http://qxd-test.oss-cn-beijing.aliyuncs.com/user-dir/VsmrR1V948B8c2WwuybTdJundefinedsundefined3Y1rXkw.png','1','我','','o2d00xP3sn2uwzqoAq0jjHQIYEUc','o994OwiLENsn6oroA1x8Vn-AMQYw',1503640289,1505728404),(8,'b9d25df4-8e9e-f917-f559-4872db0b9ea6','1','改个名字真难','G','http://qxd-test.oss-cn-beijing.aliyuncs.com/user-dir/EqutTxrRzqcPFeXsvpramRGpQcBGbbSE.png','1','大家快乐就是我想到','','o2d00xPNE_YPCeQMsL6-bd2PcZSk','o994OwsQS_TTvMaDROe18zeGxZo4',1504259239,1506046738),(9,'a9870c27-b006-c7b4-8d1f-f1c651b6a8fb','1','老张','L','images/2017090512155259ae24f809fe8.jpg','0','','','o2d00xEHkFAO9zLZAE8bW2zuP2Tg','o994Owhfp3jqN890x07a0krbe9zw',1504584951,1504584952),(10,'bf670625-f384-b056-fab9-4c3f45314aa2','1','张树超','Z','http://qxd-test.oss-cn-beijing.aliyuncs.com/user-dir/JdC8qTzVHcaGe9qySy4US6b3BUF2BP6h.png','1','','','o2d00xN3uajky16K4CBxIu_hADHk','o994OwmDbOp7NOGMTkA-voY8ICtc',1504853401,1508159178),(11,'c3a9548d-832d-57f2-fdd9-18f9dc397fb5','1','神的孩子','S','http://qxd-test.oss-cn-beijing.aliyuncs.com/user-dir/FXUD6B5fwG4H4wF5Uy6fundefinedg31undefinedJ1nF4F3.png','1','这个人超懒','','o2d00xP6PdeibvdWKP5qqLsXnH3M','o994Owma2ByV6wOR0YUKwGfhA7kE',1505187294,1510137535),(12,'aab70efb-92e5-7f6c-423f-e3d4e4f5ac83','0','这是一个小号','Z','','0','','','o2d00xJzaKVn4j3Wyw9nSO1rLAlY','o994OwkSvxCJTTHMPAwWyV8h9JMc',1505195124,1505195124),(13,'501969d6-b26d-bb2d-29e3-5264a923def9','0','暖象科技行政号','N','http://qxd-test.oss-cn-beijing.aliyuncs.com/user-dir/CHvn7gundefinedqt5mdSxaWDXLFKRdkcRXmVw9b.png','1','','','o2d00xESnAsx1zofrtgGJbeHDllA','o994Owujr7QIOyKivj2zvdbY94Vg',1505285271,1508587534),(14,'0f584f9c-befb-a17e-b205-765cd7efde33','0','暖象科技产品汪','N','http://qxd-test.oss-cn-beijing.aliyuncs.com/user-dir/3R8GWj51gV54aXhkdtcYbiymf2TQaUsY.png','1','空军建军节66','','o2d00xPSr3fx0PY8wgds1bpPZ_Rk','o994OwnQEdgCBmCs6qEmdKZYLuZE',1505369075,1505375749),(15,'a4e6de38-15c9-9199-f139-68f8d3571899','1','小超','X','images/2017091417030359ba45c767af7.jpg','0','','','o2d00xFj59URhcqqzGdGq2AMGkvA','o994OwsdGMjyiWxAkmTdwMZznhm8',1505379783,1505379783),(16,'9175a40c-31f2-bbec-2134-27935378cf65','2','糖','T','http://auth.go-qxd.com/images/2017092211071959c47e67298d7.jpg','1','','','o2d00xFemGtzkez6jNUfMVJLDrP0','o994OwpqRrP0JsntIoswuzMkBXyA',1506049638,1506049668),(17,'b49431dc-5f76-2813-547d-198ff2e6e3a8','1','还没想好','H','images/2017092322570559c676416998a.jpg','0','','','o2d00xB_VKaJueeKgr3uKXFSn6RU','o994OwlDaAk-TnwWkGcjBZYDRH_U',1506178625,1506178625),(18,'3ca03517-fc7f-d67c-45c3-5ce84f58d92d','1','王康','W','images/2017092412460359c7388b55608.jpg','0','','','o2d00xCoVHvFvZQI-yWV3-_ZarfU','o994OwqyTQrHQfLUk6EbwUx_9oNw',1506228362,1506228363),(19,'723885d5-28ac-a37f-45cb-938ae707208a','1','Mel','M','images/2017092514140659c89eae7516f.jpg','0','','','o2d00xBEykATgHK98jf3BnuZYXe4','o994OwpX4J0X3HrqHEsWHDSr7Z00',1506320046,1506320046),(20,'c22311b4-4651-d39e-3c7c-22a69261310d','1','巴奇牙','B','images/2017092723213959cbc203dd597.jpg','0','','','o2d00xIeBnw8QhP0-hyDlP3tmeLU','o994OwmkEOHHlPQL2smvCeqlcMFA',1506525699,1506525699),(21,'7ec7e7e8-bd19-b84d-c352-884c434e9452','1','邱洪权','Q','images/2017092815554259ccaafe820b6.jpg','0','','','o2d00xAnYsuWXER8BgiWOIcvEK3Y','o994OwreYpOP6EgyGLezAXr-fCi4',1506585342,1506585342),(22,'764901cb-a00b-78a2-4a67-523552c88a5f','1','快乐至上','K','images/2017092821112759ccf4ff733bc.jpg','0','','','o2d00xAnQR4iCrsTarSfSjPF3xlg','o994OwjH0MBTs2V_ww_LIuEZLppA',1506604287,1506604287),(23,'8b172a9d-bcc6-002d-024f-f7842f3d4b87','2','谢中','','images/2017092822222659cd05a21801b.jpg','0','','','o2d00xNSmytMbw_3f1voyA2pJ1To','o994OwkOj6xxlYeZf-fpy9CjGvuE',1506608545,1506608546),(24,'026d27a6-eb7e-2688-a6e4-2f3199fce4ef','1','Jason','J','images/2017100318150159d363253de45.jpg','0','','','o2d00xIlRIpREBhhSvnSu43C9DJw','o994OwuajPQEICpm6CwTkG8U5XQc',1507025700,1507025701),(25,'2f16d4fb-5378-6749-b27d-e802bd689bfb','1','Eric','E','images/2017101713413059e5980a6d86b.jpg','0','','','o2d00xJxpOstwJcH1dnZnN6w7N1g','o994OwgfMCT3OeLIIrMGoEGi_l7k',1508218890,1508218890),(26,'4f1f968b-5fe1-82bc-4867-b55bd669ed20','1','大脸猫君','D','images/2017102308590259ed3ed67d4a1.jpg','0','','','o2d00xLerWH9SUEUaw4XVFn3JS88','o994OwtmTMm6_c7DZKX4EKgs0V0Y',1508720342,1508720342),(27,'ed59c117-8a4c-9d88-adcf-840a97de634a','1','Ali@青峰','A','images/2017102416172459eef71431223.jpg','0','','','o2d00xAkiDESDmGXZb_H0r3FLJH8','o994OwvBNExheqpQ2B1YmgNGVjjw',1508833043,1508833044),(28,'99ae361d-552d-eae5-f419-5d1105cf8434','1','风之冰棱～缪','F','images/2017102614052859f17b28702cc.jpg','0','','','o2d00xH7OIy_iRYauzkDJvVgcy4A','o994OwuQMfbnaQm8EFJEntCSZ8A8',1508997928,1508997928),(29,'5ebb9e8c-78ee-ffcc-1212-66411a91bf23','1','Luke','L','','0','','','o2d00xMahuWqCtS9RRxLZc60aFrk','o994OwqIvX6OmmIP7htlmk_OB1js',1509023241,1509023241),(30,'1a46a22c-b516-e250-e6e5-ca5ff2a33565','1','wt','W','http://auth.go-qxd.com/images/2017110220251959fb0eaf928bd.jpg','1','','','o2d00xPp6ykzJyPBuLPRYy9jDgwY','o994OwpAOaU9PR_ZAFV1um8U0EJM',1509625519,1509625545);

#
# Structure for table "qxd_user_property"
#

DROP TABLE IF EXISTS `qxd_user_property`;
CREATE TABLE `qxd_user_property` (
  `id` int(11) NOT NULL AUTO_INCREMENT,
  `user_id` char(36) NOT NULL DEFAULT '',
  `wallet` decimal(10,2) NOT NULL DEFAULT '0.00' COMMENT '钱包',
  `execution` int(11) NOT NULL DEFAULT '0' COMMENT '行动力',
  `create_time` int(11) NOT NULL DEFAULT '0',
  `update_time` int(11) NOT NULL DEFAULT '0',
  PRIMARY KEY (`id`),
  UNIQUE KEY `user_id` (`user_id`),
  KEY `wallet` (`wallet`,`execution`,`create_time`)
) ENGINE=InnoDB AUTO_INCREMENT=35 DEFAULT CHARSET=utf8 COMMENT='用户财产资源';

#
# Data for table "qxd_user_property"
#

INSERT INTO `qxd_user_property` VALUES (1,'a9870c27-b006-c7b4-8d1f-f1c651b6a8fb',1000.00,10,1504771110,1504771110),(2,'499d7c58-08b3-45e6-1a12-ab99c53f596b',995.00,5,1504771110,2147483647),(3,'0a9064ba-711f-5049-9300-c0cc88e1edf7',943.00,27,1504771110,2147483647),(4,'cb2395b7-7660-7134-85c9-612d4f4c74b5',972.00,7,1504771110,2147483647),(5,'86966993-d3e4-e722-223d-bf16fc2e8421',1000.00,0,1504771110,1504771110),(6,'3e0b1448-7562-48cc-f885-3986a3bee7fa',958.50,17,1504771110,2147483647),(7,'b9d25df4-8e9e-f917-f559-4872db0b9ea6',1149.30,48,1504771110,2147483647),(8,'16e1481c-86e7-b9a5-e707-a1b2cdf766c3',950.60,3,1504771110,2147483647),(9,'0f584f9c-befb-a17e-b205-765cd7efde33',742.60,0,1505369075,2147483647),(10,'13225a3e-f16a-ebb0-450d-3a0a00ade5ca',908.90,0,1505369075,2147483647),(11,'c3a9548d-832d-57f2-fdd9-18f9dc397fb5',1170.40,24,1505369075,2147483647),(12,'501969d6-b26d-bb2d-29e3-5264a923def9',969.00,0,1505369075,2147483647),(13,'bf670625-f384-b056-fab9-4c3f45314aa2',948.00,1,1505369075,2147483647),(14,'aab70efb-92e5-7f6c-423f-e3d4e4f5ac83',1000.00,0,1505369075,1505369075),(17,'a4e6de38-15c9-9199-f139-68f8d3571899',1000.00,0,1505379783,1505379783),(18,'9175a40c-31f2-bbec-2134-27935378cf65',1150.20,0,1506049638,2147483647),(19,'b49431dc-5f76-2813-547d-198ff2e6e3a8',1000.00,0,1506178625,1506178625),(20,'3ca03517-fc7f-d67c-45c3-5ce84f58d92d',1000.00,0,1506228363,1506228363),(21,'723885d5-28ac-a37f-45cb-938ae707208a',1000.00,0,1506320046,1506320046),(22,'c22311b4-4651-d39e-3c7c-22a69261310d',1000.00,0,1506525699,1506525699),(23,'7ec7e7e8-bd19-b84d-c352-884c434e9452',0.00,0,1506585342,1506585342),(24,'764901cb-a00b-78a2-4a67-523552c88a5f',0.00,0,1506604287,1506604287),(25,'8b172a9d-bcc6-002d-024f-f7842f3d4b87',0.00,0,1506608545,1506608545),(26,'026d27a6-eb7e-2688-a6e4-2f3199fce4ef',0.00,0,1507025700,1507025700),(27,'2f16d4fb-5378-6749-b27d-e802bd689bfb',0.00,0,1508218890,1508218890),(28,'4f1f968b-5fe1-82bc-4867-b55bd669ed20',0.00,0,1508720342,1508720342),(29,'ed59c117-8a4c-9d88-adcf-840a97de634a',0.00,0,1508833043,1508833043),(30,'99ae361d-552d-eae5-f419-5d1105cf8434',0.00,0,1508997928,1508997928),(31,'5ebb9e8c-78ee-ffcc-1212-66411a91bf23',0.00,0,1509023241,1509023241),(32,'1a46a22c-b516-e250-e6e5-ca5ff2a33565',0.00,0,1509625519,1509625519);

#
# Structure for table "qxd_user_wx"
#

DROP TABLE IF EXISTS `qxd_user_wx`;
CREATE TABLE `qxd_user_wx` (
  `Id` int(11) NOT NULL AUTO_INCREMENT,
  `user_id` char(36) NOT NULL DEFAULT '',
  `openid` char(32) NOT NULL DEFAULT '',
  `nickname` varchar(64) NOT NULL DEFAULT '',
  `sex` enum('0','1','2') NOT NULL DEFAULT '0',
  `province` varchar(32) NOT NULL DEFAULT '',
  `city` varchar(32) NOT NULL DEFAULT '',
  `country` varchar(16) NOT NULL DEFAULT '',
  `headimgurl` varchar(255) NOT NULL DEFAULT '',
  `privilege` varchar(255) NOT NULL DEFAULT '',
  `unionid` varchar(255) NOT NULL DEFAULT '',
  `create_time` int(11) NOT NULL DEFAULT '0',
  `update_time` int(11) NOT NULL DEFAULT '0',
  PRIMARY KEY (`Id`)
) ENGINE=InnoDB DEFAULT CHARSET=utf8 COMMENT='用户微信信息表';

#
# Data for table "qxd_user_wx"
#

